pop,arm,knob,value,FA,FS,UA,US
RQ3 pool,P-hat only,margin,0.0,3565,3,47,131
RQ3 pool,P-hat only,margin,10.0,3564,4,44,134
RQ3 pool,P-hat only,margin,20.0,3560,8,39,139
RQ3 pool,P-hat only,margin,30.0,3560,8,35,143
RQ3 pool,P-hat only,margin,40.0,3556,12,28,150
RQ3 pool,P-hat only,margin,50.0,3551,17,26,152
RQ3 pool,P-hat only,margin,60.0,3545,23,24,154
RQ3 pool,P-hat only,margin,70.0,3539,29,19,159
RQ3 pool,P-hat only,margin,80.0,3534,34,18,160
RQ3 pool,P-hat only,margin,90.0,3530,38,17,161
RQ3 pool,P-hat only,margin,100.0,3516,52,14,164
RQ3 pool,P-hat only,margin,110.0,3512,56,14,164
RQ3 pool,P-hat only,margin,120.0,3508,60,13,165
RQ3 pool,P-hat only,margin,130.0,3503,65,12,166
RQ3 pool,P-hat only,margin,140.0,3495,73,11,167
RQ3 pool,P-hat only,margin,150.0,3492,76,10,168
RQ3 pool,P-hat only,margin,160.0,3485,83,9,169
RQ3 pool,P-hat only,margin,170.0,3480,88,8,170
RQ3 pool,P-hat only,margin,180.0,3473,95,7,171
RQ3 pool,P-hat only,margin,190.0,3465,103,7,171
RQ3 pool,P-hat only,margin,200.0,3462,106,5,173
RQ3 pool,P-hat only,margin,210.0,3456,112,5,173
RQ3 pool,P-hat only,margin,220.0,3454,114,5,173
RQ3 pool,P-hat only,margin,230.0,3448,120,5,173
RQ3 pool,P-hat only,margin,240.0,3441,127,5,173
RQ3 pool,P-hat only,margin,250.0,3432,136,5,173
RQ3 pool,P-hat only,margin,260.0,3426,142,5,173
RQ3 pool,P-hat only,margin,270.0,3418,150,5,173
RQ3 pool,P-hat only,margin,280.0,3411,157,5,173
RQ3 pool,P-hat only,margin,290.0,3407,161,5,173
RQ3 pool,P-hat only,margin,300.0,3403,165,5,173
RQ3 pool,P-hat only,margin,310.0,3394,174,5,173
RQ3 pool,P-hat only,margin,320.0,3386,182,5,173
RQ3 pool,P-hat only,margin,330.0,3377,191,5,173
RQ3 pool,P-hat only,margin,340.0,3374,194,5,173
RQ3 pool,P-hat only,margin,350.0,3365,203,5,173
RQ3 pool,P-hat only,margin,360.0,3359,209,5,173
RQ3 pool,P-hat only,margin,370.0,3351,217,5,173
RQ3 pool,P-hat only,margin,380.0,3339,229,5,173
RQ3 pool,P-hat only,margin,390.0,3333,235,4,174
RQ3 pool,P-hat only,margin,400.0,3319,249,4,174
RQ3 pool,P-hat only,margin,410.0,3308,260,4,174
RQ3 pool,P-hat only,margin,420.0,3296,272,3,175
RQ3 pool,P-hat only,margin,430.0,3287,281,3,175
RQ3 pool,P-hat only,margin,440.0,3274,294,3,175
RQ3 pool,P-hat only,margin,450.0,3265,303,3,175
RQ3 pool,P-hat only,margin,460.0,3259,309,3,175
RQ3 pool,P-hat only,margin,470.0,3253,315,3,175
RQ3 pool,P-hat only,margin,480.0,3242,326,3,175
RQ3 pool,P-hat only,margin,490.0,3234,334,3,175
RQ3 pool,P-hat only,margin,500.0,3223,345,3,175
RQ3 pool,P-hat only,margin,510.0,3215,353,2,176
RQ3 pool,P-hat only,margin,520.0,3209,359,2,176
RQ3 pool,P-hat only,margin,530.0,3198,370,2,176
RQ3 pool,P-hat only,margin,540.0,3187,381,2,176
RQ3 pool,P-hat only,margin,550.0,3178,390,2,176
RQ3 pool,P-hat only,margin,560.0,3170,398,2,176
RQ3 pool,P-hat only,margin,570.0,3158,410,2,176
RQ3 pool,P-hat only,margin,580.0,3149,419,2,176
RQ3 pool,P-hat only,margin,590.0,3139,429,2,176
RQ3 pool,P-hat only,margin,600.0,3125,443,2,176
RQ3 pool,P-hat only,margin,610.0,3113,455,2,176
RQ3 pool,P-hat only,margin,620.0,3106,462,2,176
RQ3 pool,P-hat only,margin,630.0,3090,478,2,176
RQ3 pool,P-hat only,margin,640.0,3081,487,1,177
RQ3 pool,P-hat only,margin,650.0,3072,496,1,177
RQ3 pool,P-hat only,margin,660.0,3062,506,1,177
RQ3 pool,P-hat only,margin,670.0,3054,514,1,177
RQ3 pool,P-hat only,margin,680.0,3042,526,0,178
RQ3 pool,P-hat only,margin,690.0,3036,532,0,178
RQ3 pool,P-hat only,margin,700.0,3019,549,0,178
RQ3 pool,P-hat only,margin,710.0,3009,559,0,178
RQ3 pool,P-hat only,margin,720.0,3004,564,0,178
RQ3 pool,P-hat only,margin,730.0,2993,575,0,178
RQ3 pool,P-hat only,margin,740.0,2978,590,0,178
RQ3 pool,P-hat only,margin,750.0,2965,603,0,178
RQ3 pool,P-hat only,margin,760.0,2958,610,0,178
RQ3 pool,P-hat only,margin,770.0,2948,620,0,178
RQ3 pool,P-hat only,margin,780.0,2940,628,0,178
RQ3 pool,P-hat only,margin,790.0,2931,637,0,178
RQ3 pool,P-hat only,margin,800.0,2923,645,0,178
RQ3 pool,P-hat only,margin,810.0,2912,656,0,178
RQ3 pool,P-hat only,margin,820.0,2901,667,0,178
RQ3 pool,P-hat only,margin,830.0,2892,676,0,178
RQ3 pool,P-hat only,margin,840.0,2882,686,0,178
RQ3 pool,P-hat only,margin,850.0,2870,698,0,178
RQ3 pool,P-hat only,margin,860.0,2860,708,0,178
RQ3 pool,P-hat only,margin,870.0,2852,716,0,178
RQ3 pool,P-hat only,margin,880.0,2841,727,0,178
RQ3 pool,P-hat only,margin,890.0,2825,743,0,178
RQ3 pool,P-hat only,margin,900.0,2810,758,0,178
RQ3 pool,P-hat only,margin,910.0,2802,766,0,178
RQ3 pool,P-hat only,margin,920.0,2795,773,0,178
RQ3 pool,P-hat only,margin,930.0,2783,785,0,178
RQ3 pool,P-hat only,margin,940.0,2777,791,0,178
RQ3 pool,P-hat only,margin,950.0,2770,798,0,178
RQ3 pool,P-hat only,margin,960.0,2760,808,0,178
RQ3 pool,P-hat only,margin,970.0,2747,821,0,178
RQ3 pool,P-hat only,margin,980.0,2738,830,0,178
RQ3 pool,P-hat only,margin,990.0,2728,840,0,178
RQ3 pool,P-hat only,margin,1000.0,2717,851,0,178
RQ3 pool,P-hat only,margin,1010.0,2706,862,0,178
RQ3 pool,P-hat only,margin,1020.0,2696,872,0,178
RQ3 pool,P-hat only,margin,1030.0,2681,887,0,178
RQ3 pool,P-hat only,margin,1040.0,2671,897,0,178
RQ3 pool,P-hat only,margin,1050.0,2662,906,0,178
RQ3 pool,P-hat only,margin,1060.0,2651,917,0,178
RQ3 pool,P-hat only,margin,1070.0,2647,921,0,178
RQ3 pool,P-hat only,margin,1080.0,2638,930,0,178
RQ3 pool,P-hat only,margin,1090.0,2628,940,0,178
RQ3 pool,P-hat only,margin,1100.0,2619,949,0,178
RQ3 pool,P-hat only,margin,1110.0,2614,954,0,178
RQ3 pool,P-hat only,margin,1120.0,2608,960,0,178
RQ3 pool,P-hat only,margin,1130.0,2594,974,0,178
RQ3 pool,P-hat only,margin,1140.0,2589,979,0,178
RQ3 pool,P-hat only,margin,1150.0,2582,986,0,178
RQ3 pool,P-hat only,margin,1160.0,2572,996,0,178
RQ3 pool,P-hat only,margin,1170.0,2563,1005,0,178
RQ3 pool,P-hat only,margin,1180.0,2553,1015,0,178
RQ3 pool,P-hat only,margin,1190.0,2545,1023,0,178
RQ3 pool,P-hat only,margin,1200.0,2536,1032,0,178
RQ3 pool,P-hat only,margin,1210.0,2524,1044,0,178
RQ3 pool,P-hat only,margin,1220.0,2510,1058,0,178
RQ3 pool,P-hat only,margin,1230.0,2502,1066,0,178
RQ3 pool,P-hat only,margin,1240.0,2496,1072,0,178
RQ3 pool,P-hat only,margin,1250.0,2489,1079,0,178
RQ3 pool,P-hat only,margin,1260.0,2485,1083,0,178
RQ3 pool,P-hat only,margin,1270.0,2476,1092,0,178
RQ3 pool,P-hat only,margin,1280.0,2468,1100,0,178
RQ3 pool,P-hat only,margin,1290.0,2459,1109,0,178
RQ3 pool,P-hat only,margin,1300.0,2454,1114,0,178
RQ3 pool,P-hat only,margin,1310.0,2443,1125,0,178
RQ3 pool,P-hat only,margin,1320.0,2432,1136,0,178
RQ3 pool,P-hat only,margin,1330.0,2427,1141,0,178
RQ3 pool,P-hat only,margin,1340.0,2414,1154,0,178
RQ3 pool,P-hat only,margin,1350.0,2408,1160,0,178
RQ3 pool,P-hat only,margin,1360.0,2401,1167,0,178
RQ3 pool,P-hat only,margin,1370.0,2390,1178,0,178
RQ3 pool,P-hat only,margin,1380.0,2385,1183,0,178
RQ3 pool,P-hat only,margin,1390.0,2383,1185,0,178
RQ3 pool,P-hat only,margin,1400.0,2375,1193,0,178
RQ3 pool,P-hat only,margin,1410.0,2368,1200,0,178
RQ3 pool,P-hat only,margin,1420.0,2365,1203,0,178
RQ3 pool,P-hat only,margin,1430.0,2357,1211,0,178
RQ3 pool,P-hat only,margin,1440.0,2347,1221,0,178
RQ3 pool,P-hat only,margin,1450.0,2335,1233,0,178
RQ3 pool,P-hat only,margin,1460.0,2326,1242,0,178
RQ3 pool,P-hat only,margin,1470.0,2319,1249,0,178
RQ3 pool,P-hat only,margin,1480.0,2316,1252,0,178
RQ3 pool,P-hat only,margin,1490.0,2310,1258,0,178
RQ3 pool,P-hat only,margin,1500.0,2304,1264,0,178
RQ3 pool,P-hat only,scale,1.0,3565,3,47,131
RQ3 pool,P-hat only,scale,1.01,3563,5,46,132
RQ3 pool,P-hat only,scale,1.02,3563,5,43,135
RQ3 pool,P-hat only,scale,1.03,3559,9,38,140
RQ3 pool,P-hat only,scale,1.04,3555,13,38,140
RQ3 pool,P-hat only,scale,1.05,3553,15,32,146
RQ3 pool,P-hat only,scale,1.06,3551,17,25,153
RQ3 pool,P-hat only,scale,1.07,3549,19,22,156
RQ3 pool,P-hat only,scale,1.08,3545,23,20,158
RQ3 pool,P-hat only,scale,1.09,3538,30,17,161
RQ3 pool,P-hat only,scale,1.1,3535,33,16,162
RQ3 pool,P-hat only,scale,1.11,3531,37,14,164
RQ3 pool,P-hat only,scale,1.12,3530,38,13,165
RQ3 pool,P-hat only,scale,1.13,3525,43,12,166
RQ3 pool,P-hat only,scale,1.14,3521,47,12,166
RQ3 pool,P-hat only,scale,1.15,3519,49,12,166
RQ3 pool,P-hat only,scale,1.16,3516,52,12,166
RQ3 pool,P-hat only,scale,1.17,3511,57,12,166
RQ3 pool,P-hat only,scale,1.18,3510,58,12,166
RQ3 pool,P-hat only,scale,1.19,3507,61,10,168
RQ3 pool,P-hat only,scale,1.2,3503,65,9,169
RQ3 pool,P-hat only,scale,1.21,3498,70,9,169
RQ3 pool,P-hat only,scale,1.22,3493,75,9,169
RQ3 pool,P-hat only,scale,1.23,3487,81,9,169
RQ3 pool,P-hat only,scale,1.24,3481,87,9,169
RQ3 pool,P-hat only,scale,1.25,3474,94,9,169
RQ3 pool,P-hat only,scale,1.26,3470,98,8,170
RQ3 pool,P-hat only,scale,1.27,3468,100,8,170
RQ3 pool,P-hat only,scale,1.28,3462,106,7,171
RQ3 pool,P-hat only,scale,1.29,3459,109,7,171
RQ3 pool,P-hat only,scale,1.3,3455,113,6,172
RQ3 pool,P-hat only,scale,1.31,3448,120,5,173
RQ3 pool,P-hat only,scale,1.32,3443,125,5,173
RQ3 pool,P-hat only,scale,1.33,3437,131,5,173
RQ3 pool,P-hat only,scale,1.34,3430,138,4,174
RQ3 pool,P-hat only,scale,1.35,3427,141,4,174
RQ3 pool,P-hat only,scale,1.36,3423,145,4,174
RQ3 pool,P-hat only,scale,1.37,3418,150,4,174
RQ3 pool,P-hat only,scale,1.38,3412,156,4,174
RQ3 pool,P-hat only,scale,1.39,3402,166,4,174
RQ3 pool,P-hat only,scale,1.4,3397,171,4,174
RQ3 pool,P-hat only,scale,1.41,3394,174,4,174
RQ3 pool,P-hat only,scale,1.42,3388,180,4,174
RQ3 pool,P-hat only,scale,1.43,3382,186,4,174
RQ3 pool,P-hat only,scale,1.44,3372,196,4,174
RQ3 pool,P-hat only,scale,1.45,3367,201,4,174
RQ3 pool,P-hat only,scale,1.46,3361,207,4,174
RQ3 pool,P-hat only,scale,1.47,3358,210,4,174
RQ3 pool,P-hat only,scale,1.48,3354,214,4,174
RQ3 pool,P-hat only,scale,1.49,3341,227,4,174
RQ3 pool,P-hat only,scale,1.5,3336,232,4,174
RQ3 pool,P-hat only,scale,1.51,3333,235,4,174
RQ3 pool,P-hat only,scale,1.52,3326,242,4,174
RQ3 pool,P-hat only,scale,1.53,3317,251,3,175
RQ3 pool,P-hat only,scale,1.54,3312,256,3,175
RQ3 pool,P-hat only,scale,1.55,3304,264,3,175
RQ3 pool,P-hat only,scale,1.56,3300,268,3,175
RQ3 pool,P-hat only,scale,1.57,3292,276,2,176
RQ3 pool,P-hat only,scale,1.58,3290,278,2,176
RQ3 pool,P-hat only,scale,1.59,3283,285,2,176
RQ3 pool,P-hat only,scale,1.6,3280,288,2,176
RQ3 pool,P-hat only,scale,1.61,3271,297,2,176
RQ3 pool,P-hat only,scale,1.62,3261,307,2,176
RQ3 pool,P-hat only,scale,1.63,3259,309,2,176
RQ3 pool,P-hat only,scale,1.64,3248,320,2,176
RQ3 pool,P-hat only,scale,1.65,3241,327,2,176
RQ3 pool,P-hat only,scale,1.66,3237,331,2,176
RQ3 pool,P-hat only,scale,1.67,3233,335,2,176
RQ3 pool,P-hat only,scale,1.68,3225,343,2,176
RQ3 pool,P-hat only,scale,1.69,3222,346,2,176
RQ3 pool,P-hat only,scale,1.7,3218,350,2,176
RQ3 pool,P-hat only,scale,1.71,3213,355,2,176
RQ3 pool,P-hat only,scale,1.72,3207,361,2,176
RQ3 pool,P-hat only,scale,1.73,3202,366,2,176
RQ3 pool,P-hat only,scale,1.74,3194,374,1,177
RQ3 pool,P-hat only,scale,1.75,3187,381,1,177
RQ3 pool,P-hat only,scale,1.76,3179,389,1,177
RQ3 pool,P-hat only,scale,1.77,3172,396,1,177
RQ3 pool,P-hat only,scale,1.78,3164,404,1,177
RQ3 pool,P-hat only,scale,1.79,3156,412,1,177
RQ3 pool,P-hat only,scale,1.8,3146,422,1,177
RQ3 pool,P-hat only,scale,1.81,3141,427,0,178
RQ3 pool,P-hat only,scale,1.82,3136,432,0,178
RQ3 pool,P-hat only,scale,1.83,3130,438,0,178
RQ3 pool,P-hat only,scale,1.84,3118,450,0,178
RQ3 pool,P-hat only,scale,1.85,3107,461,0,178
RQ3 pool,P-hat only,scale,1.86,3105,463,0,178
RQ3 pool,P-hat only,scale,1.87,3100,468,0,178
RQ3 pool,P-hat only,scale,1.88,3092,476,0,178
RQ3 pool,P-hat only,scale,1.89,3084,484,0,178
RQ3 pool,P-hat only,scale,1.9,3076,492,0,178
RQ3 pool,P-hat only,scale,1.91,3072,496,0,178
RQ3 pool,P-hat only,scale,1.92,3064,504,0,178
RQ3 pool,P-hat only,scale,1.93,3054,514,0,178
RQ3 pool,P-hat only,scale,1.94,3043,525,0,178
RQ3 pool,P-hat only,scale,1.95,3037,531,0,178
RQ3 pool,P-hat only,scale,1.96,3029,539,0,178
RQ3 pool,P-hat only,scale,1.97,3026,542,0,178
RQ3 pool,P-hat only,scale,1.98,3020,548,0,178
RQ3 pool,P-hat only,scale,1.99,3013,555,0,178
RQ3 pool,P-hat only,scale,2.0,3008,560,0,178
RQ3 pool,P-hat only,scale,2.01,3003,565,0,178
RQ3 pool,P-hat only,scale,2.02,2996,572,0,178
RQ3 pool,P-hat only,scale,2.03,2987,581,0,178
RQ3 pool,P-hat only,scale,2.04,2978,590,0,178
RQ3 pool,P-hat only,scale,2.05,2973,595,0,178
RQ3 pool,P-hat only,scale,2.06,2969,599,0,178
RQ3 pool,P-hat only,scale,2.07,2959,609,0,178
RQ3 pool,P-hat only,scale,2.08,2954,614,0,178
RQ3 pool,P-hat only,scale,2.09,2943,625,0,178
RQ3 pool,P-hat only,scale,2.1,2936,632,0,178
RQ3 pool,P-hat only,scale,2.11,2928,640,0,178
RQ3 pool,P-hat only,scale,2.12,2924,644,0,178
RQ3 pool,P-hat only,scale,2.13,2918,650,0,178
RQ3 pool,P-hat only,scale,2.14,2910,658,0,178
RQ3 pool,P-hat only,scale,2.15,2899,669,0,178
RQ3 pool,P-hat only,scale,2.16,2892,676,0,178
RQ3 pool,P-hat only,scale,2.17,2881,687,0,178
RQ3 pool,P-hat only,scale,2.18,2877,691,0,178
RQ3 pool,P-hat only,scale,2.19,2871,697,0,178
RQ3 pool,P-hat only,scale,2.2,2865,703,0,178
RQ3 pool,P-hat only,scale,2.21,2860,708,0,178
RQ3 pool,P-hat only,scale,2.22,2852,716,0,178
RQ3 pool,P-hat only,scale,2.23,2847,721,0,178
RQ3 pool,P-hat only,scale,2.24,2841,727,0,178
RQ3 pool,P-hat only,scale,2.25,2831,737,0,178
RQ3 pool,P-hat only,scale,2.26,2821,747,0,178
RQ3 pool,P-hat only,scale,2.27,2814,754,0,178
RQ3 pool,P-hat only,scale,2.28,2811,757,0,178
RQ3 pool,P-hat only,scale,2.29,2807,761,0,178
RQ3 pool,P-hat only,scale,2.3,2803,765,0,178
RQ3 pool,P-hat only,scale,2.31,2801,767,0,178
RQ3 pool,P-hat only,scale,2.32,2793,775,0,178
RQ3 pool,P-hat only,scale,2.33,2783,785,0,178
RQ3 pool,P-hat only,scale,2.34,2775,793,0,178
RQ3 pool,P-hat only,scale,2.35,2766,802,0,178
RQ3 pool,P-hat only,scale,2.36,2757,811,0,178
RQ3 pool,P-hat only,scale,2.37,2753,815,0,178
RQ3 pool,P-hat only,scale,2.38,2746,822,0,178
RQ3 pool,P-hat only,scale,2.39,2740,828,0,178
RQ3 pool,P-hat only,scale,2.4,2730,838,0,178
RQ3 pool,P-hat only,scale,2.41,2720,848,0,178
RQ3 pool,P-hat only,scale,2.42,2713,855,0,178
RQ3 pool,P-hat only,scale,2.43,2708,860,0,178
RQ3 pool,P-hat only,scale,2.44,2704,864,0,178
RQ3 pool,P-hat only,scale,2.45,2700,868,0,178
RQ3 pool,P-hat only,scale,2.46,2694,874,0,178
RQ3 pool,P-hat only,scale,2.47,2689,879,0,178
RQ3 pool,P-hat only,scale,2.48,2687,881,0,178
RQ3 pool,P-hat only,scale,2.49,2683,885,0,178
RQ3 pool,P-hat only,scale,2.5,2677,891,0,178
RQ3 pool,P-hat only,scale,2.51,2672,896,0,178
RQ3 pool,P-hat only,scale,2.52,2668,900,0,178
RQ3 pool,P-hat only,scale,2.53,2658,910,0,178
RQ3 pool,P-hat only,scale,2.54,2651,917,0,178
RQ3 pool,P-hat only,scale,2.55,2645,923,0,178
RQ3 pool,P-hat only,scale,2.56,2637,931,0,178
RQ3 pool,P-hat only,scale,2.57,2630,938,0,178
RQ3 pool,P-hat only,scale,2.58,2616,952,0,178
RQ3 pool,P-hat only,scale,2.59,2610,958,0,178
RQ3 pool,P-hat only,scale,2.6,2605,963,0,178
RQ3 pool,P-hat only,scale,2.61,2596,972,0,178
RQ3 pool,P-hat only,scale,2.62,2588,980,0,178
RQ3 pool,P-hat only,scale,2.63,2581,987,0,178
RQ3 pool,P-hat only,scale,2.64,2575,993,0,178
RQ3 pool,P-hat only,scale,2.65,2571,997,0,178
RQ3 pool,P-hat only,scale,2.66,2566,1002,0,178
RQ3 pool,P-hat only,scale,2.67,2561,1007,0,178
RQ3 pool,P-hat only,scale,2.68,2553,1015,0,178
RQ3 pool,P-hat only,scale,2.69,2547,1021,0,178
RQ3 pool,P-hat only,scale,2.7,2537,1031,0,178
RQ3 pool,P-hat only,scale,2.71,2530,1038,0,178
RQ3 pool,P-hat only,scale,2.72,2528,1040,0,178
RQ3 pool,P-hat only,scale,2.73,2524,1044,0,178
RQ3 pool,P-hat only,scale,2.74,2520,1048,0,178
RQ3 pool,P-hat only,scale,2.75,2514,1054,0,178
RQ3 pool,P-hat only,scale,2.76,2505,1063,0,178
RQ3 pool,P-hat only,scale,2.77,2501,1067,0,178
RQ3 pool,P-hat only,scale,2.78,2494,1074,0,178
RQ3 pool,P-hat only,scale,2.79,2482,1086,0,178
RQ3 pool,P-hat only,scale,2.8,2478,1090,0,178
RQ3 pool,P-hat only,scale,2.81,2472,1096,0,178
RQ3 pool,P-hat only,scale,2.82,2470,1098,0,178
RQ3 pool,P-hat only,scale,2.83,2461,1107,0,178
RQ3 pool,P-hat only,scale,2.84,2458,1110,0,178
RQ3 pool,P-hat only,scale,2.85,2453,1115,0,178
RQ3 pool,P-hat only,scale,2.86,2451,1117,0,178
RQ3 pool,P-hat only,scale,2.87,2447,1121,0,178
RQ3 pool,P-hat only,scale,2.88,2442,1126,0,178
RQ3 pool,P-hat only,scale,2.89,2437,1131,0,178
RQ3 pool,P-hat only,scale,2.9,2431,1137,0,178
RQ3 pool,P-hat only,scale,2.91,2428,1140,0,178
RQ3 pool,P-hat only,scale,2.92,2420,1148,0,178
RQ3 pool,P-hat only,scale,2.93,2414,1154,0,178
RQ3 pool,P-hat only,scale,2.94,2409,1159,0,178
RQ3 pool,P-hat only,scale,2.95,2404,1164,0,178
RQ3 pool,P-hat only,scale,2.96,2402,1166,0,178
RQ3 pool,P-hat only,scale,2.97,2397,1171,0,178
RQ3 pool,P-hat only,scale,2.98,2395,1173,0,178
RQ3 pool,P-hat only,scale,2.99,2389,1179,0,178
RQ3 pool,P-hat only,scale,3.0,2383,1185,0,178
RQ3 pool,draft mean-3,margin,0.0,3544,24,50,128
RQ3 pool,draft mean-3,margin,10.0,3538,30,48,130
RQ3 pool,draft mean-3,margin,20.0,3538,30,40,138
RQ3 pool,draft mean-3,margin,30.0,3537,31,40,138
RQ3 pool,draft mean-3,margin,40.0,3532,36,36,142
RQ3 pool,draft mean-3,margin,50.0,3522,46,34,144
RQ3 pool,draft mean-3,margin,60.0,3520,48,32,146
RQ3 pool,draft mean-3,margin,70.0,3512,56,30,148
RQ3 pool,draft mean-3,margin,80.0,3504,64,28,150
RQ3 pool,draft mean-3,margin,90.0,3492,76,26,152
RQ3 pool,draft mean-3,margin,100.0,3488,80,24,154
RQ3 pool,draft mean-3,margin,110.0,3480,88,24,154
RQ3 pool,draft mean-3,margin,120.0,3478,90,22,156
RQ3 pool,draft mean-3,margin,130.0,3476,92,16,162
RQ3 pool,draft mean-3,margin,140.0,3474,94,14,164
RQ3 pool,draft mean-3,margin,150.0,3464,104,14,164
RQ3 pool,draft mean-3,margin,160.0,3458,110,14,164
RQ3 pool,draft mean-3,margin,170.0,3456,112,10,168
RQ3 pool,draft mean-3,margin,180.0,3450,118,10,168
RQ3 pool,draft mean-3,margin,190.0,3446,122,10,168
RQ3 pool,draft mean-3,margin,200.0,3444,124,10,168
RQ3 pool,draft mean-3,margin,210.0,3436,132,8,170
RQ3 pool,draft mean-3,margin,220.0,3434,134,8,170
RQ3 pool,draft mean-3,margin,230.0,3426,142,8,170
RQ3 pool,draft mean-3,margin,240.0,3418,150,8,170
RQ3 pool,draft mean-3,margin,250.0,3416,152,8,170
RQ3 pool,draft mean-3,margin,260.0,3412,156,8,170
RQ3 pool,draft mean-3,margin,270.0,3402,166,8,170
RQ3 pool,draft mean-3,margin,280.0,3390,178,8,170
RQ3 pool,draft mean-3,margin,290.0,3386,182,8,170
RQ3 pool,draft mean-3,margin,300.0,3382,186,8,170
RQ3 pool,draft mean-3,margin,310.0,3372,196,8,170
RQ3 pool,draft mean-3,margin,320.0,3360,208,8,170
RQ3 pool,draft mean-3,margin,330.0,3358,210,8,170
RQ3 pool,draft mean-3,margin,340.0,3346,222,8,170
RQ3 pool,draft mean-3,margin,350.0,3336,232,6,172
RQ3 pool,draft mean-3,margin,360.0,3322,246,6,172
RQ3 pool,draft mean-3,margin,370.0,3318,250,6,172
RQ3 pool,draft mean-3,margin,380.0,3312,256,6,172
RQ3 pool,draft mean-3,margin,390.0,3298,270,6,172
RQ3 pool,draft mean-3,margin,400.0,3292,276,4,174
RQ3 pool,draft mean-3,margin,410.0,3280,288,4,174
RQ3 pool,draft mean-3,margin,420.0,3271,297,4,174
RQ3 pool,draft mean-3,margin,430.0,3256,312,4,174
RQ3 pool,draft mean-3,margin,440.0,3252,316,4,174
RQ3 pool,draft mean-3,margin,450.0,3238,330,4,174
RQ3 pool,draft mean-3,margin,460.0,3234,334,4,174
RQ3 pool,draft mean-3,margin,470.0,3226,342,4,174
RQ3 pool,draft mean-3,margin,480.0,3216,352,4,174
RQ3 pool,draft mean-3,margin,490.0,3210,358,4,174
RQ3 pool,draft mean-3,margin,500.0,3194,374,4,174
RQ3 pool,draft mean-3,margin,510.0,3184,384,4,174
RQ3 pool,draft mean-3,margin,520.0,3168,400,4,174
RQ3 pool,draft mean-3,margin,530.0,3156,412,4,174
RQ3 pool,draft mean-3,margin,540.0,3150,418,4,174
RQ3 pool,draft mean-3,margin,550.0,3146,422,4,174
RQ3 pool,draft mean-3,margin,560.0,3130,438,4,174
RQ3 pool,draft mean-3,margin,570.0,3120,448,2,176
RQ3 pool,draft mean-3,margin,580.0,3104,464,2,176
RQ3 pool,draft mean-3,margin,590.0,3094,474,2,176
RQ3 pool,draft mean-3,margin,600.0,3088,480,2,176
RQ3 pool,draft mean-3,margin,610.0,3078,490,2,176
RQ3 pool,draft mean-3,margin,620.0,3069,499,2,176
RQ3 pool,draft mean-3,margin,630.0,3054,514,2,176
RQ3 pool,draft mean-3,margin,640.0,3038,530,2,176
RQ3 pool,draft mean-3,margin,650.0,3020,548,2,176
RQ3 pool,draft mean-3,margin,660.0,3014,554,0,178
RQ3 pool,draft mean-3,margin,670.0,3008,560,0,178
RQ3 pool,draft mean-3,margin,680.0,2994,574,0,178
RQ3 pool,draft mean-3,margin,690.0,2990,578,0,178
RQ3 pool,draft mean-3,margin,700.0,2982,586,0,178
RQ3 pool,draft mean-3,margin,710.0,2974,594,0,178
RQ3 pool,draft mean-3,margin,720.0,2966,602,0,178
RQ3 pool,draft mean-3,margin,730.0,2954,614,0,178
RQ3 pool,draft mean-3,margin,740.0,2940,628,0,178
RQ3 pool,draft mean-3,margin,750.0,2932,636,0,178
RQ3 pool,draft mean-3,margin,760.0,2924,644,0,178
RQ3 pool,draft mean-3,margin,770.0,2920,648,0,178
RQ3 pool,draft mean-3,margin,780.0,2916,652,0,178
RQ3 pool,draft mean-3,margin,790.0,2908,660,0,178
RQ3 pool,draft mean-3,margin,800.0,2892,676,0,178
RQ3 pool,draft mean-3,margin,810.0,2880,688,0,178
RQ3 pool,draft mean-3,margin,820.0,2870,698,0,178
RQ3 pool,draft mean-3,margin,830.0,2860,708,0,178
RQ3 pool,draft mean-3,margin,840.0,2842,726,0,178
RQ3 pool,draft mean-3,margin,850.0,2834,734,0,178
RQ3 pool,draft mean-3,margin,860.0,2828,740,0,178
RQ3 pool,draft mean-3,margin,870.0,2814,754,0,178
RQ3 pool,draft mean-3,margin,880.0,2802,766,0,178
RQ3 pool,draft mean-3,margin,890.0,2790,778,0,178
RQ3 pool,draft mean-3,margin,900.0,2782,786,0,178
RQ3 pool,draft mean-3,margin,910.0,2770,798,0,178
RQ3 pool,draft mean-3,margin,920.0,2761,807,0,178
RQ3 pool,draft mean-3,margin,930.0,2750,818,0,178
RQ3 pool,draft mean-3,margin,940.0,2736,832,0,178
RQ3 pool,draft mean-3,margin,950.0,2728,840,0,178
RQ3 pool,draft mean-3,margin,960.0,2716,852,0,178
RQ3 pool,draft mean-3,margin,970.0,2708,860,0,178
RQ3 pool,draft mean-3,margin,980.0,2694,874,0,178
RQ3 pool,draft mean-3,margin,990.0,2682,886,0,178
RQ3 pool,draft mean-3,margin,1000.0,2674,894,0,178
RQ3 pool,draft mean-3,margin,1010.0,2670,898,0,178
RQ3 pool,draft mean-3,margin,1020.0,2661,907,0,178
RQ3 pool,draft mean-3,margin,1030.0,2656,912,0,178
RQ3 pool,draft mean-3,margin,1040.0,2640,928,0,178
RQ3 pool,draft mean-3,margin,1050.0,2634,934,0,178
RQ3 pool,draft mean-3,margin,1060.0,2618,950,0,178
RQ3 pool,draft mean-3,margin,1070.0,2608,960,0,178
RQ3 pool,draft mean-3,margin,1080.0,2600,968,0,178
RQ3 pool,draft mean-3,margin,1090.0,2598,970,0,178
RQ3 pool,draft mean-3,margin,1100.0,2590,978,0,178
RQ3 pool,draft mean-3,margin,1110.0,2584,984,0,178
RQ3 pool,draft mean-3,margin,1120.0,2572,996,0,178
RQ3 pool,draft mean-3,margin,1130.0,2562,1006,0,178
RQ3 pool,draft mean-3,margin,1140.0,2552,1016,0,178
RQ3 pool,draft mean-3,margin,1150.0,2538,1030,0,178
RQ3 pool,draft mean-3,margin,1160.0,2536,1032,0,178
RQ3 pool,draft mean-3,margin,1170.0,2524,1044,0,178
RQ3 pool,draft mean-3,margin,1180.0,2514,1054,0,178
RQ3 pool,draft mean-3,margin,1190.0,2506,1062,0,178
RQ3 pool,draft mean-3,margin,1200.0,2502,1066,0,178
RQ3 pool,draft mean-3,margin,1210.0,2494,1074,0,178
RQ3 pool,draft mean-3,margin,1220.0,2488,1080,0,178
RQ3 pool,draft mean-3,margin,1230.0,2476,1092,0,178
RQ3 pool,draft mean-3,margin,1240.0,2470,1098,0,178
RQ3 pool,draft mean-3,margin,1250.0,2462,1106,0,178
RQ3 pool,draft mean-3,margin,1260.0,2446,1122,0,178
RQ3 pool,draft mean-3,margin,1270.0,2444,1124,0,178
RQ3 pool,draft mean-3,margin,1280.0,2440,1128,0,178
RQ3 pool,draft mean-3,margin,1290.0,2434,1134,0,178
RQ3 pool,draft mean-3,margin,1300.0,2418,1150,0,178
RQ3 pool,draft mean-3,margin,1310.0,2414,1154,0,178
RQ3 pool,draft mean-3,margin,1320.0,2406,1162,0,178
RQ3 pool,draft mean-3,margin,1330.0,2394,1174,0,178
RQ3 pool,draft mean-3,margin,1340.0,2390,1178,0,178
RQ3 pool,draft mean-3,margin,1350.0,2378,1190,0,178
RQ3 pool,draft mean-3,margin,1360.0,2372,1196,0,178
RQ3 pool,draft mean-3,margin,1370.0,2366,1202,0,178
RQ3 pool,draft mean-3,margin,1380.0,2360,1208,0,178
RQ3 pool,draft mean-3,margin,1390.0,2356,1212,0,178
RQ3 pool,draft mean-3,margin,1400.0,2348,1220,0,178
RQ3 pool,draft mean-3,margin,1410.0,2340,1228,0,178
RQ3 pool,draft mean-3,margin,1420.0,2336,1232,0,178
RQ3 pool,draft mean-3,margin,1430.0,2330,1238,0,178
RQ3 pool,draft mean-3,margin,1440.0,2322,1246,0,178
RQ3 pool,draft mean-3,margin,1450.0,2320,1248,0,178
RQ3 pool,draft mean-3,margin,1460.0,2310,1258,0,178
RQ3 pool,draft mean-3,margin,1470.0,2302,1266,0,178
RQ3 pool,draft mean-3,margin,1480.0,2294,1274,0,178
RQ3 pool,draft mean-3,margin,1490.0,2290,1278,0,178
RQ3 pool,draft mean-3,margin,1500.0,2282,1286,0,178
RQ3 pool,draft mean-3,scale,1.0,3544,24,50,128
RQ3 pool,draft mean-3,scale,1.01,3539,29,47,131
RQ3 pool,draft mean-3,scale,1.02,3538,30,43,135
RQ3 pool,draft mean-3,scale,1.03,3537,31,41,137
RQ3 pool,draft mean-3,scale,1.04,3534,34,38,140
RQ3 pool,draft mean-3,scale,1.05,3530,38,36,142
RQ3 pool,draft mean-3,scale,1.06,3523,45,34,144
RQ3 pool,draft mean-3,scale,1.07,3519,49,32,146
RQ3 pool,draft mean-3,scale,1.08,3514,54,32,146
RQ3 pool,draft mean-3,scale,1.09,3509,59,30,148
RQ3 pool,draft mean-3,scale,1.1,3501,67,30,148
RQ3 pool,draft mean-3,scale,1.11,3497,71,29,149
RQ3 pool,draft mean-3,scale,1.12,3494,74,27,151
RQ3 pool,draft mean-3,scale,1.13,3490,78,26,152
RQ3 pool,draft mean-3,scale,1.14,3484,84,21,157
RQ3 pool,draft mean-3,scale,1.15,3481,87,21,157
RQ3 pool,draft mean-3,scale,1.16,3475,93,21,157
RQ3 pool,draft mean-3,scale,1.17,3472,96,21,157
RQ3 pool,draft mean-3,scale,1.18,3466,102,21,157
RQ3 pool,draft mean-3,scale,1.19,3462,106,20,158
RQ3 pool,draft mean-3,scale,1.2,3461,107,20,158
RQ3 pool,draft mean-3,scale,1.21,3458,110,20,158
RQ3 pool,draft mean-3,scale,1.22,3455,113,20,158
RQ3 pool,draft mean-3,scale,1.23,3451,117,18,160
RQ3 pool,draft mean-3,scale,1.24,3450,118,18,160
RQ3 pool,draft mean-3,scale,1.25,3445,123,17,161
RQ3 pool,draft mean-3,scale,1.26,3437,131,16,162
RQ3 pool,draft mean-3,scale,1.27,3435,133,16,162
RQ3 pool,draft mean-3,scale,1.28,3433,135,14,164
RQ3 pool,draft mean-3,scale,1.29,3431,137,14,164
RQ3 pool,draft mean-3,scale,1.3,3424,144,13,165
RQ3 pool,draft mean-3,scale,1.31,3419,149,13,165
RQ3 pool,draft mean-3,scale,1.32,3409,159,12,166
RQ3 pool,draft mean-3,scale,1.33,3404,164,12,166
RQ3 pool,draft mean-3,scale,1.34,3398,170,12,166
RQ3 pool,draft mean-3,scale,1.35,3389,179,12,166
RQ3 pool,draft mean-3,scale,1.36,3384,184,11,167
RQ3 pool,draft mean-3,scale,1.37,3378,190,10,168
RQ3 pool,draft mean-3,scale,1.38,3372,196,9,169
RQ3 pool,draft mean-3,scale,1.39,3369,199,9,169
RQ3 pool,draft mean-3,scale,1.4,3363,205,9,169
RQ3 pool,draft mean-3,scale,1.41,3357,211,9,169
RQ3 pool,draft mean-3,scale,1.42,3348,220,9,169
RQ3 pool,draft mean-3,scale,1.43,3341,227,9,169
RQ3 pool,draft mean-3,scale,1.44,3336,232,9,169
RQ3 pool,draft mean-3,scale,1.45,3328,240,9,169
RQ3 pool,draft mean-3,scale,1.46,3323,245,9,169
RQ3 pool,draft mean-3,scale,1.47,3319,249,9,169
RQ3 pool,draft mean-3,scale,1.48,3313,255,9,169
RQ3 pool,draft mean-3,scale,1.49,3302,266,8,170
RQ3 pool,draft mean-3,scale,1.5,3295,273,8,170
RQ3 pool,draft mean-3,scale,1.51,3290,278,8,170
RQ3 pool,draft mean-3,scale,1.52,3279,289,8,170
RQ3 pool,draft mean-3,scale,1.53,3268,300,8,170
RQ3 pool,draft mean-3,scale,1.54,3261,307,8,170
RQ3 pool,draft mean-3,scale,1.55,3253,315,8,170
RQ3 pool,draft mean-3,scale,1.56,3245,323,7,171
RQ3 pool,draft mean-3,scale,1.57,3240,328,7,171
RQ3 pool,draft mean-3,scale,1.58,3234,334,7,171
RQ3 pool,draft mean-3,scale,1.59,3226,342,7,171
RQ3 pool,draft mean-3,scale,1.6,3220,348,7,171
RQ3 pool,draft mean-3,scale,1.61,3218,350,7,171
RQ3 pool,draft mean-3,scale,1.62,3210,358,7,171
RQ3 pool,draft mean-3,scale,1.63,3200,368,7,171
RQ3 pool,draft mean-3,scale,1.64,3195,373,7,171
RQ3 pool,draft mean-3,scale,1.65,3184,384,6,172
RQ3 pool,draft mean-3,scale,1.66,3173,395,6,172
RQ3 pool,draft mean-3,scale,1.67,3168,400,6,172
RQ3 pool,draft mean-3,scale,1.68,3164,404,6,172
RQ3 pool,draft mean-3,scale,1.69,3162,406,5,173
RQ3 pool,draft mean-3,scale,1.7,3155,413,5,173
RQ3 pool,draft mean-3,scale,1.71,3147,421,5,173
RQ3 pool,draft mean-3,scale,1.72,3136,432,5,173
RQ3 pool,draft mean-3,scale,1.73,3131,437,5,173
RQ3 pool,draft mean-3,scale,1.74,3119,449,5,173
RQ3 pool,draft mean-3,scale,1.75,3109,459,5,173
RQ3 pool,draft mean-3,scale,1.76,3103,465,4,174
RQ3 pool,draft mean-3,scale,1.77,3093,475,4,174
RQ3 pool,draft mean-3,scale,1.78,3087,481,4,174
RQ3 pool,draft mean-3,scale,1.79,3079,489,4,174
RQ3 pool,draft mean-3,scale,1.8,3074,494,4,174
RQ3 pool,draft mean-3,scale,1.81,3063,505,4,174
RQ3 pool,draft mean-3,scale,1.82,3056,512,4,174
RQ3 pool,draft mean-3,scale,1.83,3047,521,4,174
RQ3 pool,draft mean-3,scale,1.84,3040,528,4,174
RQ3 pool,draft mean-3,scale,1.85,3034,534,4,174
RQ3 pool,draft mean-3,scale,1.86,3028,540,4,174
RQ3 pool,draft mean-3,scale,1.87,3020,548,4,174
RQ3 pool,draft mean-3,scale,1.88,3013,555,4,174
RQ3 pool,draft mean-3,scale,1.89,3007,561,4,174
RQ3 pool,draft mean-3,scale,1.9,2999,569,4,174
RQ3 pool,draft mean-3,scale,1.91,2992,576,4,174
RQ3 pool,draft mean-3,scale,1.92,2985,583,4,174
RQ3 pool,draft mean-3,scale,1.93,2980,588,4,174
RQ3 pool,draft mean-3,scale,1.94,2970,598,4,174
RQ3 pool,draft mean-3,scale,1.95,2962,606,4,174
RQ3 pool,draft mean-3,scale,1.96,2953,615,4,174
RQ3 pool,draft mean-3,scale,1.97,2948,620,4,174
RQ3 pool,draft mean-3,scale,1.98,2944,624,3,175
RQ3 pool,draft mean-3,scale,1.99,2938,630,3,175
RQ3 pool,draft mean-3,scale,2.0,2933,635,3,175
RQ3 pool,draft mean-3,scale,2.01,2928,640,3,175
RQ3 pool,draft mean-3,scale,2.02,2918,650,3,175
RQ3 pool,draft mean-3,scale,2.03,2910,658,3,175
RQ3 pool,draft mean-3,scale,2.04,2902,666,3,175
RQ3 pool,draft mean-3,scale,2.05,2899,669,3,175
RQ3 pool,draft mean-3,scale,2.06,2893,675,3,175
RQ3 pool,draft mean-3,scale,2.07,2891,677,3,175
RQ3 pool,draft mean-3,scale,2.08,2888,680,3,175
RQ3 pool,draft mean-3,scale,2.09,2883,685,3,175
RQ3 pool,draft mean-3,scale,2.1,2878,690,3,175
RQ3 pool,draft mean-3,scale,2.11,2866,702,3,175
RQ3 pool,draft mean-3,scale,2.12,2859,709,3,175
RQ3 pool,draft mean-3,scale,2.13,2854,714,3,175
RQ3 pool,draft mean-3,scale,2.14,2842,726,3,175
RQ3 pool,draft mean-3,scale,2.15,2836,732,3,175
RQ3 pool,draft mean-3,scale,2.16,2830,738,3,175
RQ3 pool,draft mean-3,scale,2.17,2818,750,3,175
RQ3 pool,draft mean-3,scale,2.18,2810,758,3,175
RQ3 pool,draft mean-3,scale,2.19,2805,763,3,175
RQ3 pool,draft mean-3,scale,2.2,2797,771,3,175
RQ3 pool,draft mean-3,scale,2.21,2792,776,3,175
RQ3 pool,draft mean-3,scale,2.22,2788,780,3,175
RQ3 pool,draft mean-3,scale,2.23,2780,788,3,175
RQ3 pool,draft mean-3,scale,2.24,2773,795,3,175
RQ3 pool,draft mean-3,scale,2.25,2766,802,3,175
RQ3 pool,draft mean-3,scale,2.26,2758,810,3,175
RQ3 pool,draft mean-3,scale,2.27,2751,817,3,175
RQ3 pool,draft mean-3,scale,2.28,2748,820,3,175
RQ3 pool,draft mean-3,scale,2.29,2740,828,3,175
RQ3 pool,draft mean-3,scale,2.3,2733,835,3,175
RQ3 pool,draft mean-3,scale,2.31,2721,847,3,175
RQ3 pool,draft mean-3,scale,2.32,2713,855,3,175
RQ3 pool,draft mean-3,scale,2.33,2703,865,3,175
RQ3 pool,draft mean-3,scale,2.34,2698,870,3,175
RQ3 pool,draft mean-3,scale,2.35,2689,879,3,175
RQ3 pool,draft mean-3,scale,2.36,2681,887,3,175
RQ3 pool,draft mean-3,scale,2.37,2675,893,3,175
RQ3 pool,draft mean-3,scale,2.38,2670,898,3,175
RQ3 pool,draft mean-3,scale,2.39,2662,906,3,175
RQ3 pool,draft mean-3,scale,2.4,2655,913,3,175
RQ3 pool,draft mean-3,scale,2.41,2646,922,3,175
RQ3 pool,draft mean-3,scale,2.42,2638,930,3,175
RQ3 pool,draft mean-3,scale,2.43,2631,937,3,175
RQ3 pool,draft mean-3,scale,2.44,2628,940,3,175
RQ3 pool,draft mean-3,scale,2.45,2623,945,3,175
RQ3 pool,draft mean-3,scale,2.46,2620,948,3,175
RQ3 pool,draft mean-3,scale,2.47,2615,953,3,175
RQ3 pool,draft mean-3,scale,2.48,2604,964,3,175
RQ3 pool,draft mean-3,scale,2.49,2601,967,3,175
RQ3 pool,draft mean-3,scale,2.5,2594,974,3,175
RQ3 pool,draft mean-3,scale,2.51,2578,990,3,175
RQ3 pool,draft mean-3,scale,2.52,2569,999,3,175
RQ3 pool,draft mean-3,scale,2.53,2565,1003,3,175
RQ3 pool,draft mean-3,scale,2.54,2558,1010,3,175
RQ3 pool,draft mean-3,scale,2.55,2553,1015,3,175
RQ3 pool,draft mean-3,scale,2.56,2545,1023,3,175
RQ3 pool,draft mean-3,scale,2.57,2537,1031,3,175
RQ3 pool,draft mean-3,scale,2.58,2532,1036,3,175
RQ3 pool,draft mean-3,scale,2.59,2522,1046,3,175
RQ3 pool,draft mean-3,scale,2.6,2511,1057,3,175
RQ3 pool,draft mean-3,scale,2.61,2506,1062,3,175
RQ3 pool,draft mean-3,scale,2.62,2501,1067,3,175
RQ3 pool,draft mean-3,scale,2.63,2492,1076,3,175
RQ3 pool,draft mean-3,scale,2.64,2490,1078,3,175
RQ3 pool,draft mean-3,scale,2.65,2483,1085,3,175
RQ3 pool,draft mean-3,scale,2.66,2472,1096,3,175
RQ3 pool,draft mean-3,scale,2.67,2470,1098,3,175
RQ3 pool,draft mean-3,scale,2.68,2464,1104,3,175
RQ3 pool,draft mean-3,scale,2.69,2461,1107,3,175
RQ3 pool,draft mean-3,scale,2.7,2458,1110,3,175
RQ3 pool,draft mean-3,scale,2.71,2454,1114,3,175
RQ3 pool,draft mean-3,scale,2.72,2446,1122,3,175
RQ3 pool,draft mean-3,scale,2.73,2441,1127,3,175
RQ3 pool,draft mean-3,scale,2.74,2437,1131,3,175
RQ3 pool,draft mean-3,scale,2.75,2434,1134,3,175
RQ3 pool,draft mean-3,scale,2.76,2427,1141,3,175
RQ3 pool,draft mean-3,scale,2.77,2425,1143,3,175
RQ3 pool,draft mean-3,scale,2.78,2420,1148,3,175
RQ3 pool,draft mean-3,scale,2.79,2408,1160,3,175
RQ3 pool,draft mean-3,scale,2.8,2402,1166,3,175
RQ3 pool,draft mean-3,scale,2.81,2396,1172,3,175
RQ3 pool,draft mean-3,scale,2.82,2390,1178,3,175
RQ3 pool,draft mean-3,scale,2.83,2387,1181,3,175
RQ3 pool,draft mean-3,scale,2.84,2381,1187,3,175
RQ3 pool,draft mean-3,scale,2.85,2371,1197,3,175
RQ3 pool,draft mean-3,scale,2.86,2367,1201,3,175
RQ3 pool,draft mean-3,scale,2.87,2360,1208,3,175
RQ3 pool,draft mean-3,scale,2.88,2354,1214,3,175
RQ3 pool,draft mean-3,scale,2.89,2349,1219,3,175
RQ3 pool,draft mean-3,scale,2.9,2341,1227,3,175
RQ3 pool,draft mean-3,scale,2.91,2335,1233,3,175
RQ3 pool,draft mean-3,scale,2.92,2330,1238,3,175
RQ3 pool,draft mean-3,scale,2.93,2325,1243,3,175
RQ3 pool,draft mean-3,scale,2.94,2318,1250,3,175
RQ3 pool,draft mean-3,scale,2.95,2314,1254,3,175
RQ3 pool,draft mean-3,scale,2.96,2309,1259,3,175
RQ3 pool,draft mean-3,scale,2.97,2306,1262,3,175
RQ3 pool,draft mean-3,scale,2.98,2301,1267,3,175
RQ3 pool,draft mean-3,scale,2.99,2297,1271,3,175
RQ3 pool,draft mean-3,scale,3.0,2291,1277,3,175
RQ3 pool,draft max-5,margin,0.0,3456,112,20,158
RQ3 pool,draft max-5,margin,10.0,3446,122,20,158
RQ3 pool,draft max-5,margin,20.0,3440,128,20,158
RQ3 pool,draft max-5,margin,30.0,3434,134,18,160
RQ3 pool,draft max-5,margin,40.0,3432,136,16,162
RQ3 pool,draft max-5,margin,50.0,3427,141,14,164
RQ3 pool,draft max-5,margin,60.0,3424,144,14,164
RQ3 pool,draft max-5,margin,70.0,3422,146,12,166
RQ3 pool,draft max-5,margin,80.0,3414,154,12,166
RQ3 pool,draft max-5,margin,90.0,3410,158,10,168
RQ3 pool,draft max-5,margin,100.0,3406,162,10,168
RQ3 pool,draft max-5,margin,110.0,3398,170,8,170
RQ3 pool,draft max-5,margin,120.0,3392,176,6,172
RQ3 pool,draft max-5,margin,130.0,3384,184,4,174
RQ3 pool,draft max-5,margin,140.0,3376,192,4,174
RQ3 pool,draft max-5,margin,150.0,3364,204,4,174
RQ3 pool,draft max-5,margin,160.0,3360,208,4,174
RQ3 pool,draft max-5,margin,170.0,3360,208,4,174
RQ3 pool,draft max-5,margin,180.0,3350,218,4,174
RQ3 pool,draft max-5,margin,190.0,3348,220,4,174
RQ3 pool,draft max-5,margin,200.0,3336,232,4,174
RQ3 pool,draft max-5,margin,210.0,3328,240,4,174
RQ3 pool,draft max-5,margin,220.0,3318,250,4,174
RQ3 pool,draft max-5,margin,230.0,3312,256,4,174
RQ3 pool,draft max-5,margin,240.0,3302,266,4,174
RQ3 pool,draft max-5,margin,250.0,3287,281,4,174
RQ3 pool,draft max-5,margin,260.0,3268,300,4,174
RQ3 pool,draft max-5,margin,270.0,3266,302,4,174
RQ3 pool,draft max-5,margin,280.0,3254,314,4,174
RQ3 pool,draft max-5,margin,290.0,3252,316,4,174
RQ3 pool,draft max-5,margin,300.0,3248,320,4,174
RQ3 pool,draft max-5,margin,310.0,3236,332,4,174
RQ3 pool,draft max-5,margin,320.0,3216,352,4,174
RQ3 pool,draft max-5,margin,330.0,3206,362,4,174
RQ3 pool,draft max-5,margin,340.0,3200,368,4,174
RQ3 pool,draft max-5,margin,350.0,3192,376,4,174
RQ3 pool,draft max-5,margin,360.0,3188,380,4,174
RQ3 pool,draft max-5,margin,370.0,3180,388,4,174
RQ3 pool,draft max-5,margin,380.0,3174,394,4,174
RQ3 pool,draft max-5,margin,390.0,3164,404,4,174
RQ3 pool,draft max-5,margin,400.0,3160,408,4,174
RQ3 pool,draft max-5,margin,410.0,3146,422,4,174
RQ3 pool,draft max-5,margin,420.0,3132,436,4,174
RQ3 pool,draft max-5,margin,430.0,3120,448,4,174
RQ3 pool,draft max-5,margin,440.0,3114,454,4,174
RQ3 pool,draft max-5,margin,450.0,3110,458,4,174
RQ3 pool,draft max-5,margin,460.0,3098,470,4,174
RQ3 pool,draft max-5,margin,470.0,3090,478,4,174
RQ3 pool,draft max-5,margin,480.0,3084,484,4,174
RQ3 pool,draft max-5,margin,490.0,3078,490,4,174
RQ3 pool,draft max-5,margin,500.0,3070,498,4,174
RQ3 pool,draft max-5,margin,510.0,3060,508,4,174
RQ3 pool,draft max-5,margin,520.0,3048,520,4,174
RQ3 pool,draft max-5,margin,530.0,3030,538,4,174
RQ3 pool,draft max-5,margin,540.0,3022,546,2,176
RQ3 pool,draft max-5,margin,550.0,3010,558,2,176
RQ3 pool,draft max-5,margin,560.0,2998,570,2,176
RQ3 pool,draft max-5,margin,570.0,2986,582,2,176
RQ3 pool,draft max-5,margin,580.0,2974,594,2,176
RQ3 pool,draft max-5,margin,590.0,2966,602,2,176
RQ3 pool,draft max-5,margin,600.0,2964,604,2,176
RQ3 pool,draft max-5,margin,610.0,2948,620,2,176
RQ3 pool,draft max-5,margin,620.0,2942,626,2,176
RQ3 pool,draft max-5,margin,630.0,2930,638,2,176
RQ3 pool,draft max-5,margin,640.0,2924,644,0,178
RQ3 pool,draft max-5,margin,650.0,2906,662,0,178
RQ3 pool,draft max-5,margin,660.0,2900,668,0,178
RQ3 pool,draft max-5,margin,670.0,2890,678,0,178
RQ3 pool,draft max-5,margin,680.0,2882,686,0,178
RQ3 pool,draft max-5,margin,690.0,2868,700,0,178
RQ3 pool,draft max-5,margin,700.0,2854,714,0,178
RQ3 pool,draft max-5,margin,710.0,2846,722,0,178
RQ3 pool,draft max-5,margin,720.0,2836,732,0,178
RQ3 pool,draft max-5,margin,730.0,2830,738,0,178
RQ3 pool,draft max-5,margin,740.0,2822,746,0,178
RQ3 pool,draft max-5,margin,750.0,2808,760,0,178
RQ3 pool,draft max-5,margin,760.0,2794,774,0,178
RQ3 pool,draft max-5,margin,770.0,2792,776,0,178
RQ3 pool,draft max-5,margin,780.0,2764,804,0,178
RQ3 pool,draft max-5,margin,790.0,2752,816,0,178
RQ3 pool,draft max-5,margin,800.0,2744,824,0,178
RQ3 pool,draft max-5,margin,810.0,2724,844,0,178
RQ3 pool,draft max-5,margin,820.0,2706,862,0,178
RQ3 pool,draft max-5,margin,830.0,2692,876,0,178
RQ3 pool,draft max-5,margin,840.0,2684,884,0,178
RQ3 pool,draft max-5,margin,850.0,2670,898,0,178
RQ3 pool,draft max-5,margin,860.0,2664,904,0,178
RQ3 pool,draft max-5,margin,870.0,2650,918,0,178
RQ3 pool,draft max-5,margin,880.0,2638,930,0,178
RQ3 pool,draft max-5,margin,890.0,2635,933,0,178
RQ3 pool,draft max-5,margin,900.0,2626,942,0,178
RQ3 pool,draft max-5,margin,910.0,2616,952,0,178
RQ3 pool,draft max-5,margin,920.0,2610,958,0,178
RQ3 pool,draft max-5,margin,930.0,2600,968,0,178
RQ3 pool,draft max-5,margin,940.0,2594,974,0,178
RQ3 pool,draft max-5,margin,950.0,2586,982,0,178
RQ3 pool,draft max-5,margin,960.0,2574,994,0,178
RQ3 pool,draft max-5,margin,970.0,2564,1004,0,178
RQ3 pool,draft max-5,margin,980.0,2558,1010,0,178
RQ3 pool,draft max-5,margin,990.0,2552,1016,0,178
RQ3 pool,draft max-5,margin,1000.0,2544,1024,0,178
RQ3 pool,draft max-5,margin,1010.0,2538,1030,0,178
RQ3 pool,draft max-5,margin,1020.0,2532,1036,0,178
RQ3 pool,draft max-5,margin,1030.0,2520,1048,0,178
RQ3 pool,draft max-5,margin,1040.0,2508,1060,0,178
RQ3 pool,draft max-5,margin,1050.0,2498,1070,0,178
RQ3 pool,draft max-5,margin,1060.0,2494,1074,0,178
RQ3 pool,draft max-5,margin,1070.0,2492,1076,0,178
RQ3 pool,draft max-5,margin,1080.0,2482,1086,0,178
RQ3 pool,draft max-5,margin,1090.0,2472,1096,0,178
RQ3 pool,draft max-5,margin,1100.0,2466,1102,0,178
RQ3 pool,draft max-5,margin,1110.0,2460,1108,0,178
RQ3 pool,draft max-5,margin,1120.0,2446,1122,0,178
RQ3 pool,draft max-5,margin,1130.0,2436,1132,0,178
RQ3 pool,draft max-5,margin,1140.0,2432,1136,0,178
RQ3 pool,draft max-5,margin,1150.0,2422,1146,0,178
RQ3 pool,draft max-5,margin,1160.0,2414,1154,0,178
RQ3 pool,draft max-5,margin,1170.0,2404,1164,0,178
RQ3 pool,draft max-5,margin,1180.0,2396,1172,0,178
RQ3 pool,draft max-5,margin,1190.0,2392,1176,0,178
RQ3 pool,draft max-5,margin,1200.0,2380,1188,0,178
RQ3 pool,draft max-5,margin,1210.0,2374,1194,0,178
RQ3 pool,draft max-5,margin,1220.0,2350,1218,0,178
RQ3 pool,draft max-5,margin,1230.0,2348,1220,0,178
RQ3 pool,draft max-5,margin,1240.0,2338,1230,0,178
RQ3 pool,draft max-5,margin,1250.0,2334,1234,0,178
RQ3 pool,draft max-5,margin,1260.0,2328,1240,0,178
RQ3 pool,draft max-5,margin,1270.0,2316,1252,0,178
RQ3 pool,draft max-5,margin,1280.0,2304,1264,0,178
RQ3 pool,draft max-5,margin,1290.0,2296,1272,0,178
RQ3 pool,draft max-5,margin,1300.0,2294,1274,0,178
RQ3 pool,draft max-5,margin,1310.0,2288,1280,0,178
RQ3 pool,draft max-5,margin,1320.0,2280,1288,0,178
RQ3 pool,draft max-5,margin,1330.0,2268,1300,0,178
RQ3 pool,draft max-5,margin,1340.0,2266,1302,0,178
RQ3 pool,draft max-5,margin,1350.0,2258,1310,0,178
RQ3 pool,draft max-5,margin,1360.0,2252,1316,0,178
RQ3 pool,draft max-5,margin,1370.0,2248,1320,0,178
RQ3 pool,draft max-5,margin,1380.0,2240,1328,0,178
RQ3 pool,draft max-5,margin,1390.0,2234,1334,0,178
RQ3 pool,draft max-5,margin,1400.0,2224,1344,0,178
RQ3 pool,draft max-5,margin,1410.0,2216,1352,0,178
RQ3 pool,draft max-5,margin,1420.0,2210,1358,0,178
RQ3 pool,draft max-5,margin,1430.0,2204,1364,0,178
RQ3 pool,draft max-5,margin,1440.0,2198,1370,0,178
RQ3 pool,draft max-5,margin,1450.0,2192,1376,0,178
RQ3 pool,draft max-5,margin,1460.0,2190,1378,0,178
RQ3 pool,draft max-5,margin,1470.0,2182,1386,0,178
RQ3 pool,draft max-5,margin,1480.0,2170,1398,0,178
RQ3 pool,draft max-5,margin,1490.0,2164,1404,0,178
RQ3 pool,draft max-5,margin,1500.0,2150,1418,0,178
RQ3 pool,draft max-5,scale,1.0,3456,112,20,158
RQ3 pool,draft max-5,scale,1.01,3446,122,20,158
RQ3 pool,draft max-5,scale,1.02,3440,128,20,158
RQ3 pool,draft max-5,scale,1.03,3435,133,19,159
RQ3 pool,draft max-5,scale,1.04,3431,137,17,161
RQ3 pool,draft max-5,scale,1.05,3428,140,16,162
RQ3 pool,draft max-5,scale,1.06,3426,142,14,164
RQ3 pool,draft max-5,scale,1.07,3423,145,13,165
RQ3 pool,draft max-5,scale,1.08,3417,151,13,165
RQ3 pool,draft max-5,scale,1.09,3414,154,12,166
RQ3 pool,draft max-5,scale,1.1,3405,163,10,168
RQ3 pool,draft max-5,scale,1.11,3396,172,9,169
RQ3 pool,draft max-5,scale,1.12,3392,176,9,169
RQ3 pool,draft max-5,scale,1.13,3386,182,9,169
RQ3 pool,draft max-5,scale,1.14,3381,187,9,169
RQ3 pool,draft max-5,scale,1.15,3376,192,8,170
RQ3 pool,draft max-5,scale,1.16,3374,194,8,170
RQ3 pool,draft max-5,scale,1.17,3366,202,8,170
RQ3 pool,draft max-5,scale,1.18,3357,211,8,170
RQ3 pool,draft max-5,scale,1.19,3352,216,8,170
RQ3 pool,draft max-5,scale,1.2,3347,221,8,170
RQ3 pool,draft max-5,scale,1.21,3340,228,7,171
RQ3 pool,draft max-5,scale,1.22,3332,236,7,171
RQ3 pool,draft max-5,scale,1.23,3328,240,7,171
RQ3 pool,draft max-5,scale,1.24,3321,247,7,171
RQ3 pool,draft max-5,scale,1.25,3309,259,7,171
RQ3 pool,draft max-5,scale,1.26,3297,271,7,171
RQ3 pool,draft max-5,scale,1.27,3293,275,7,171
RQ3 pool,draft max-5,scale,1.28,3288,280,7,171
RQ3 pool,draft max-5,scale,1.29,3280,288,6,172
RQ3 pool,draft max-5,scale,1.3,3275,293,6,172
RQ3 pool,draft max-5,scale,1.31,3267,301,6,172
RQ3 pool,draft max-5,scale,1.32,3258,310,6,172
RQ3 pool,draft max-5,scale,1.33,3254,314,6,172
RQ3 pool,draft max-5,scale,1.34,3247,321,6,172
RQ3 pool,draft max-5,scale,1.35,3234,334,6,172
RQ3 pool,draft max-5,scale,1.36,3220,348,6,172
RQ3 pool,draft max-5,scale,1.37,3216,352,6,172
RQ3 pool,draft max-5,scale,1.38,3206,362,6,172
RQ3 pool,draft max-5,scale,1.39,3197,371,6,172
RQ3 pool,draft max-5,scale,1.4,3187,381,6,172
RQ3 pool,draft max-5,scale,1.41,3181,387,6,172
RQ3 pool,draft max-5,scale,1.42,3174,394,6,172
RQ3 pool,draft max-5,scale,1.43,3165,403,6,172
RQ3 pool,draft max-5,scale,1.44,3155,413,5,173
RQ3 pool,draft max-5,scale,1.45,3147,421,5,173
RQ3 pool,draft max-5,scale,1.46,3143,425,5,173
RQ3 pool,draft max-5,scale,1.47,3135,433,5,173
RQ3 pool,draft max-5,scale,1.48,3124,444,5,173
RQ3 pool,draft max-5,scale,1.49,3114,454,5,173
RQ3 pool,draft max-5,scale,1.5,3107,461,5,173
RQ3 pool,draft max-5,scale,1.51,3094,474,5,173
RQ3 pool,draft max-5,scale,1.52,3091,477,5,173
RQ3 pool,draft max-5,scale,1.53,3083,485,5,173
RQ3 pool,draft max-5,scale,1.54,3075,493,5,173
RQ3 pool,draft max-5,scale,1.55,3067,501,5,173
RQ3 pool,draft max-5,scale,1.56,3061,507,5,173
RQ3 pool,draft max-5,scale,1.57,3054,514,5,173
RQ3 pool,draft max-5,scale,1.58,3042,526,5,173
RQ3 pool,draft max-5,scale,1.59,3037,531,5,173
RQ3 pool,draft max-5,scale,1.6,3024,544,4,174
RQ3 pool,draft max-5,scale,1.61,3015,553,4,174
RQ3 pool,draft max-5,scale,1.62,3004,564,4,174
RQ3 pool,draft max-5,scale,1.63,2997,571,4,174
RQ3 pool,draft max-5,scale,1.64,2983,585,4,174
RQ3 pool,draft max-5,scale,1.65,2975,593,4,174
RQ3 pool,draft max-5,scale,1.66,2970,598,4,174
RQ3 pool,draft max-5,scale,1.67,2960,608,4,174
RQ3 pool,draft max-5,scale,1.68,2952,616,4,174
RQ3 pool,draft max-5,scale,1.69,2941,627,4,174
RQ3 pool,draft max-5,scale,1.7,2937,631,4,174
RQ3 pool,draft max-5,scale,1.71,2928,640,4,174
RQ3 pool,draft max-5,scale,1.72,2920,648,3,175
RQ3 pool,draft max-5,scale,1.73,2909,659,3,175
RQ3 pool,draft max-5,scale,1.74,2898,670,3,175
RQ3 pool,draft max-5,scale,1.75,2891,677,3,175
RQ3 pool,draft max-5,scale,1.76,2882,686,3,175
RQ3 pool,draft max-5,scale,1.77,2874,694,3,175
RQ3 pool,draft max-5,scale,1.78,2864,704,3,175
RQ3 pool,draft max-5,scale,1.79,2858,710,3,175
RQ3 pool,draft max-5,scale,1.8,2851,717,3,175
RQ3 pool,draft max-5,scale,1.81,2836,732,3,175
RQ3 pool,draft max-5,scale,1.82,2826,742,3,175
RQ3 pool,draft max-5,scale,1.83,2822,746,3,175
RQ3 pool,draft max-5,scale,1.84,2813,755,3,175
RQ3 pool,draft max-5,scale,1.85,2808,760,3,175
RQ3 pool,draft max-5,scale,1.86,2799,769,3,175
RQ3 pool,draft max-5,scale,1.87,2790,778,3,175
RQ3 pool,draft max-5,scale,1.88,2778,790,3,175
RQ3 pool,draft max-5,scale,1.89,2772,796,3,175
RQ3 pool,draft max-5,scale,1.9,2764,804,3,175
RQ3 pool,draft max-5,scale,1.91,2756,812,3,175
RQ3 pool,draft max-5,scale,1.92,2750,818,3,175
RQ3 pool,draft max-5,scale,1.93,2740,828,3,175
RQ3 pool,draft max-5,scale,1.94,2728,840,3,175
RQ3 pool,draft max-5,scale,1.95,2721,847,3,175
RQ3 pool,draft max-5,scale,1.96,2709,859,3,175
RQ3 pool,draft max-5,scale,1.97,2701,867,3,175
RQ3 pool,draft max-5,scale,1.98,2695,873,3,175
RQ3 pool,draft max-5,scale,1.99,2686,882,3,175
RQ3 pool,draft max-5,scale,2.0,2676,892,3,175
RQ3 pool,draft max-5,scale,2.01,2667,901,3,175
RQ3 pool,draft max-5,scale,2.02,2661,907,3,175
RQ3 pool,draft max-5,scale,2.03,2655,913,3,175
RQ3 pool,draft max-5,scale,2.04,2640,928,3,175
RQ3 pool,draft max-5,scale,2.05,2630,938,3,175
RQ3 pool,draft max-5,scale,2.06,2625,943,3,175
RQ3 pool,draft max-5,scale,2.07,2613,955,3,175
RQ3 pool,draft max-5,scale,2.08,2605,963,3,175
RQ3 pool,draft max-5,scale,2.09,2596,972,3,175
RQ3 pool,draft max-5,scale,2.1,2586,982,3,175
RQ3 pool,draft max-5,scale,2.11,2578,990,3,175
RQ3 pool,draft max-5,scale,2.12,2570,998,3,175
RQ3 pool,draft max-5,scale,2.13,2561,1007,3,175
RQ3 pool,draft max-5,scale,2.14,2556,1012,3,175
RQ3 pool,draft max-5,scale,2.15,2544,1024,3,175
RQ3 pool,draft max-5,scale,2.16,2533,1035,3,175
RQ3 pool,draft max-5,scale,2.17,2529,1039,3,175
RQ3 pool,draft max-5,scale,2.18,2526,1042,3,175
RQ3 pool,draft max-5,scale,2.19,2520,1048,3,175
RQ3 pool,draft max-5,scale,2.2,2508,1060,3,175
RQ3 pool,draft max-5,scale,2.21,2505,1063,3,175
RQ3 pool,draft max-5,scale,2.22,2496,1072,3,175
RQ3 pool,draft max-5,scale,2.23,2489,1079,3,175
RQ3 pool,draft max-5,scale,2.24,2480,1088,3,175
RQ3 pool,draft max-5,scale,2.25,2472,1096,3,175
RQ3 pool,draft max-5,scale,2.26,2458,1110,3,175
RQ3 pool,draft max-5,scale,2.27,2452,1116,3,175
RQ3 pool,draft max-5,scale,2.28,2448,1120,3,175
RQ3 pool,draft max-5,scale,2.29,2437,1131,3,175
RQ3 pool,draft max-5,scale,2.3,2421,1147,3,175
RQ3 pool,draft max-5,scale,2.31,2415,1153,3,175
RQ3 pool,draft max-5,scale,2.32,2408,1160,3,175
RQ3 pool,draft max-5,scale,2.33,2395,1173,3,175
RQ3 pool,draft max-5,scale,2.34,2385,1183,3,175
RQ3 pool,draft max-5,scale,2.35,2374,1194,3,175
RQ3 pool,draft max-5,scale,2.36,2367,1201,3,175
RQ3 pool,draft max-5,scale,2.37,2358,1210,3,175
RQ3 pool,draft max-5,scale,2.38,2353,1215,3,175
RQ3 pool,draft max-5,scale,2.39,2349,1219,3,175
RQ3 pool,draft max-5,scale,2.4,2336,1232,3,175
RQ3 pool,draft max-5,scale,2.41,2327,1241,3,175
RQ3 pool,draft max-5,scale,2.42,2321,1247,3,175
RQ3 pool,draft max-5,scale,2.43,2318,1250,3,175
RQ3 pool,draft max-5,scale,2.44,2312,1256,3,175
RQ3 pool,draft max-5,scale,2.45,2309,1259,3,175
RQ3 pool,draft max-5,scale,2.46,2303,1265,3,175
RQ3 pool,draft max-5,scale,2.47,2299,1269,3,175
RQ3 pool,draft max-5,scale,2.48,2292,1276,3,175
RQ3 pool,draft max-5,scale,2.49,2284,1284,3,175
RQ3 pool,draft max-5,scale,2.5,2282,1286,3,175
RQ3 pool,draft max-5,scale,2.51,2278,1290,3,175
RQ3 pool,draft max-5,scale,2.52,2265,1303,3,175
RQ3 pool,draft max-5,scale,2.53,2258,1310,3,175
RQ3 pool,draft max-5,scale,2.54,2254,1314,3,175
RQ3 pool,draft max-5,scale,2.55,2248,1320,3,175
RQ3 pool,draft max-5,scale,2.56,2246,1322,3,175
RQ3 pool,draft max-5,scale,2.57,2239,1329,3,175
RQ3 pool,draft max-5,scale,2.58,2230,1338,3,175
RQ3 pool,draft max-5,scale,2.59,2222,1346,3,175
RQ3 pool,draft max-5,scale,2.6,2210,1358,3,175
RQ3 pool,draft max-5,scale,2.61,2206,1362,3,175
RQ3 pool,draft max-5,scale,2.62,2203,1365,3,175
RQ3 pool,draft max-5,scale,2.63,2196,1372,3,175
RQ3 pool,draft max-5,scale,2.64,2187,1381,3,175
RQ3 pool,draft max-5,scale,2.65,2176,1392,3,175
RQ3 pool,draft max-5,scale,2.66,2169,1399,3,175
RQ3 pool,draft max-5,scale,2.67,2163,1405,3,175
RQ3 pool,draft max-5,scale,2.68,2157,1411,3,175
RQ3 pool,draft max-5,scale,2.69,2154,1414,3,175
RQ3 pool,draft max-5,scale,2.7,2148,1420,3,175
RQ3 pool,draft max-5,scale,2.71,2142,1426,3,175
RQ3 pool,draft max-5,scale,2.72,2136,1432,3,175
RQ3 pool,draft max-5,scale,2.73,2132,1436,3,175
RQ3 pool,draft max-5,scale,2.74,2124,1444,3,175
RQ3 pool,draft max-5,scale,2.75,2118,1450,3,175
RQ3 pool,draft max-5,scale,2.76,2112,1456,3,175
RQ3 pool,draft max-5,scale,2.77,2102,1466,3,175
RQ3 pool,draft max-5,scale,2.78,2094,1474,3,175
RQ3 pool,draft max-5,scale,2.79,2089,1479,3,175
RQ3 pool,draft max-5,scale,2.8,2088,1480,3,175
RQ3 pool,draft max-5,scale,2.81,2084,1484,3,175
RQ3 pool,draft max-5,scale,2.82,2077,1491,3,175
RQ3 pool,draft max-5,scale,2.83,2065,1503,3,175
RQ3 pool,draft max-5,scale,2.84,2061,1507,3,175
RQ3 pool,draft max-5,scale,2.85,2058,1510,3,175
RQ3 pool,draft max-5,scale,2.86,2049,1519,3,175
RQ3 pool,draft max-5,scale,2.87,2045,1523,3,175
RQ3 pool,draft max-5,scale,2.88,2038,1530,3,175
RQ3 pool,draft max-5,scale,2.89,2034,1534,3,175
RQ3 pool,draft max-5,scale,2.9,2029,1539,3,175
RQ3 pool,draft max-5,scale,2.91,2022,1546,3,175
RQ3 pool,draft max-5,scale,2.92,2017,1551,3,175
RQ3 pool,draft max-5,scale,2.93,2014,1554,3,175
RQ3 pool,draft max-5,scale,2.94,2011,1557,3,175
RQ3 pool,draft max-5,scale,2.95,2001,1567,3,175
RQ3 pool,draft max-5,scale,2.96,1996,1572,3,175
RQ3 pool,draft max-5,scale,2.97,1985,1583,3,175
RQ3 pool,draft max-5,scale,2.98,1976,1592,3,175
RQ3 pool,draft max-5,scale,2.99,1972,1596,3,175
RQ3 pool,draft max-5,scale,3.0,1967,1601,3,175
RQ3 pool,stage mean-3,margin,0.0,3554,14,42,136
RQ3 pool,stage mean-3,margin,10.0,3551,17,38,140
RQ3 pool,stage mean-3,margin,20.0,3548,20,35,143
RQ3 pool,stage mean-3,margin,30.0,3546,22,27,151
RQ3 pool,stage mean-3,margin,40.0,3540,28,24,154
RQ3 pool,stage mean-3,margin,50.0,3535,33,24,154
RQ3 pool,stage mean-3,margin,60.0,3533,35,22,156
RQ3 pool,stage mean-3,margin,70.0,3524,44,19,159
RQ3 pool,stage mean-3,margin,80.0,3518,50,18,160
RQ3 pool,stage mean-3,margin,90.0,3507,61,16,162
RQ3 pool,stage mean-3,margin,100.0,3501,67,15,163
RQ3 pool,stage mean-3,margin,110.0,3489,79,13,165
RQ3 pool,stage mean-3,margin,120.0,3484,84,12,166
RQ3 pool,stage mean-3,margin,130.0,3477,91,12,166
RQ3 pool,stage mean-3,margin,140.0,3473,95,11,167
RQ3 pool,stage mean-3,margin,150.0,3468,100,8,170
RQ3 pool,stage mean-3,margin,160.0,3464,104,8,170
RQ3 pool,stage mean-3,margin,170.0,3462,106,7,171
RQ3 pool,stage mean-3,margin,180.0,3459,109,6,172
RQ3 pool,stage mean-3,margin,190.0,3455,113,6,172
RQ3 pool,stage mean-3,margin,200.0,3452,116,6,172
RQ3 pool,stage mean-3,margin,210.0,3445,123,5,173
RQ3 pool,stage mean-3,margin,220.0,3441,127,5,173
RQ3 pool,stage mean-3,margin,230.0,3431,137,5,173
RQ3 pool,stage mean-3,margin,240.0,3426,142,5,173
RQ3 pool,stage mean-3,margin,250.0,3418,150,5,173
RQ3 pool,stage mean-3,margin,260.0,3414,154,5,173
RQ3 pool,stage mean-3,margin,270.0,3409,159,5,173
RQ3 pool,stage mean-3,margin,280.0,3404,164,5,173
RQ3 pool,stage mean-3,margin,290.0,3398,170,5,173
RQ3 pool,stage mean-3,margin,300.0,3391,177,5,173
RQ3 pool,stage mean-3,margin,310.0,3388,180,5,173
RQ3 pool,stage mean-3,margin,320.0,3379,189,5,173
RQ3 pool,stage mean-3,margin,330.0,3369,199,5,173
RQ3 pool,stage mean-3,margin,340.0,3365,203,5,173
RQ3 pool,stage mean-3,margin,350.0,3360,208,5,173
RQ3 pool,stage mean-3,margin,360.0,3346,222,4,174
RQ3 pool,stage mean-3,margin,370.0,3340,228,4,174
RQ3 pool,stage mean-3,margin,380.0,3328,240,3,175
RQ3 pool,stage mean-3,margin,390.0,3317,251,3,175
RQ3 pool,stage mean-3,margin,400.0,3306,262,2,176
RQ3 pool,stage mean-3,margin,410.0,3295,273,2,176
RQ3 pool,stage mean-3,margin,420.0,3285,283,2,176
RQ3 pool,stage mean-3,margin,430.0,3273,295,2,176
RQ3 pool,stage mean-3,margin,440.0,3266,302,2,176
RQ3 pool,stage mean-3,margin,450.0,3254,314,2,176
RQ3 pool,stage mean-3,margin,460.0,3245,323,2,176
RQ3 pool,stage mean-3,margin,470.0,3237,331,2,176
RQ3 pool,stage mean-3,margin,480.0,3233,335,2,176
RQ3 pool,stage mean-3,margin,490.0,3224,344,2,176
RQ3 pool,stage mean-3,margin,500.0,3218,350,2,176
RQ3 pool,stage mean-3,margin,510.0,3206,362,2,176
RQ3 pool,stage mean-3,margin,520.0,3192,376,2,176
RQ3 pool,stage mean-3,margin,530.0,3180,388,2,176
RQ3 pool,stage mean-3,margin,540.0,3171,397,2,176
RQ3 pool,stage mean-3,margin,550.0,3153,415,2,176
RQ3 pool,stage mean-3,margin,560.0,3148,420,2,176
RQ3 pool,stage mean-3,margin,570.0,3137,431,2,176
RQ3 pool,stage mean-3,margin,580.0,3121,447,1,177
RQ3 pool,stage mean-3,margin,590.0,3115,453,1,177
RQ3 pool,stage mean-3,margin,600.0,3105,463,1,177
RQ3 pool,stage mean-3,margin,610.0,3092,476,1,177
RQ3 pool,stage mean-3,margin,620.0,3083,485,1,177
RQ3 pool,stage mean-3,margin,630.0,3074,494,1,177
RQ3 pool,stage mean-3,margin,640.0,3065,503,1,177
RQ3 pool,stage mean-3,margin,650.0,3053,515,1,177
RQ3 pool,stage mean-3,margin,660.0,3042,526,1,177
RQ3 pool,stage mean-3,margin,670.0,3030,538,0,178
RQ3 pool,stage mean-3,margin,680.0,3022,546,0,178
RQ3 pool,stage mean-3,margin,690.0,3010,558,0,178
RQ3 pool,stage mean-3,margin,700.0,3002,566,0,178
RQ3 pool,stage mean-3,margin,710.0,2996,572,0,178
RQ3 pool,stage mean-3,margin,720.0,2985,583,0,178
RQ3 pool,stage mean-3,margin,730.0,2976,592,0,178
RQ3 pool,stage mean-3,margin,740.0,2963,605,0,178
RQ3 pool,stage mean-3,margin,750.0,2953,615,0,178
RQ3 pool,stage mean-3,margin,760.0,2944,624,0,178
RQ3 pool,stage mean-3,margin,770.0,2930,638,0,178
RQ3 pool,stage mean-3,margin,780.0,2922,646,0,178
RQ3 pool,stage mean-3,margin,790.0,2916,652,0,178
RQ3 pool,stage mean-3,margin,800.0,2912,656,0,178
RQ3 pool,stage mean-3,margin,810.0,2902,666,0,178
RQ3 pool,stage mean-3,margin,820.0,2892,676,0,178
RQ3 pool,stage mean-3,margin,830.0,2879,689,0,178
RQ3 pool,stage mean-3,margin,840.0,2867,701,0,178
RQ3 pool,stage mean-3,margin,850.0,2858,710,0,178
RQ3 pool,stage mean-3,margin,860.0,2844,724,0,178
RQ3 pool,stage mean-3,margin,870.0,2833,735,0,178
RQ3 pool,stage mean-3,margin,880.0,2825,743,0,178
RQ3 pool,stage mean-3,margin,890.0,2814,754,0,178
RQ3 pool,stage mean-3,margin,900.0,2800,768,0,178
RQ3 pool,stage mean-3,margin,910.0,2790,778,0,178
RQ3 pool,stage mean-3,margin,920.0,2780,788,0,178
RQ3 pool,stage mean-3,margin,930.0,2769,799,0,178
RQ3 pool,stage mean-3,margin,940.0,2764,804,0,178
RQ3 pool,stage mean-3,margin,950.0,2751,817,0,178
RQ3 pool,stage mean-3,margin,960.0,2743,825,0,178
RQ3 pool,stage mean-3,margin,970.0,2734,834,0,178
RQ3 pool,stage mean-3,margin,980.0,2728,840,0,178
RQ3 pool,stage mean-3,margin,990.0,2717,851,0,178
RQ3 pool,stage mean-3,margin,1000.0,2703,865,0,178
RQ3 pool,stage mean-3,margin,1010.0,2692,876,0,178
RQ3 pool,stage mean-3,margin,1020.0,2680,888,0,178
RQ3 pool,stage mean-3,margin,1030.0,2674,894,0,178
RQ3 pool,stage mean-3,margin,1040.0,2666,902,0,178
RQ3 pool,stage mean-3,margin,1050.0,2654,914,0,178
RQ3 pool,stage mean-3,margin,1060.0,2648,920,0,178
RQ3 pool,stage mean-3,margin,1070.0,2639,929,0,178
RQ3 pool,stage mean-3,margin,1080.0,2632,936,0,178
RQ3 pool,stage mean-3,margin,1090.0,2621,947,0,178
RQ3 pool,stage mean-3,margin,1100.0,2614,954,0,178
RQ3 pool,stage mean-3,margin,1110.0,2608,960,0,178
RQ3 pool,stage mean-3,margin,1120.0,2601,967,0,178
RQ3 pool,stage mean-3,margin,1130.0,2586,982,0,178
RQ3 pool,stage mean-3,margin,1140.0,2578,990,0,178
RQ3 pool,stage mean-3,margin,1150.0,2567,1001,0,178
RQ3 pool,stage mean-3,margin,1160.0,2557,1011,0,178
RQ3 pool,stage mean-3,margin,1170.0,2549,1019,0,178
RQ3 pool,stage mean-3,margin,1180.0,2538,1030,0,178
RQ3 pool,stage mean-3,margin,1190.0,2530,1038,0,178
RQ3 pool,stage mean-3,margin,1200.0,2521,1047,0,178
RQ3 pool,stage mean-3,margin,1210.0,2517,1051,0,178
RQ3 pool,stage mean-3,margin,1220.0,2508,1060,0,178
RQ3 pool,stage mean-3,margin,1230.0,2499,1069,0,178
RQ3 pool,stage mean-3,margin,1240.0,2492,1076,0,178
RQ3 pool,stage mean-3,margin,1250.0,2486,1082,0,178
RQ3 pool,stage mean-3,margin,1260.0,2480,1088,0,178
RQ3 pool,stage mean-3,margin,1270.0,2471,1097,0,178
RQ3 pool,stage mean-3,margin,1280.0,2463,1105,0,178
RQ3 pool,stage mean-3,margin,1290.0,2456,1112,0,178
RQ3 pool,stage mean-3,margin,1300.0,2448,1120,0,178
RQ3 pool,stage mean-3,margin,1310.0,2441,1127,0,178
RQ3 pool,stage mean-3,margin,1320.0,2432,1136,0,178
RQ3 pool,stage mean-3,margin,1330.0,2421,1147,0,178
RQ3 pool,stage mean-3,margin,1340.0,2416,1152,0,178
RQ3 pool,stage mean-3,margin,1350.0,2406,1162,0,178
RQ3 pool,stage mean-3,margin,1360.0,2399,1169,0,178
RQ3 pool,stage mean-3,margin,1370.0,2391,1177,0,178
RQ3 pool,stage mean-3,margin,1380.0,2386,1182,0,178
RQ3 pool,stage mean-3,margin,1390.0,2382,1186,0,178
RQ3 pool,stage mean-3,margin,1400.0,2377,1191,0,178
RQ3 pool,stage mean-3,margin,1410.0,2369,1199,0,178
RQ3 pool,stage mean-3,margin,1420.0,2361,1207,0,178
RQ3 pool,stage mean-3,margin,1430.0,2357,1211,0,178
RQ3 pool,stage mean-3,margin,1440.0,2351,1217,0,178
RQ3 pool,stage mean-3,margin,1450.0,2344,1224,0,178
RQ3 pool,stage mean-3,margin,1460.0,2338,1230,0,178
RQ3 pool,stage mean-3,margin,1470.0,2329,1239,0,178
RQ3 pool,stage mean-3,margin,1480.0,2320,1248,0,178
RQ3 pool,stage mean-3,margin,1490.0,2314,1254,0,178
RQ3 pool,stage mean-3,margin,1500.0,2310,1258,0,178
RQ3 pool,stage mean-3,scale,1.0,3554,14,42,136
RQ3 pool,stage mean-3,scale,1.01,3552,16,40,138
RQ3 pool,stage mean-3,scale,1.02,3549,19,35,143
RQ3 pool,stage mean-3,scale,1.03,3548,20,32,146
RQ3 pool,stage mean-3,scale,1.04,3547,21,27,151
RQ3 pool,stage mean-3,scale,1.05,3542,26,23,155
RQ3 pool,stage mean-3,scale,1.06,3539,29,21,157
RQ3 pool,stage mean-3,scale,1.07,3535,33,19,159
RQ3 pool,stage mean-3,scale,1.08,3528,40,19,159
RQ3 pool,stage mean-3,scale,1.09,3524,44,18,160
RQ3 pool,stage mean-3,scale,1.1,3515,53,16,162
RQ3 pool,stage mean-3,scale,1.11,3511,57,16,162
RQ3 pool,stage mean-3,scale,1.12,3505,63,15,163
RQ3 pool,stage mean-3,scale,1.13,3502,66,15,163
RQ3 pool,stage mean-3,scale,1.14,3501,67,12,166
RQ3 pool,stage mean-3,scale,1.15,3499,69,12,166
RQ3 pool,stage mean-3,scale,1.16,3490,78,11,167
RQ3 pool,stage mean-3,scale,1.17,3489,79,10,168
RQ3 pool,stage mean-3,scale,1.18,3485,83,10,168
RQ3 pool,stage mean-3,scale,1.19,3476,92,9,169
RQ3 pool,stage mean-3,scale,1.2,3465,103,9,169
RQ3 pool,stage mean-3,scale,1.21,3463,105,8,170
RQ3 pool,stage mean-3,scale,1.22,3460,108,7,171
RQ3 pool,stage mean-3,scale,1.23,3457,111,7,171
RQ3 pool,stage mean-3,scale,1.24,3456,112,7,171
RQ3 pool,stage mean-3,scale,1.25,3454,114,6,172
RQ3 pool,stage mean-3,scale,1.26,3452,116,5,173
RQ3 pool,stage mean-3,scale,1.27,3451,117,5,173
RQ3 pool,stage mean-3,scale,1.28,3447,121,5,173
RQ3 pool,stage mean-3,scale,1.29,3438,130,5,173
RQ3 pool,stage mean-3,scale,1.3,3438,130,5,173
RQ3 pool,stage mean-3,scale,1.31,3436,132,5,173
RQ3 pool,stage mean-3,scale,1.32,3429,139,5,173
RQ3 pool,stage mean-3,scale,1.33,3423,145,5,173
RQ3 pool,stage mean-3,scale,1.34,3417,151,4,174
RQ3 pool,stage mean-3,scale,1.35,3408,160,4,174
RQ3 pool,stage mean-3,scale,1.36,3402,166,4,174
RQ3 pool,stage mean-3,scale,1.37,3397,171,3,175
RQ3 pool,stage mean-3,scale,1.38,3388,180,3,175
RQ3 pool,stage mean-3,scale,1.39,3381,187,3,175
RQ3 pool,stage mean-3,scale,1.4,3376,192,3,175
RQ3 pool,stage mean-3,scale,1.41,3370,198,3,175
RQ3 pool,stage mean-3,scale,1.42,3366,202,3,175
RQ3 pool,stage mean-3,scale,1.43,3364,204,3,175
RQ3 pool,stage mean-3,scale,1.44,3354,214,3,175
RQ3 pool,stage mean-3,scale,1.45,3351,217,3,175
RQ3 pool,stage mean-3,scale,1.46,3344,224,3,175
RQ3 pool,stage mean-3,scale,1.47,3342,226,3,175
RQ3 pool,stage mean-3,scale,1.48,3333,235,3,175
RQ3 pool,stage mean-3,scale,1.49,3324,244,2,176
RQ3 pool,stage mean-3,scale,1.5,3320,248,2,176
RQ3 pool,stage mean-3,scale,1.51,3314,254,2,176
RQ3 pool,stage mean-3,scale,1.52,3309,259,2,176
RQ3 pool,stage mean-3,scale,1.53,3302,266,2,176
RQ3 pool,stage mean-3,scale,1.54,3293,275,2,176
RQ3 pool,stage mean-3,scale,1.55,3287,281,2,176
RQ3 pool,stage mean-3,scale,1.56,3280,288,2,176
RQ3 pool,stage mean-3,scale,1.57,3279,289,2,176
RQ3 pool,stage mean-3,scale,1.58,3274,294,1,177
RQ3 pool,stage mean-3,scale,1.59,3271,297,1,177
RQ3 pool,stage mean-3,scale,1.6,3262,306,1,177
RQ3 pool,stage mean-3,scale,1.61,3258,310,1,177
RQ3 pool,stage mean-3,scale,1.62,3250,318,1,177
RQ3 pool,stage mean-3,scale,1.63,3243,325,1,177
RQ3 pool,stage mean-3,scale,1.64,3237,331,1,177
RQ3 pool,stage mean-3,scale,1.65,3232,336,1,177
RQ3 pool,stage mean-3,scale,1.66,3222,346,1,177
RQ3 pool,stage mean-3,scale,1.67,3213,355,1,177
RQ3 pool,stage mean-3,scale,1.68,3207,361,1,177
RQ3 pool,stage mean-3,scale,1.69,3201,367,1,177
RQ3 pool,stage mean-3,scale,1.7,3195,373,1,177
RQ3 pool,stage mean-3,scale,1.71,3191,377,1,177
RQ3 pool,stage mean-3,scale,1.72,3184,384,1,177
RQ3 pool,stage mean-3,scale,1.73,3177,391,1,177
RQ3 pool,stage mean-3,scale,1.74,3170,398,1,177
RQ3 pool,stage mean-3,scale,1.75,3162,406,1,177
RQ3 pool,stage mean-3,scale,1.76,3151,417,1,177
RQ3 pool,stage mean-3,scale,1.77,3141,427,1,177
RQ3 pool,stage mean-3,scale,1.78,3132,436,1,177
RQ3 pool,stage mean-3,scale,1.79,3124,444,0,178
RQ3 pool,stage mean-3,scale,1.8,3116,452,0,178
RQ3 pool,stage mean-3,scale,1.81,3109,459,0,178
RQ3 pool,stage mean-3,scale,1.82,3101,467,0,178
RQ3 pool,stage mean-3,scale,1.83,3095,473,0,178
RQ3 pool,stage mean-3,scale,1.84,3083,485,0,178
RQ3 pool,stage mean-3,scale,1.85,3073,495,0,178
RQ3 pool,stage mean-3,scale,1.86,3069,499,0,178
RQ3 pool,stage mean-3,scale,1.87,3063,505,0,178
RQ3 pool,stage mean-3,scale,1.88,3057,511,0,178
RQ3 pool,stage mean-3,scale,1.89,3046,522,0,178
RQ3 pool,stage mean-3,scale,1.9,3042,526,0,178
RQ3 pool,stage mean-3,scale,1.91,3033,535,0,178
RQ3 pool,stage mean-3,scale,1.92,3023,545,0,178
RQ3 pool,stage mean-3,scale,1.93,3016,552,0,178
RQ3 pool,stage mean-3,scale,1.94,3006,562,0,178
RQ3 pool,stage mean-3,scale,1.95,3002,566,0,178
RQ3 pool,stage mean-3,scale,1.96,2993,575,0,178
RQ3 pool,stage mean-3,scale,1.97,2989,579,0,178
RQ3 pool,stage mean-3,scale,1.98,2982,586,0,178
RQ3 pool,stage mean-3,scale,1.99,2976,592,0,178
RQ3 pool,stage mean-3,scale,2.0,2973,595,0,178
RQ3 pool,stage mean-3,scale,2.01,2967,601,0,178
RQ3 pool,stage mean-3,scale,2.02,2961,607,0,178
RQ3 pool,stage mean-3,scale,2.03,2958,610,0,178
RQ3 pool,stage mean-3,scale,2.04,2953,615,0,178
RQ3 pool,stage mean-3,scale,2.05,2946,622,0,178
RQ3 pool,stage mean-3,scale,2.06,2943,625,0,178
RQ3 pool,stage mean-3,scale,2.07,2941,627,0,178
RQ3 pool,stage mean-3,scale,2.08,2937,631,0,178
RQ3 pool,stage mean-3,scale,2.09,2930,638,0,178
RQ3 pool,stage mean-3,scale,2.1,2925,643,0,178
RQ3 pool,stage mean-3,scale,2.11,2917,651,0,178
RQ3 pool,stage mean-3,scale,2.12,2911,657,0,178
RQ3 pool,stage mean-3,scale,2.13,2900,668,0,178
RQ3 pool,stage mean-3,scale,2.14,2894,674,0,178
RQ3 pool,stage mean-3,scale,2.15,2887,681,0,178
RQ3 pool,stage mean-3,scale,2.16,2879,689,0,178
RQ3 pool,stage mean-3,scale,2.17,2866,702,0,178
RQ3 pool,stage mean-3,scale,2.18,2858,710,0,178
RQ3 pool,stage mean-3,scale,2.19,2850,718,0,178
RQ3 pool,stage mean-3,scale,2.2,2845,723,0,178
RQ3 pool,stage mean-3,scale,2.21,2839,729,0,178
RQ3 pool,stage mean-3,scale,2.22,2834,734,0,178
RQ3 pool,stage mean-3,scale,2.23,2825,743,0,178
RQ3 pool,stage mean-3,scale,2.24,2821,747,0,178
RQ3 pool,stage mean-3,scale,2.25,2813,755,0,178
RQ3 pool,stage mean-3,scale,2.26,2808,760,0,178
RQ3 pool,stage mean-3,scale,2.27,2801,767,0,178
RQ3 pool,stage mean-3,scale,2.28,2794,774,0,178
RQ3 pool,stage mean-3,scale,2.29,2787,781,0,178
RQ3 pool,stage mean-3,scale,2.3,2778,790,0,178
RQ3 pool,stage mean-3,scale,2.31,2774,794,0,178
RQ3 pool,stage mean-3,scale,2.32,2767,801,0,178
RQ3 pool,stage mean-3,scale,2.33,2759,809,0,178
RQ3 pool,stage mean-3,scale,2.34,2755,813,0,178
RQ3 pool,stage mean-3,scale,2.35,2747,821,0,178
RQ3 pool,stage mean-3,scale,2.36,2739,829,0,178
RQ3 pool,stage mean-3,scale,2.37,2733,835,0,178
RQ3 pool,stage mean-3,scale,2.38,2724,844,0,178
RQ3 pool,stage mean-3,scale,2.39,2716,852,0,178
RQ3 pool,stage mean-3,scale,2.4,2708,860,0,178
RQ3 pool,stage mean-3,scale,2.41,2701,867,0,178
RQ3 pool,stage mean-3,scale,2.42,2694,874,0,178
RQ3 pool,stage mean-3,scale,2.43,2688,880,0,178
RQ3 pool,stage mean-3,scale,2.44,2682,886,0,178
RQ3 pool,stage mean-3,scale,2.45,2678,890,0,178
RQ3 pool,stage mean-3,scale,2.46,2671,897,0,178
RQ3 pool,stage mean-3,scale,2.47,2665,903,0,178
RQ3 pool,stage mean-3,scale,2.48,2659,909,0,178
RQ3 pool,stage mean-3,scale,2.49,2649,919,0,178
RQ3 pool,stage mean-3,scale,2.5,2640,928,0,178
RQ3 pool,stage mean-3,scale,2.51,2633,935,0,178
RQ3 pool,stage mean-3,scale,2.52,2628,940,0,178
RQ3 pool,stage mean-3,scale,2.53,2618,950,0,178
RQ3 pool,stage mean-3,scale,2.54,2612,956,0,178
RQ3 pool,stage mean-3,scale,2.55,2606,962,0,178
RQ3 pool,stage mean-3,scale,2.56,2602,966,0,178
RQ3 pool,stage mean-3,scale,2.57,2597,971,0,178
RQ3 pool,stage mean-3,scale,2.58,2589,979,0,178
RQ3 pool,stage mean-3,scale,2.59,2579,989,0,178
RQ3 pool,stage mean-3,scale,2.6,2569,999,0,178
RQ3 pool,stage mean-3,scale,2.61,2564,1004,0,178
RQ3 pool,stage mean-3,scale,2.62,2559,1009,0,178
RQ3 pool,stage mean-3,scale,2.63,2557,1011,0,178
RQ3 pool,stage mean-3,scale,2.64,2549,1019,0,178
RQ3 pool,stage mean-3,scale,2.65,2545,1023,0,178
RQ3 pool,stage mean-3,scale,2.66,2536,1032,0,178
RQ3 pool,stage mean-3,scale,2.67,2524,1044,0,178
RQ3 pool,stage mean-3,scale,2.68,2520,1048,0,178
RQ3 pool,stage mean-3,scale,2.69,2517,1051,0,178
RQ3 pool,stage mean-3,scale,2.7,2510,1058,0,178
RQ3 pool,stage mean-3,scale,2.71,2505,1063,0,178
RQ3 pool,stage mean-3,scale,2.72,2504,1064,0,178
RQ3 pool,stage mean-3,scale,2.73,2497,1071,0,178
RQ3 pool,stage mean-3,scale,2.74,2495,1073,0,178
RQ3 pool,stage mean-3,scale,2.75,2488,1080,0,178
RQ3 pool,stage mean-3,scale,2.76,2482,1086,0,178
RQ3 pool,stage mean-3,scale,2.77,2475,1093,0,178
RQ3 pool,stage mean-3,scale,2.78,2466,1102,0,178
RQ3 pool,stage mean-3,scale,2.79,2460,1108,0,178
RQ3 pool,stage mean-3,scale,2.8,2459,1109,0,178
RQ3 pool,stage mean-3,scale,2.81,2455,1113,0,178
RQ3 pool,stage mean-3,scale,2.82,2455,1113,0,178
RQ3 pool,stage mean-3,scale,2.83,2451,1117,0,178
RQ3 pool,stage mean-3,scale,2.84,2443,1125,0,178
RQ3 pool,stage mean-3,scale,2.85,2438,1130,0,178
RQ3 pool,stage mean-3,scale,2.86,2437,1131,0,178
RQ3 pool,stage mean-3,scale,2.87,2436,1132,0,178
RQ3 pool,stage mean-3,scale,2.88,2432,1136,0,178
RQ3 pool,stage mean-3,scale,2.89,2427,1141,0,178
RQ3 pool,stage mean-3,scale,2.9,2423,1145,0,178
RQ3 pool,stage mean-3,scale,2.91,2415,1153,0,178
RQ3 pool,stage mean-3,scale,2.92,2407,1161,0,178
RQ3 pool,stage mean-3,scale,2.93,2399,1169,0,178
RQ3 pool,stage mean-3,scale,2.94,2391,1177,0,178
RQ3 pool,stage mean-3,scale,2.95,2388,1180,0,178
RQ3 pool,stage mean-3,scale,2.96,2386,1182,0,178
RQ3 pool,stage mean-3,scale,2.97,2380,1188,0,178
RQ3 pool,stage mean-3,scale,2.98,2377,1191,0,178
RQ3 pool,stage mean-3,scale,2.99,2375,1193,0,178
RQ3 pool,stage mean-3,scale,3.0,2370,1198,0,178
RQ3 pool,stage max-5,margin,0.0,3485,83,10,168
RQ3 pool,stage max-5,margin,10.0,3478,90,10,168
RQ3 pool,stage max-5,margin,20.0,3471,97,10,168
RQ3 pool,stage max-5,margin,30.0,3468,100,8,170
RQ3 pool,stage max-5,margin,40.0,3461,107,8,170
RQ3 pool,stage max-5,margin,50.0,3451,117,8,170
RQ3 pool,stage max-5,margin,60.0,3445,123,7,171
RQ3 pool,stage max-5,margin,70.0,3435,133,6,172
RQ3 pool,stage max-5,margin,80.0,3429,139,6,172
RQ3 pool,stage max-5,margin,90.0,3424,144,5,173
RQ3 pool,stage max-5,margin,100.0,3418,150,4,174
RQ3 pool,stage max-5,margin,110.0,3412,156,4,174
RQ3 pool,stage max-5,margin,120.0,3409,159,4,174
RQ3 pool,stage max-5,margin,130.0,3403,165,3,175
RQ3 pool,stage max-5,margin,140.0,3396,172,3,175
RQ3 pool,stage max-5,margin,150.0,3391,177,3,175
RQ3 pool,stage max-5,margin,160.0,3386,182,3,175
RQ3 pool,stage max-5,margin,170.0,3382,186,3,175
RQ3 pool,stage max-5,margin,180.0,3371,197,3,175
RQ3 pool,stage max-5,margin,190.0,3364,204,3,175
RQ3 pool,stage max-5,margin,200.0,3357,211,2,176
RQ3 pool,stage max-5,margin,210.0,3351,217,2,176
RQ3 pool,stage max-5,margin,220.0,3341,227,2,176
RQ3 pool,stage max-5,margin,230.0,3331,237,2,176
RQ3 pool,stage max-5,margin,240.0,3321,247,2,176
RQ3 pool,stage max-5,margin,250.0,3311,257,2,176
RQ3 pool,stage max-5,margin,260.0,3304,264,2,176
RQ3 pool,stage max-5,margin,270.0,3295,273,2,176
RQ3 pool,stage max-5,margin,280.0,3290,278,2,176
RQ3 pool,stage max-5,margin,290.0,3285,283,2,176
RQ3 pool,stage max-5,margin,300.0,3275,293,2,176
RQ3 pool,stage max-5,margin,310.0,3267,301,2,176
RQ3 pool,stage max-5,margin,320.0,3258,310,2,176
RQ3 pool,stage max-5,margin,330.0,3243,325,2,176
RQ3 pool,stage max-5,margin,340.0,3235,333,2,176
RQ3 pool,stage max-5,margin,350.0,3225,343,2,176
RQ3 pool,stage max-5,margin,360.0,3220,348,2,176
RQ3 pool,stage max-5,margin,370.0,3208,360,2,176
RQ3 pool,stage max-5,margin,380.0,3198,370,2,176
RQ3 pool,stage max-5,margin,390.0,3186,382,2,176
RQ3 pool,stage max-5,margin,400.0,3176,392,2,176
RQ3 pool,stage max-5,margin,410.0,3168,400,2,176
RQ3 pool,stage max-5,margin,420.0,3160,408,2,176
RQ3 pool,stage max-5,margin,430.0,3150,418,2,176
RQ3 pool,stage max-5,margin,440.0,3142,426,2,176
RQ3 pool,stage max-5,margin,450.0,3138,430,2,176
RQ3 pool,stage max-5,margin,460.0,3126,442,2,176
RQ3 pool,stage max-5,margin,470.0,3108,460,2,176
RQ3 pool,stage max-5,margin,480.0,3100,468,1,177
RQ3 pool,stage max-5,margin,490.0,3093,475,1,177
RQ3 pool,stage max-5,margin,500.0,3081,487,1,177
RQ3 pool,stage max-5,margin,510.0,3076,492,1,177
RQ3 pool,stage max-5,margin,520.0,3069,499,1,177
RQ3 pool,stage max-5,margin,530.0,3058,510,1,177
RQ3 pool,stage max-5,margin,540.0,3045,523,1,177
RQ3 pool,stage max-5,margin,550.0,3033,535,1,177
RQ3 pool,stage max-5,margin,560.0,3023,545,1,177
RQ3 pool,stage max-5,margin,570.0,3018,550,1,177
RQ3 pool,stage max-5,margin,580.0,3010,558,1,177
RQ3 pool,stage max-5,margin,590.0,3003,565,1,177
RQ3 pool,stage max-5,margin,600.0,2996,572,1,177
RQ3 pool,stage max-5,margin,610.0,2976,592,1,177
RQ3 pool,stage max-5,margin,620.0,2968,600,0,178
RQ3 pool,stage max-5,margin,630.0,2957,611,0,178
RQ3 pool,stage max-5,margin,640.0,2947,621,0,178
RQ3 pool,stage max-5,margin,650.0,2936,632,0,178
RQ3 pool,stage max-5,margin,660.0,2924,644,0,178
RQ3 pool,stage max-5,margin,670.0,2913,655,0,178
RQ3 pool,stage max-5,margin,680.0,2903,665,0,178
RQ3 pool,stage max-5,margin,690.0,2892,676,0,178
RQ3 pool,stage max-5,margin,700.0,2883,685,0,178
RQ3 pool,stage max-5,margin,710.0,2869,699,0,178
RQ3 pool,stage max-5,margin,720.0,2860,708,0,178
RQ3 pool,stage max-5,margin,730.0,2846,722,0,178
RQ3 pool,stage max-5,margin,740.0,2839,729,0,178
RQ3 pool,stage max-5,margin,750.0,2829,739,0,178
RQ3 pool,stage max-5,margin,760.0,2822,746,0,178
RQ3 pool,stage max-5,margin,770.0,2809,759,0,178
RQ3 pool,stage max-5,margin,780.0,2797,771,0,178
RQ3 pool,stage max-5,margin,790.0,2782,786,0,178
RQ3 pool,stage max-5,margin,800.0,2770,798,0,178
RQ3 pool,stage max-5,margin,810.0,2759,809,0,178
RQ3 pool,stage max-5,margin,820.0,2752,816,0,178
RQ3 pool,stage max-5,margin,830.0,2744,824,0,178
RQ3 pool,stage max-5,margin,840.0,2735,833,0,178
RQ3 pool,stage max-5,margin,850.0,2729,839,0,178
RQ3 pool,stage max-5,margin,860.0,2718,850,0,178
RQ3 pool,stage max-5,margin,870.0,2708,860,0,178
RQ3 pool,stage max-5,margin,880.0,2700,868,0,178
RQ3 pool,stage max-5,margin,890.0,2694,874,0,178
RQ3 pool,stage max-5,margin,900.0,2687,881,0,178
RQ3 pool,stage max-5,margin,910.0,2672,896,0,178
RQ3 pool,stage max-5,margin,920.0,2659,909,0,178
RQ3 pool,stage max-5,margin,930.0,2651,917,0,178
RQ3 pool,stage max-5,margin,940.0,2643,925,0,178
RQ3 pool,stage max-5,margin,950.0,2631,937,0,178
RQ3 pool,stage max-5,margin,960.0,2625,943,0,178
RQ3 pool,stage max-5,margin,970.0,2618,950,0,178
RQ3 pool,stage max-5,margin,980.0,2602,966,0,178
RQ3 pool,stage max-5,margin,990.0,2591,977,0,178
RQ3 pool,stage max-5,margin,1000.0,2585,983,0,178
RQ3 pool,stage max-5,margin,1010.0,2576,992,0,178
RQ3 pool,stage max-5,margin,1020.0,2569,999,0,178
RQ3 pool,stage max-5,margin,1030.0,2561,1007,0,178
RQ3 pool,stage max-5,margin,1040.0,2552,1016,0,178
RQ3 pool,stage max-5,margin,1050.0,2542,1026,0,178
RQ3 pool,stage max-5,margin,1060.0,2532,1036,0,178
RQ3 pool,stage max-5,margin,1070.0,2525,1043,0,178
RQ3 pool,stage max-5,margin,1080.0,2520,1048,0,178
RQ3 pool,stage max-5,margin,1090.0,2510,1058,0,178
RQ3 pool,stage max-5,margin,1100.0,2503,1065,0,178
RQ3 pool,stage max-5,margin,1110.0,2491,1077,0,178
RQ3 pool,stage max-5,margin,1120.0,2481,1087,0,178
RQ3 pool,stage max-5,margin,1130.0,2470,1098,0,178
RQ3 pool,stage max-5,margin,1140.0,2458,1110,0,178
RQ3 pool,stage max-5,margin,1150.0,2449,1119,0,178
RQ3 pool,stage max-5,margin,1160.0,2442,1126,0,178
RQ3 pool,stage max-5,margin,1170.0,2434,1134,0,178
RQ3 pool,stage max-5,margin,1180.0,2427,1141,0,178
RQ3 pool,stage max-5,margin,1190.0,2423,1145,0,178
RQ3 pool,stage max-5,margin,1200.0,2419,1149,0,178
RQ3 pool,stage max-5,margin,1210.0,2410,1158,0,178
RQ3 pool,stage max-5,margin,1220.0,2402,1166,0,178
RQ3 pool,stage max-5,margin,1230.0,2393,1175,0,178
RQ3 pool,stage max-5,margin,1240.0,2389,1179,0,178
RQ3 pool,stage max-5,margin,1250.0,2385,1183,0,178
RQ3 pool,stage max-5,margin,1260.0,2375,1193,0,178
RQ3 pool,stage max-5,margin,1270.0,2370,1198,0,178
RQ3 pool,stage max-5,margin,1280.0,2360,1208,0,178
RQ3 pool,stage max-5,margin,1290.0,2352,1216,0,178
RQ3 pool,stage max-5,margin,1300.0,2350,1218,0,178
RQ3 pool,stage max-5,margin,1310.0,2348,1220,0,178
RQ3 pool,stage max-5,margin,1320.0,2341,1227,0,178
RQ3 pool,stage max-5,margin,1330.0,2337,1231,0,178
RQ3 pool,stage max-5,margin,1340.0,2332,1236,0,178
RQ3 pool,stage max-5,margin,1350.0,2324,1244,0,178
RQ3 pool,stage max-5,margin,1360.0,2318,1250,0,178
RQ3 pool,stage max-5,margin,1370.0,2304,1264,0,178
RQ3 pool,stage max-5,margin,1380.0,2294,1274,0,178
RQ3 pool,stage max-5,margin,1390.0,2290,1278,0,178
RQ3 pool,stage max-5,margin,1400.0,2280,1288,0,178
RQ3 pool,stage max-5,margin,1410.0,2273,1295,0,178
RQ3 pool,stage max-5,margin,1420.0,2268,1300,0,178
RQ3 pool,stage max-5,margin,1430.0,2261,1307,0,178
RQ3 pool,stage max-5,margin,1440.0,2252,1316,0,178
RQ3 pool,stage max-5,margin,1450.0,2243,1325,0,178
RQ3 pool,stage max-5,margin,1460.0,2237,1331,0,178
RQ3 pool,stage max-5,margin,1470.0,2228,1340,0,178
RQ3 pool,stage max-5,margin,1480.0,2222,1346,0,178
RQ3 pool,stage max-5,margin,1490.0,2210,1358,0,178
RQ3 pool,stage max-5,margin,1500.0,2203,1365,0,178
RQ3 pool,stage max-5,scale,1.0,3485,83,10,168
RQ3 pool,stage max-5,scale,1.01,3477,91,10,168
RQ3 pool,stage max-5,scale,1.02,3473,95,10,168
RQ3 pool,stage max-5,scale,1.03,3468,100,9,169
RQ3 pool,stage max-5,scale,1.04,3461,107,9,169
RQ3 pool,stage max-5,scale,1.05,3455,113,8,170
RQ3 pool,stage max-5,scale,1.06,3447,121,8,170
RQ3 pool,stage max-5,scale,1.07,3439,129,7,171
RQ3 pool,stage max-5,scale,1.08,3431,137,5,173
RQ3 pool,stage max-5,scale,1.09,3429,139,5,173
RQ3 pool,stage max-5,scale,1.1,3425,143,4,174
RQ3 pool,stage max-5,scale,1.11,3420,148,4,174
RQ3 pool,stage max-5,scale,1.12,3414,154,4,174
RQ3 pool,stage max-5,scale,1.13,3407,161,4,174
RQ3 pool,stage max-5,scale,1.14,3399,169,4,174
RQ3 pool,stage max-5,scale,1.15,3397,171,4,174
RQ3 pool,stage max-5,scale,1.16,3391,177,4,174
RQ3 pool,stage max-5,scale,1.17,3387,181,4,174
RQ3 pool,stage max-5,scale,1.18,3377,191,4,174
RQ3 pool,stage max-5,scale,1.19,3369,199,4,174
RQ3 pool,stage max-5,scale,1.2,3366,202,3,175
RQ3 pool,stage max-5,scale,1.21,3355,213,3,175
RQ3 pool,stage max-5,scale,1.22,3351,217,3,175
RQ3 pool,stage max-5,scale,1.23,3345,223,3,175
RQ3 pool,stage max-5,scale,1.24,3338,230,3,175
RQ3 pool,stage max-5,scale,1.25,3334,234,2,176
RQ3 pool,stage max-5,scale,1.26,3326,242,2,176
RQ3 pool,stage max-5,scale,1.27,3321,247,2,176
RQ3 pool,stage max-5,scale,1.28,3310,258,2,176
RQ3 pool,stage max-5,scale,1.29,3300,268,2,176
RQ3 pool,stage max-5,scale,1.3,3295,273,2,176
RQ3 pool,stage max-5,scale,1.31,3291,277,2,176
RQ3 pool,stage max-5,scale,1.32,3285,283,2,176
RQ3 pool,stage max-5,scale,1.33,3278,290,2,176
RQ3 pool,stage max-5,scale,1.34,3270,298,2,176
RQ3 pool,stage max-5,scale,1.35,3262,306,2,176
RQ3 pool,stage max-5,scale,1.36,3254,314,2,176
RQ3 pool,stage max-5,scale,1.37,3248,320,1,177
RQ3 pool,stage max-5,scale,1.38,3238,330,1,177
RQ3 pool,stage max-5,scale,1.39,3228,340,1,177
RQ3 pool,stage max-5,scale,1.4,3223,345,1,177
RQ3 pool,stage max-5,scale,1.41,3218,350,1,177
RQ3 pool,stage max-5,scale,1.42,3214,354,1,177
RQ3 pool,stage max-5,scale,1.43,3205,363,1,177
RQ3 pool,stage max-5,scale,1.44,3195,373,1,177
RQ3 pool,stage max-5,scale,1.45,3188,380,1,177
RQ3 pool,stage max-5,scale,1.46,3183,385,1,177
RQ3 pool,stage max-5,scale,1.47,3174,394,1,177
RQ3 pool,stage max-5,scale,1.48,3167,401,1,177
RQ3 pool,stage max-5,scale,1.49,3158,410,1,177
RQ3 pool,stage max-5,scale,1.5,3151,417,1,177
RQ3 pool,stage max-5,scale,1.51,3144,424,1,177
RQ3 pool,stage max-5,scale,1.52,3135,433,1,177
RQ3 pool,stage max-5,scale,1.53,3129,439,1,177
RQ3 pool,stage max-5,scale,1.54,3121,447,1,177
RQ3 pool,stage max-5,scale,1.55,3113,455,1,177
RQ3 pool,stage max-5,scale,1.56,3103,465,1,177
RQ3 pool,stage max-5,scale,1.57,3096,472,1,177
RQ3 pool,stage max-5,scale,1.58,3086,482,1,177
RQ3 pool,stage max-5,scale,1.59,3071,497,1,177
RQ3 pool,stage max-5,scale,1.6,3066,502,1,177
RQ3 pool,stage max-5,scale,1.61,3052,516,1,177
RQ3 pool,stage max-5,scale,1.62,3048,520,1,177
RQ3 pool,stage max-5,scale,1.63,3038,530,1,177
RQ3 pool,stage max-5,scale,1.64,3031,537,1,177
RQ3 pool,stage max-5,scale,1.65,3025,543,1,177
RQ3 pool,stage max-5,scale,1.66,3021,547,1,177
RQ3 pool,stage max-5,scale,1.67,3008,560,1,177
RQ3 pool,stage max-5,scale,1.68,2996,572,1,177
RQ3 pool,stage max-5,scale,1.69,2980,588,0,178
RQ3 pool,stage max-5,scale,1.7,2975,593,0,178
RQ3 pool,stage max-5,scale,1.71,2967,601,0,178
RQ3 pool,stage max-5,scale,1.72,2959,609,0,178
RQ3 pool,stage max-5,scale,1.73,2949,619,0,178
RQ3 pool,stage max-5,scale,1.74,2937,631,0,178
RQ3 pool,stage max-5,scale,1.75,2932,636,0,178
RQ3 pool,stage max-5,scale,1.76,2927,641,0,178
RQ3 pool,stage max-5,scale,1.77,2923,645,0,178
RQ3 pool,stage max-5,scale,1.78,2911,657,0,178
RQ3 pool,stage max-5,scale,1.79,2906,662,0,178
RQ3 pool,stage max-5,scale,1.8,2897,671,0,178
RQ3 pool,stage max-5,scale,1.81,2891,677,0,178
RQ3 pool,stage max-5,scale,1.82,2887,681,0,178
RQ3 pool,stage max-5,scale,1.83,2882,686,0,178
RQ3 pool,stage max-5,scale,1.84,2876,692,0,178
RQ3 pool,stage max-5,scale,1.85,2871,697,0,178
RQ3 pool,stage max-5,scale,1.86,2864,704,0,178
RQ3 pool,stage max-5,scale,1.87,2854,714,0,178
RQ3 pool,stage max-5,scale,1.88,2846,722,0,178
RQ3 pool,stage max-5,scale,1.89,2840,728,0,178
RQ3 pool,stage max-5,scale,1.9,2832,736,0,178
RQ3 pool,stage max-5,scale,1.91,2825,743,0,178
RQ3 pool,stage max-5,scale,1.92,2820,748,0,178
RQ3 pool,stage max-5,scale,1.93,2810,758,0,178
RQ3 pool,stage max-5,scale,1.94,2802,766,0,178
RQ3 pool,stage max-5,scale,1.95,2789,779,0,178
RQ3 pool,stage max-5,scale,1.96,2781,787,0,178
RQ3 pool,stage max-5,scale,1.97,2778,790,0,178
RQ3 pool,stage max-5,scale,1.98,2776,792,0,178
RQ3 pool,stage max-5,scale,1.99,2767,801,0,178
RQ3 pool,stage max-5,scale,2.0,2764,804,0,178
RQ3 pool,stage max-5,scale,2.01,2756,812,0,178
RQ3 pool,stage max-5,scale,2.02,2750,818,0,178
RQ3 pool,stage max-5,scale,2.03,2740,828,0,178
RQ3 pool,stage max-5,scale,2.04,2731,837,0,178
RQ3 pool,stage max-5,scale,2.05,2715,853,0,178
RQ3 pool,stage max-5,scale,2.06,2711,857,0,178
RQ3 pool,stage max-5,scale,2.07,2699,869,0,178
RQ3 pool,stage max-5,scale,2.08,2695,873,0,178
RQ3 pool,stage max-5,scale,2.09,2681,887,0,178
RQ3 pool,stage max-5,scale,2.1,2670,898,0,178
RQ3 pool,stage max-5,scale,2.11,2663,905,0,178
RQ3 pool,stage max-5,scale,2.12,2652,916,0,178
RQ3 pool,stage max-5,scale,2.13,2641,927,0,178
RQ3 pool,stage max-5,scale,2.14,2638,930,0,178
RQ3 pool,stage max-5,scale,2.15,2627,941,0,178
RQ3 pool,stage max-5,scale,2.16,2616,952,0,178
RQ3 pool,stage max-5,scale,2.17,2607,961,0,178
RQ3 pool,stage max-5,scale,2.18,2607,961,0,178
RQ3 pool,stage max-5,scale,2.19,2598,970,0,178
RQ3 pool,stage max-5,scale,2.2,2590,978,0,178
RQ3 pool,stage max-5,scale,2.21,2583,985,0,178
RQ3 pool,stage max-5,scale,2.22,2579,989,0,178
RQ3 pool,stage max-5,scale,2.23,2572,996,0,178
RQ3 pool,stage max-5,scale,2.24,2568,1000,0,178
RQ3 pool,stage max-5,scale,2.25,2562,1006,0,178
RQ3 pool,stage max-5,scale,2.26,2554,1014,0,178
RQ3 pool,stage max-5,scale,2.27,2547,1021,0,178
RQ3 pool,stage max-5,scale,2.28,2541,1027,0,178
RQ3 pool,stage max-5,scale,2.29,2529,1039,0,178
RQ3 pool,stage max-5,scale,2.3,2521,1047,0,178
RQ3 pool,stage max-5,scale,2.31,2512,1056,0,178
RQ3 pool,stage max-5,scale,2.32,2507,1061,0,178
RQ3 pool,stage max-5,scale,2.33,2501,1067,0,178
RQ3 pool,stage max-5,scale,2.34,2496,1072,0,178
RQ3 pool,stage max-5,scale,2.35,2487,1081,0,178
RQ3 pool,stage max-5,scale,2.36,2483,1085,0,178
RQ3 pool,stage max-5,scale,2.37,2478,1090,0,178
RQ3 pool,stage max-5,scale,2.38,2471,1097,0,178
RQ3 pool,stage max-5,scale,2.39,2465,1103,0,178
RQ3 pool,stage max-5,scale,2.4,2460,1108,0,178
RQ3 pool,stage max-5,scale,2.41,2446,1122,0,178
RQ3 pool,stage max-5,scale,2.42,2441,1127,0,178
RQ3 pool,stage max-5,scale,2.43,2437,1131,0,178
RQ3 pool,stage max-5,scale,2.44,2432,1136,0,178
RQ3 pool,stage max-5,scale,2.45,2428,1140,0,178
RQ3 pool,stage max-5,scale,2.46,2423,1145,0,178
RQ3 pool,stage max-5,scale,2.47,2417,1151,0,178
RQ3 pool,stage max-5,scale,2.48,2416,1152,0,178
RQ3 pool,stage max-5,scale,2.49,2410,1158,0,178
RQ3 pool,stage max-5,scale,2.5,2401,1167,0,178
RQ3 pool,stage max-5,scale,2.51,2399,1169,0,178
RQ3 pool,stage max-5,scale,2.52,2391,1177,0,178
RQ3 pool,stage max-5,scale,2.53,2382,1186,0,178
RQ3 pool,stage max-5,scale,2.54,2378,1190,0,178
RQ3 pool,stage max-5,scale,2.55,2369,1199,0,178
RQ3 pool,stage max-5,scale,2.56,2363,1205,0,178
RQ3 pool,stage max-5,scale,2.57,2357,1211,0,178
RQ3 pool,stage max-5,scale,2.58,2351,1217,0,178
RQ3 pool,stage max-5,scale,2.59,2344,1224,0,178
RQ3 pool,stage max-5,scale,2.6,2339,1229,0,178
RQ3 pool,stage max-5,scale,2.61,2335,1233,0,178
RQ3 pool,stage max-5,scale,2.62,2332,1236,0,178
RQ3 pool,stage max-5,scale,2.63,2331,1237,0,178
RQ3 pool,stage max-5,scale,2.64,2327,1241,0,178
RQ3 pool,stage max-5,scale,2.65,2322,1246,0,178
RQ3 pool,stage max-5,scale,2.66,2315,1253,0,178
RQ3 pool,stage max-5,scale,2.67,2308,1260,0,178
RQ3 pool,stage max-5,scale,2.68,2299,1269,0,178
RQ3 pool,stage max-5,scale,2.69,2296,1272,0,178
RQ3 pool,stage max-5,scale,2.7,2292,1276,0,178
RQ3 pool,stage max-5,scale,2.71,2287,1281,0,178
RQ3 pool,stage max-5,scale,2.72,2280,1288,0,178
RQ3 pool,stage max-5,scale,2.73,2275,1293,0,178
RQ3 pool,stage max-5,scale,2.74,2274,1294,0,178
RQ3 pool,stage max-5,scale,2.75,2271,1297,0,178
RQ3 pool,stage max-5,scale,2.76,2263,1305,0,178
RQ3 pool,stage max-5,scale,2.77,2255,1313,0,178
RQ3 pool,stage max-5,scale,2.78,2250,1318,0,178
RQ3 pool,stage max-5,scale,2.79,2244,1324,0,178
RQ3 pool,stage max-5,scale,2.8,2239,1329,0,178
RQ3 pool,stage max-5,scale,2.81,2235,1333,0,178
RQ3 pool,stage max-5,scale,2.82,2227,1341,0,178
RQ3 pool,stage max-5,scale,2.83,2223,1345,0,178
RQ3 pool,stage max-5,scale,2.84,2218,1350,0,178
RQ3 pool,stage max-5,scale,2.85,2211,1357,0,178
RQ3 pool,stage max-5,scale,2.86,2203,1365,0,178
RQ3 pool,stage max-5,scale,2.87,2197,1371,0,178
RQ3 pool,stage max-5,scale,2.88,2188,1380,0,178
RQ3 pool,stage max-5,scale,2.89,2186,1382,0,178
RQ3 pool,stage max-5,scale,2.9,2178,1390,0,178
RQ3 pool,stage max-5,scale,2.91,2170,1398,0,178
RQ3 pool,stage max-5,scale,2.92,2164,1404,0,178
RQ3 pool,stage max-5,scale,2.93,2160,1408,0,178
RQ3 pool,stage max-5,scale,2.94,2157,1411,0,178
RQ3 pool,stage max-5,scale,2.95,2156,1412,0,178
RQ3 pool,stage max-5,scale,2.96,2154,1414,0,178
RQ3 pool,stage max-5,scale,2.97,2148,1420,0,178
RQ3 pool,stage max-5,scale,2.98,2146,1422,0,178
RQ3 pool,stage max-5,scale,2.99,2138,1430,0,178
RQ3 pool,stage max-5,scale,3.0,2132,1436,0,178
RQ3 pool,stage+r mean-3,margin,0.0,3552,16,40,138
RQ3 pool,stage+r mean-3,margin,10.0,3549,19,33,145
RQ3 pool,stage+r mean-3,margin,20.0,3546,22,26,152
RQ3 pool,stage+r mean-3,margin,30.0,3542,26,24,154
RQ3 pool,stage+r mean-3,margin,40.0,3534,34,23,155
RQ3 pool,stage+r mean-3,margin,50.0,3530,38,22,156
RQ3 pool,stage+r mean-3,margin,60.0,3526,42,18,160
RQ3 pool,stage+r mean-3,margin,70.0,3516,52,18,160
RQ3 pool,stage+r mean-3,margin,80.0,3507,61,16,162
RQ3 pool,stage+r mean-3,margin,90.0,3499,69,13,165
RQ3 pool,stage+r mean-3,margin,100.0,3487,81,13,165
RQ3 pool,stage+r mean-3,margin,110.0,3484,84,12,166
RQ3 pool,stage+r mean-3,margin,120.0,3478,90,11,167
RQ3 pool,stage+r mean-3,margin,130.0,3473,95,10,168
RQ3 pool,stage+r mean-3,margin,140.0,3468,100,9,169
RQ3 pool,stage+r mean-3,margin,150.0,3466,102,8,170
RQ3 pool,stage+r mean-3,margin,160.0,3464,104,7,171
RQ3 pool,stage+r mean-3,margin,170.0,3459,109,6,172
RQ3 pool,stage+r mean-3,margin,180.0,3456,112,6,172
RQ3 pool,stage+r mean-3,margin,190.0,3451,117,5,173
RQ3 pool,stage+r mean-3,margin,200.0,3448,120,5,173
RQ3 pool,stage+r mean-3,margin,210.0,3442,126,5,173
RQ3 pool,stage+r mean-3,margin,220.0,3434,134,5,173
RQ3 pool,stage+r mean-3,margin,230.0,3426,142,5,173
RQ3 pool,stage+r mean-3,margin,240.0,3418,150,5,173
RQ3 pool,stage+r mean-3,margin,250.0,3414,154,5,173
RQ3 pool,stage+r mean-3,margin,260.0,3411,157,5,173
RQ3 pool,stage+r mean-3,margin,270.0,3406,162,5,173
RQ3 pool,stage+r mean-3,margin,280.0,3399,169,5,173
RQ3 pool,stage+r mean-3,margin,290.0,3392,176,5,173
RQ3 pool,stage+r mean-3,margin,300.0,3390,178,5,173
RQ3 pool,stage+r mean-3,margin,310.0,3376,192,5,173
RQ3 pool,stage+r mean-3,margin,320.0,3369,199,5,173
RQ3 pool,stage+r mean-3,margin,330.0,3363,205,5,173
RQ3 pool,stage+r mean-3,margin,340.0,3358,210,5,173
RQ3 pool,stage+r mean-3,margin,350.0,3347,221,5,173
RQ3 pool,stage+r mean-3,margin,360.0,3338,230,4,174
RQ3 pool,stage+r mean-3,margin,370.0,3329,239,3,175
RQ3 pool,stage+r mean-3,margin,380.0,3317,251,3,175
RQ3 pool,stage+r mean-3,margin,390.0,3307,261,2,176
RQ3 pool,stage+r mean-3,margin,400.0,3297,271,2,176
RQ3 pool,stage+r mean-3,margin,410.0,3286,282,2,176
RQ3 pool,stage+r mean-3,margin,420.0,3275,293,2,176
RQ3 pool,stage+r mean-3,margin,430.0,3266,302,2,176
RQ3 pool,stage+r mean-3,margin,440.0,3255,313,2,176
RQ3 pool,stage+r mean-3,margin,450.0,3246,322,2,176
RQ3 pool,stage+r mean-3,margin,460.0,3238,330,2,176
RQ3 pool,stage+r mean-3,margin,470.0,3232,336,2,176
RQ3 pool,stage+r mean-3,margin,480.0,3224,344,2,176
RQ3 pool,stage+r mean-3,margin,490.0,3217,351,2,176
RQ3 pool,stage+r mean-3,margin,500.0,3203,365,2,176
RQ3 pool,stage+r mean-3,margin,510.0,3193,375,2,176
RQ3 pool,stage+r mean-3,margin,520.0,3181,387,2,176
RQ3 pool,stage+r mean-3,margin,530.0,3169,399,2,176
RQ3 pool,stage+r mean-3,margin,540.0,3155,413,2,176
RQ3 pool,stage+r mean-3,margin,550.0,3149,419,2,176
RQ3 pool,stage+r mean-3,margin,560.0,3139,429,1,177
RQ3 pool,stage+r mean-3,margin,570.0,3125,443,1,177
RQ3 pool,stage+r mean-3,margin,580.0,3115,453,1,177
RQ3 pool,stage+r mean-3,margin,590.0,3102,466,1,177
RQ3 pool,stage+r mean-3,margin,600.0,3094,474,1,177
RQ3 pool,stage+r mean-3,margin,610.0,3085,483,1,177
RQ3 pool,stage+r mean-3,margin,620.0,3073,495,1,177
RQ3 pool,stage+r mean-3,margin,630.0,3066,502,1,177
RQ3 pool,stage+r mean-3,margin,640.0,3056,512,1,177
RQ3 pool,stage+r mean-3,margin,650.0,3042,526,1,177
RQ3 pool,stage+r mean-3,margin,660.0,3032,536,0,178
RQ3 pool,stage+r mean-3,margin,670.0,3023,545,0,178
RQ3 pool,stage+r mean-3,margin,680.0,3011,557,0,178
RQ3 pool,stage+r mean-3,margin,690.0,3004,564,0,178
RQ3 pool,stage+r mean-3,margin,700.0,2998,570,0,178
RQ3 pool,stage+r mean-3,margin,710.0,2986,582,0,178
RQ3 pool,stage+r mean-3,margin,720.0,2975,593,0,178
RQ3 pool,stage+r mean-3,margin,730.0,2964,604,0,178
RQ3 pool,stage+r mean-3,margin,740.0,2953,615,0,178
RQ3 pool,stage+r mean-3,margin,750.0,2945,623,0,178
RQ3 pool,stage+r mean-3,margin,760.0,2934,634,0,178
RQ3 pool,stage+r mean-3,margin,770.0,2921,647,0,178
RQ3 pool,stage+r mean-3,margin,780.0,2916,652,0,178
RQ3 pool,stage+r mean-3,margin,790.0,2910,658,0,178
RQ3 pool,stage+r mean-3,margin,800.0,2901,667,0,178
RQ3 pool,stage+r mean-3,margin,810.0,2891,677,0,178
RQ3 pool,stage+r mean-3,margin,820.0,2878,690,0,178
RQ3 pool,stage+r mean-3,margin,830.0,2868,700,0,178
RQ3 pool,stage+r mean-3,margin,840.0,2859,709,0,178
RQ3 pool,stage+r mean-3,margin,850.0,2845,723,0,178
RQ3 pool,stage+r mean-3,margin,860.0,2837,731,0,178
RQ3 pool,stage+r mean-3,margin,870.0,2826,742,0,178
RQ3 pool,stage+r mean-3,margin,880.0,2817,751,0,178
RQ3 pool,stage+r mean-3,margin,890.0,2799,769,0,178
RQ3 pool,stage+r mean-3,margin,900.0,2791,777,0,178
RQ3 pool,stage+r mean-3,margin,910.0,2784,784,0,178
RQ3 pool,stage+r mean-3,margin,920.0,2770,798,0,178
RQ3 pool,stage+r mean-3,margin,930.0,2764,804,0,178
RQ3 pool,stage+r mean-3,margin,940.0,2752,816,0,178
RQ3 pool,stage+r mean-3,margin,950.0,2742,826,0,178
RQ3 pool,stage+r mean-3,margin,960.0,2735,833,0,178
RQ3 pool,stage+r mean-3,margin,970.0,2729,839,0,178
RQ3 pool,stage+r mean-3,margin,980.0,2718,850,0,178
RQ3 pool,stage+r mean-3,margin,990.0,2703,865,0,178
RQ3 pool,stage+r mean-3,margin,1000.0,2694,874,0,178
RQ3 pool,stage+r mean-3,margin,1010.0,2683,885,0,178
RQ3 pool,stage+r mean-3,margin,1020.0,2675,893,0,178
RQ3 pool,stage+r mean-3,margin,1030.0,2666,902,0,178
RQ3 pool,stage+r mean-3,margin,1040.0,2655,913,0,178
RQ3 pool,stage+r mean-3,margin,1050.0,2649,919,0,178
RQ3 pool,stage+r mean-3,margin,1060.0,2640,928,0,178
RQ3 pool,stage+r mean-3,margin,1070.0,2629,939,0,178
RQ3 pool,stage+r mean-3,margin,1080.0,2622,946,0,178
RQ3 pool,stage+r mean-3,margin,1090.0,2616,952,0,178
RQ3 pool,stage+r mean-3,margin,1100.0,2607,961,0,178
RQ3 pool,stage+r mean-3,margin,1110.0,2600,968,0,178
RQ3 pool,stage+r mean-3,margin,1120.0,2588,980,0,178
RQ3 pool,stage+r mean-3,margin,1130.0,2581,987,0,178
RQ3 pool,stage+r mean-3,margin,1140.0,2567,1001,0,178
RQ3 pool,stage+r mean-3,margin,1150.0,2556,1012,0,178
RQ3 pool,stage+r mean-3,margin,1160.0,2550,1018,0,178
RQ3 pool,stage+r mean-3,margin,1170.0,2541,1027,0,178
RQ3 pool,stage+r mean-3,margin,1180.0,2527,1041,0,178
RQ3 pool,stage+r mean-3,margin,1190.0,2520,1048,0,178
RQ3 pool,stage+r mean-3,margin,1200.0,2516,1052,0,178
RQ3 pool,stage+r mean-3,margin,1210.0,2508,1060,0,178
RQ3 pool,stage+r mean-3,margin,1220.0,2501,1067,0,178
RQ3 pool,stage+r mean-3,margin,1230.0,2493,1075,0,178
RQ3 pool,stage+r mean-3,margin,1240.0,2487,1081,0,178
RQ3 pool,stage+r mean-3,margin,1250.0,2479,1089,0,178
RQ3 pool,stage+r mean-3,margin,1260.0,2471,1097,0,178
RQ3 pool,stage+r mean-3,margin,1270.0,2465,1103,0,178
RQ3 pool,stage+r mean-3,margin,1280.0,2456,1112,0,178
RQ3 pool,stage+r mean-3,margin,1290.0,2450,1118,0,178
RQ3 pool,stage+r mean-3,margin,1300.0,2441,1127,0,178
RQ3 pool,stage+r mean-3,margin,1310.0,2431,1137,0,178
RQ3 pool,stage+r mean-3,margin,1320.0,2422,1146,0,178
RQ3 pool,stage+r mean-3,margin,1330.0,2416,1152,0,178
RQ3 pool,stage+r mean-3,margin,1340.0,2407,1161,0,178
RQ3 pool,stage+r mean-3,margin,1350.0,2401,1167,0,178
RQ3 pool,stage+r mean-3,margin,1360.0,2394,1174,0,178
RQ3 pool,stage+r mean-3,margin,1370.0,2388,1180,0,178
RQ3 pool,stage+r mean-3,margin,1380.0,2381,1187,0,178
RQ3 pool,stage+r mean-3,margin,1390.0,2378,1190,0,178
RQ3 pool,stage+r mean-3,margin,1400.0,2370,1198,0,178
RQ3 pool,stage+r mean-3,margin,1410.0,2362,1206,0,178
RQ3 pool,stage+r mean-3,margin,1420.0,2356,1212,0,178
RQ3 pool,stage+r mean-3,margin,1430.0,2352,1216,0,178
RQ3 pool,stage+r mean-3,margin,1440.0,2347,1221,0,178
RQ3 pool,stage+r mean-3,margin,1450.0,2340,1228,0,178
RQ3 pool,stage+r mean-3,margin,1460.0,2332,1236,0,178
RQ3 pool,stage+r mean-3,margin,1470.0,2326,1242,0,178
RQ3 pool,stage+r mean-3,margin,1480.0,2313,1255,0,178
RQ3 pool,stage+r mean-3,margin,1490.0,2310,1258,0,178
RQ3 pool,stage+r mean-3,margin,1500.0,2303,1265,0,178
RQ3 pool,stage+r mean-3,scale,1.0,3552,16,40,138
RQ3 pool,stage+r mean-3,scale,1.01,3549,19,35,143
RQ3 pool,stage+r mean-3,scale,1.02,3547,21,29,149
RQ3 pool,stage+r mean-3,scale,1.03,3544,24,26,152
RQ3 pool,stage+r mean-3,scale,1.04,3541,27,22,156
RQ3 pool,stage+r mean-3,scale,1.05,3537,31,20,158
RQ3 pool,stage+r mean-3,scale,1.06,3531,37,19,159
RQ3 pool,stage+r mean-3,scale,1.07,3525,43,19,159
RQ3 pool,stage+r mean-3,scale,1.08,3517,51,17,161
RQ3 pool,stage+r mean-3,scale,1.09,3513,55,16,162
RQ3 pool,stage+r mean-3,scale,1.1,3507,61,15,163
RQ3 pool,stage+r mean-3,scale,1.11,3505,63,15,163
RQ3 pool,stage+r mean-3,scale,1.12,3502,66,14,164
RQ3 pool,stage+r mean-3,scale,1.13,3498,70,12,166
RQ3 pool,stage+r mean-3,scale,1.14,3495,73,12,166
RQ3 pool,stage+r mean-3,scale,1.15,3489,79,10,168
RQ3 pool,stage+r mean-3,scale,1.16,3485,83,10,168
RQ3 pool,stage+r mean-3,scale,1.17,3479,89,9,169
RQ3 pool,stage+r mean-3,scale,1.18,3472,96,9,169
RQ3 pool,stage+r mean-3,scale,1.19,3463,105,8,170
RQ3 pool,stage+r mean-3,scale,1.2,3461,107,8,170
RQ3 pool,stage+r mean-3,scale,1.21,3457,111,7,171
RQ3 pool,stage+r mean-3,scale,1.22,3456,112,7,171
RQ3 pool,stage+r mean-3,scale,1.23,3454,114,7,171
RQ3 pool,stage+r mean-3,scale,1.24,3454,114,5,173
RQ3 pool,stage+r mean-3,scale,1.25,3452,116,5,173
RQ3 pool,stage+r mean-3,scale,1.26,3448,120,5,173
RQ3 pool,stage+r mean-3,scale,1.27,3443,125,5,173
RQ3 pool,stage+r mean-3,scale,1.28,3437,131,5,173
RQ3 pool,stage+r mean-3,scale,1.29,3437,131,5,173
RQ3 pool,stage+r mean-3,scale,1.3,3432,136,5,173
RQ3 pool,stage+r mean-3,scale,1.31,3425,143,5,173
RQ3 pool,stage+r mean-3,scale,1.32,3417,151,4,174
RQ3 pool,stage+r mean-3,scale,1.33,3409,159,4,174
RQ3 pool,stage+r mean-3,scale,1.34,3404,164,4,174
RQ3 pool,stage+r mean-3,scale,1.35,3398,170,4,174
RQ3 pool,stage+r mean-3,scale,1.36,3390,178,3,175
RQ3 pool,stage+r mean-3,scale,1.37,3384,184,3,175
RQ3 pool,stage+r mean-3,scale,1.38,3377,191,3,175
RQ3 pool,stage+r mean-3,scale,1.39,3372,196,3,175
RQ3 pool,stage+r mean-3,scale,1.4,3366,202,3,175
RQ3 pool,stage+r mean-3,scale,1.41,3363,205,3,175
RQ3 pool,stage+r mean-3,scale,1.42,3354,214,3,175
RQ3 pool,stage+r mean-3,scale,1.43,3351,217,3,175
RQ3 pool,stage+r mean-3,scale,1.44,3345,223,3,175
RQ3 pool,stage+r mean-3,scale,1.45,3341,227,3,175
RQ3 pool,stage+r mean-3,scale,1.46,3335,233,3,175
RQ3 pool,stage+r mean-3,scale,1.47,3326,242,2,176
RQ3 pool,stage+r mean-3,scale,1.48,3320,248,2,176
RQ3 pool,stage+r mean-3,scale,1.49,3316,252,2,176
RQ3 pool,stage+r mean-3,scale,1.5,3307,261,2,176
RQ3 pool,stage+r mean-3,scale,1.51,3302,266,2,176
RQ3 pool,stage+r mean-3,scale,1.52,3292,276,2,176
RQ3 pool,stage+r mean-3,scale,1.53,3287,281,2,176
RQ3 pool,stage+r mean-3,scale,1.54,3281,287,2,176
RQ3 pool,stage+r mean-3,scale,1.55,3278,290,2,176
RQ3 pool,stage+r mean-3,scale,1.56,3274,294,2,176
RQ3 pool,stage+r mean-3,scale,1.57,3270,298,1,177
RQ3 pool,stage+r mean-3,scale,1.58,3264,304,1,177
RQ3 pool,stage+r mean-3,scale,1.59,3257,311,1,177
RQ3 pool,stage+r mean-3,scale,1.6,3251,317,1,177
RQ3 pool,stage+r mean-3,scale,1.61,3245,323,1,177
RQ3 pool,stage+r mean-3,scale,1.62,3236,332,1,177
RQ3 pool,stage+r mean-3,scale,1.63,3228,340,1,177
RQ3 pool,stage+r mean-3,scale,1.64,3219,349,1,177
RQ3 pool,stage+r mean-3,scale,1.65,3215,353,1,177
RQ3 pool,stage+r mean-3,scale,1.66,3206,362,1,177
RQ3 pool,stage+r mean-3,scale,1.67,3200,368,1,177
RQ3 pool,stage+r mean-3,scale,1.68,3196,372,1,177
RQ3 pool,stage+r mean-3,scale,1.69,3191,377,1,177
RQ3 pool,stage+r mean-3,scale,1.7,3186,382,1,177
RQ3 pool,stage+r mean-3,scale,1.71,3174,394,1,177
RQ3 pool,stage+r mean-3,scale,1.72,3168,400,1,177
RQ3 pool,stage+r mean-3,scale,1.73,3158,410,1,177
RQ3 pool,stage+r mean-3,scale,1.74,3153,415,1,177
RQ3 pool,stage+r mean-3,scale,1.75,3139,429,1,177
RQ3 pool,stage+r mean-3,scale,1.76,3130,438,0,178
RQ3 pool,stage+r mean-3,scale,1.77,3124,444,0,178
RQ3 pool,stage+r mean-3,scale,1.78,3117,451,0,178
RQ3 pool,stage+r mean-3,scale,1.79,3101,467,0,178
RQ3 pool,stage+r mean-3,scale,1.8,3099,469,0,178
RQ3 pool,stage+r mean-3,scale,1.81,3094,474,0,178
RQ3 pool,stage+r mean-3,scale,1.82,3084,484,0,178
RQ3 pool,stage+r mean-3,scale,1.83,3073,495,0,178
RQ3 pool,stage+r mean-3,scale,1.84,3066,502,0,178
RQ3 pool,stage+r mean-3,scale,1.85,3063,505,0,178
RQ3 pool,stage+r mean-3,scale,1.86,3057,511,0,178
RQ3 pool,stage+r mean-3,scale,1.87,3045,523,0,178
RQ3 pool,stage+r mean-3,scale,1.88,3036,532,0,178
RQ3 pool,stage+r mean-3,scale,1.89,3027,541,0,178
RQ3 pool,stage+r mean-3,scale,1.9,3022,546,0,178
RQ3 pool,stage+r mean-3,scale,1.91,3011,557,0,178
RQ3 pool,stage+r mean-3,scale,1.92,3003,565,0,178
RQ3 pool,stage+r mean-3,scale,1.93,2998,570,0,178
RQ3 pool,stage+r mean-3,scale,1.94,2991,577,0,178
RQ3 pool,stage+r mean-3,scale,1.95,2988,580,0,178
RQ3 pool,stage+r mean-3,scale,1.96,2979,589,0,178
RQ3 pool,stage+r mean-3,scale,1.97,2976,592,0,178
RQ3 pool,stage+r mean-3,scale,1.98,2971,597,0,178
RQ3 pool,stage+r mean-3,scale,1.99,2963,605,0,178
RQ3 pool,stage+r mean-3,scale,2.0,2959,609,0,178
RQ3 pool,stage+r mean-3,scale,2.01,2957,611,0,178
RQ3 pool,stage+r mean-3,scale,2.02,2948,620,0,178
RQ3 pool,stage+r mean-3,scale,2.03,2945,623,0,178
RQ3 pool,stage+r mean-3,scale,2.04,2941,627,0,178
RQ3 pool,stage+r mean-3,scale,2.05,2937,631,0,178
RQ3 pool,stage+r mean-3,scale,2.06,2936,632,0,178
RQ3 pool,stage+r mean-3,scale,2.07,2930,638,0,178
RQ3 pool,stage+r mean-3,scale,2.08,2920,648,0,178
RQ3 pool,stage+r mean-3,scale,2.09,2911,657,0,178
RQ3 pool,stage+r mean-3,scale,2.1,2904,664,0,178
RQ3 pool,stage+r mean-3,scale,2.11,2896,672,0,178
RQ3 pool,stage+r mean-3,scale,2.12,2889,679,0,178
RQ3 pool,stage+r mean-3,scale,2.13,2883,685,0,178
RQ3 pool,stage+r mean-3,scale,2.14,2869,699,0,178
RQ3 pool,stage+r mean-3,scale,2.15,2862,706,0,178
RQ3 pool,stage+r mean-3,scale,2.16,2854,714,0,178
RQ3 pool,stage+r mean-3,scale,2.17,2848,720,0,178
RQ3 pool,stage+r mean-3,scale,2.18,2840,728,0,178
RQ3 pool,stage+r mean-3,scale,2.19,2838,730,0,178
RQ3 pool,stage+r mean-3,scale,2.2,2834,734,0,178
RQ3 pool,stage+r mean-3,scale,2.21,2822,746,0,178
RQ3 pool,stage+r mean-3,scale,2.22,2815,753,0,178
RQ3 pool,stage+r mean-3,scale,2.23,2810,758,0,178
RQ3 pool,stage+r mean-3,scale,2.24,2804,764,0,178
RQ3 pool,stage+r mean-3,scale,2.25,2797,771,0,178
RQ3 pool,stage+r mean-3,scale,2.26,2791,777,0,178
RQ3 pool,stage+r mean-3,scale,2.27,2784,784,0,178
RQ3 pool,stage+r mean-3,scale,2.28,2773,795,0,178
RQ3 pool,stage+r mean-3,scale,2.29,2766,802,0,178
RQ3 pool,stage+r mean-3,scale,2.3,2762,806,0,178
RQ3 pool,stage+r mean-3,scale,2.31,2755,813,0,178
RQ3 pool,stage+r mean-3,scale,2.32,2746,822,0,178
RQ3 pool,stage+r mean-3,scale,2.33,2739,829,0,178
RQ3 pool,stage+r mean-3,scale,2.34,2735,833,0,178
RQ3 pool,stage+r mean-3,scale,2.35,2726,842,0,178
RQ3 pool,stage+r mean-3,scale,2.36,2715,853,0,178
RQ3 pool,stage+r mean-3,scale,2.37,2710,858,0,178
RQ3 pool,stage+r mean-3,scale,2.38,2703,865,0,178
RQ3 pool,stage+r mean-3,scale,2.39,2695,873,0,178
RQ3 pool,stage+r mean-3,scale,2.4,2687,881,0,178
RQ3 pool,stage+r mean-3,scale,2.41,2680,888,0,178
RQ3 pool,stage+r mean-3,scale,2.42,2678,890,0,178
RQ3 pool,stage+r mean-3,scale,2.43,2668,900,0,178
RQ3 pool,stage+r mean-3,scale,2.44,2666,902,0,178
RQ3 pool,stage+r mean-3,scale,2.45,2659,909,0,178
RQ3 pool,stage+r mean-3,scale,2.46,2649,919,0,178
RQ3 pool,stage+r mean-3,scale,2.47,2639,929,0,178
RQ3 pool,stage+r mean-3,scale,2.48,2631,937,0,178
RQ3 pool,stage+r mean-3,scale,2.49,2624,944,0,178
RQ3 pool,stage+r mean-3,scale,2.5,2619,949,0,178
RQ3 pool,stage+r mean-3,scale,2.51,2612,956,0,178
RQ3 pool,stage+r mean-3,scale,2.52,2607,961,0,178
RQ3 pool,stage+r mean-3,scale,2.53,2600,968,0,178
RQ3 pool,stage+r mean-3,scale,2.54,2592,976,0,178
RQ3 pool,stage+r mean-3,scale,2.55,2587,981,0,178
RQ3 pool,stage+r mean-3,scale,2.56,2578,990,0,178
RQ3 pool,stage+r mean-3,scale,2.57,2568,1000,0,178
RQ3 pool,stage+r mean-3,scale,2.58,2563,1005,0,178
RQ3 pool,stage+r mean-3,scale,2.59,2559,1009,0,178
RQ3 pool,stage+r mean-3,scale,2.6,2556,1012,0,178
RQ3 pool,stage+r mean-3,scale,2.61,2547,1021,0,178
RQ3 pool,stage+r mean-3,scale,2.62,2543,1025,0,178
RQ3 pool,stage+r mean-3,scale,2.63,2534,1034,0,178
RQ3 pool,stage+r mean-3,scale,2.64,2525,1043,0,178
RQ3 pool,stage+r mean-3,scale,2.65,2521,1047,0,178
RQ3 pool,stage+r mean-3,scale,2.66,2516,1052,0,178
RQ3 pool,stage+r mean-3,scale,2.67,2509,1059,0,178
RQ3 pool,stage+r mean-3,scale,2.68,2505,1063,0,178
RQ3 pool,stage+r mean-3,scale,2.69,2501,1067,0,178
RQ3 pool,stage+r mean-3,scale,2.7,2496,1072,0,178
RQ3 pool,stage+r mean-3,scale,2.71,2490,1078,0,178
RQ3 pool,stage+r mean-3,scale,2.72,2484,1084,0,178
RQ3 pool,stage+r mean-3,scale,2.73,2478,1090,0,178
RQ3 pool,stage+r mean-3,scale,2.74,2472,1096,0,178
RQ3 pool,stage+r mean-3,scale,2.75,2467,1101,0,178
RQ3 pool,stage+r mean-3,scale,2.76,2462,1106,0,178
RQ3 pool,stage+r mean-3,scale,2.77,2459,1109,0,178
RQ3 pool,stage+r mean-3,scale,2.78,2456,1112,0,178
RQ3 pool,stage+r mean-3,scale,2.79,2451,1117,0,178
RQ3 pool,stage+r mean-3,scale,2.8,2446,1122,0,178
RQ3 pool,stage+r mean-3,scale,2.81,2441,1127,0,178
RQ3 pool,stage+r mean-3,scale,2.82,2438,1130,0,178
RQ3 pool,stage+r mean-3,scale,2.83,2435,1133,0,178
RQ3 pool,stage+r mean-3,scale,2.84,2432,1136,0,178
RQ3 pool,stage+r mean-3,scale,2.85,2430,1138,0,178
RQ3 pool,stage+r mean-3,scale,2.86,2424,1144,0,178
RQ3 pool,stage+r mean-3,scale,2.87,2418,1150,0,178
RQ3 pool,stage+r mean-3,scale,2.88,2411,1157,0,178
RQ3 pool,stage+r mean-3,scale,2.89,2402,1166,0,178
RQ3 pool,stage+r mean-3,scale,2.9,2395,1173,0,178
RQ3 pool,stage+r mean-3,scale,2.91,2391,1177,0,178
RQ3 pool,stage+r mean-3,scale,2.92,2386,1182,0,178
RQ3 pool,stage+r mean-3,scale,2.93,2383,1185,0,178
RQ3 pool,stage+r mean-3,scale,2.94,2381,1187,0,178
RQ3 pool,stage+r mean-3,scale,2.95,2377,1191,0,178
RQ3 pool,stage+r mean-3,scale,2.96,2372,1196,0,178
RQ3 pool,stage+r mean-3,scale,2.97,2364,1204,0,178
RQ3 pool,stage+r mean-3,scale,2.98,2359,1209,0,178
RQ3 pool,stage+r mean-3,scale,2.99,2354,1214,0,178
RQ3 pool,stage+r mean-3,scale,3.0,2348,1220,0,178
unselected union,P-hat only,margin,0.0,4388,6,60,180
unselected union,P-hat only,margin,10.0,4387,7,57,183
unselected union,P-hat only,margin,20.0,4379,15,51,189
unselected union,P-hat only,margin,30.0,4379,15,47,193
unselected union,P-hat only,margin,40.0,4375,19,39,201
unselected union,P-hat only,margin,50.0,4369,25,37,203
unselected union,P-hat only,margin,60.0,4361,33,34,206
unselected union,P-hat only,margin,70.0,4355,39,29,211
unselected union,P-hat only,margin,80.0,4348,46,28,212
unselected union,P-hat only,margin,90.0,4341,53,25,215
unselected union,P-hat only,margin,100.0,4326,68,22,218
unselected union,P-hat only,margin,110.0,4322,72,21,219
unselected union,P-hat only,margin,120.0,4316,78,20,220
unselected union,P-hat only,margin,130.0,4307,87,19,221
unselected union,P-hat only,margin,140.0,4298,96,18,222
unselected union,P-hat only,margin,150.0,4294,100,16,224
unselected union,P-hat only,margin,160.0,4286,108,15,225
unselected union,P-hat only,margin,170.0,4280,114,13,227
unselected union,P-hat only,margin,180.0,4272,122,12,228
unselected union,P-hat only,margin,190.0,4263,131,10,230
unselected union,P-hat only,margin,200.0,4257,137,8,232
unselected union,P-hat only,margin,210.0,4248,146,8,232
unselected union,P-hat only,margin,220.0,4244,150,8,232
unselected union,P-hat only,margin,230.0,4238,156,8,232
unselected union,P-hat only,margin,240.0,4229,165,8,232
unselected union,P-hat only,margin,250.0,4219,175,8,232
unselected union,P-hat only,margin,260.0,4209,185,8,232
unselected union,P-hat only,margin,270.0,4201,193,8,232
unselected union,P-hat only,margin,280.0,4193,201,8,232
unselected union,P-hat only,margin,290.0,4182,212,8,232
unselected union,P-hat only,margin,300.0,4177,217,8,232
unselected union,P-hat only,margin,310.0,4167,227,8,232
unselected union,P-hat only,margin,320.0,4155,239,8,232
unselected union,P-hat only,margin,330.0,4143,251,8,232
unselected union,P-hat only,margin,340.0,4138,256,8,232
unselected union,P-hat only,margin,350.0,4126,268,8,232
unselected union,P-hat only,margin,360.0,4119,275,8,232
unselected union,P-hat only,margin,370.0,4109,285,8,232
unselected union,P-hat only,margin,380.0,4097,297,8,232
unselected union,P-hat only,margin,390.0,4088,306,7,233
unselected union,P-hat only,margin,400.0,4069,325,7,233
unselected union,P-hat only,margin,410.0,4058,336,7,233
unselected union,P-hat only,margin,420.0,4042,352,6,234
unselected union,P-hat only,margin,430.0,4030,364,6,234
unselected union,P-hat only,margin,440.0,4013,381,5,235
unselected union,P-hat only,margin,450.0,4001,393,5,235
unselected union,P-hat only,margin,460.0,3994,400,4,236
unselected union,P-hat only,margin,470.0,3987,407,4,236
unselected union,P-hat only,margin,480.0,3972,422,4,236
unselected union,P-hat only,margin,490.0,3962,432,4,236
unselected union,P-hat only,margin,500.0,3949,445,4,236
unselected union,P-hat only,margin,510.0,3937,457,3,237
unselected union,P-hat only,margin,520.0,3928,466,3,237
unselected union,P-hat only,margin,530.0,3915,479,3,237
unselected union,P-hat only,margin,540.0,3902,492,3,237
unselected union,P-hat only,margin,550.0,3892,502,3,237
unselected union,P-hat only,margin,560.0,3883,511,3,237
unselected union,P-hat only,margin,570.0,3869,525,2,238
unselected union,P-hat only,margin,580.0,3851,543,2,238
unselected union,P-hat only,margin,590.0,3837,557,2,238
unselected union,P-hat only,margin,600.0,3817,577,2,238
unselected union,P-hat only,margin,610.0,3799,595,2,238
unselected union,P-hat only,margin,620.0,3789,605,2,238
unselected union,P-hat only,margin,630.0,3773,621,2,238
unselected union,P-hat only,margin,640.0,3760,634,1,239
unselected union,P-hat only,margin,650.0,3749,645,1,239
unselected union,P-hat only,margin,660.0,3734,660,1,239
unselected union,P-hat only,margin,670.0,3723,671,1,239
unselected union,P-hat only,margin,680.0,3710,684,0,240
unselected union,P-hat only,margin,690.0,3703,691,0,240
unselected union,P-hat only,margin,700.0,3685,709,0,240
unselected union,P-hat only,margin,710.0,3672,722,0,240
unselected union,P-hat only,margin,720.0,3666,728,0,240
unselected union,P-hat only,margin,730.0,3652,742,0,240
unselected union,P-hat only,margin,740.0,3634,760,0,240
unselected union,P-hat only,margin,750.0,3615,779,0,240
unselected union,P-hat only,margin,760.0,3606,788,0,240
unselected union,P-hat only,margin,770.0,3595,799,0,240
unselected union,P-hat only,margin,780.0,3579,815,0,240
unselected union,P-hat only,margin,790.0,3566,828,0,240
unselected union,P-hat only,margin,800.0,3554,840,0,240
unselected union,P-hat only,margin,810.0,3540,854,0,240
unselected union,P-hat only,margin,820.0,3525,869,0,240
unselected union,P-hat only,margin,830.0,3512,882,0,240
unselected union,P-hat only,margin,840.0,3500,894,0,240
unselected union,P-hat only,margin,850.0,3484,910,0,240
unselected union,P-hat only,margin,860.0,3471,923,0,240
unselected union,P-hat only,margin,870.0,3458,936,0,240
unselected union,P-hat only,margin,880.0,3443,951,0,240
unselected union,P-hat only,margin,890.0,3423,971,0,240
unselected union,P-hat only,margin,900.0,3400,994,0,240
unselected union,P-hat only,margin,910.0,3389,1005,0,240
unselected union,P-hat only,margin,920.0,3377,1017,0,240
unselected union,P-hat only,margin,930.0,3361,1033,0,240
unselected union,P-hat only,margin,940.0,3354,1040,0,240
unselected union,P-hat only,margin,950.0,3343,1051,0,240
unselected union,P-hat only,margin,960.0,3326,1068,0,240
unselected union,P-hat only,margin,970.0,3311,1083,0,240
unselected union,P-hat only,margin,980.0,3297,1097,0,240
unselected union,P-hat only,margin,990.0,3286,1108,0,240
unselected union,P-hat only,margin,1000.0,3273,1121,0,240
unselected union,P-hat only,margin,1010.0,3260,1134,0,240
unselected union,P-hat only,margin,1020.0,3248,1146,0,240
unselected union,P-hat only,margin,1030.0,3232,1162,0,240
unselected union,P-hat only,margin,1040.0,3220,1174,0,240
unselected union,P-hat only,margin,1050.0,3208,1186,0,240
unselected union,P-hat only,margin,1060.0,3196,1198,0,240
unselected union,P-hat only,margin,1070.0,3191,1203,0,240
unselected union,P-hat only,margin,1080.0,3181,1213,0,240
unselected union,P-hat only,margin,1090.0,3170,1224,0,240
unselected union,P-hat only,margin,1100.0,3160,1234,0,240
unselected union,P-hat only,margin,1110.0,3155,1239,0,240
unselected union,P-hat only,margin,1120.0,3146,1248,0,240
unselected union,P-hat only,margin,1130.0,3131,1263,0,240
unselected union,P-hat only,margin,1140.0,3125,1269,0,240
unselected union,P-hat only,margin,1150.0,3116,1278,0,240
unselected union,P-hat only,margin,1160.0,3104,1290,0,240
unselected union,P-hat only,margin,1170.0,3094,1300,0,240
unselected union,P-hat only,margin,1180.0,3083,1311,0,240
unselected union,P-hat only,margin,1190.0,3074,1320,0,240
unselected union,P-hat only,margin,1200.0,3065,1329,0,240
unselected union,P-hat only,margin,1210.0,3053,1341,0,240
unselected union,P-hat only,margin,1220.0,3038,1356,0,240
unselected union,P-hat only,margin,1230.0,3028,1366,0,240
unselected union,P-hat only,margin,1240.0,3021,1373,0,240
unselected union,P-hat only,margin,1250.0,3013,1381,0,240
unselected union,P-hat only,margin,1260.0,3006,1388,0,240
unselected union,P-hat only,margin,1270.0,2996,1398,0,240
unselected union,P-hat only,margin,1280.0,2988,1406,0,240
unselected union,P-hat only,margin,1290.0,2977,1417,0,240
unselected union,P-hat only,margin,1300.0,2969,1425,0,240
unselected union,P-hat only,margin,1310.0,2956,1438,0,240
unselected union,P-hat only,margin,1320.0,2943,1451,0,240
unselected union,P-hat only,margin,1330.0,2937,1457,0,240
unselected union,P-hat only,margin,1340.0,2922,1472,0,240
unselected union,P-hat only,margin,1350.0,2914,1480,0,240
unselected union,P-hat only,margin,1360.0,2906,1488,0,240
unselected union,P-hat only,margin,1370.0,2891,1503,0,240
unselected union,P-hat only,margin,1380.0,2885,1509,0,240
unselected union,P-hat only,margin,1390.0,2882,1512,0,240
unselected union,P-hat only,margin,1400.0,2871,1523,0,240
unselected union,P-hat only,margin,1410.0,2862,1532,0,240
unselected union,P-hat only,margin,1420.0,2856,1538,0,240
unselected union,P-hat only,margin,1430.0,2847,1547,0,240
unselected union,P-hat only,margin,1440.0,2836,1558,0,240
unselected union,P-hat only,margin,1450.0,2823,1571,0,240
unselected union,P-hat only,margin,1460.0,2812,1582,0,240
unselected union,P-hat only,margin,1470.0,2805,1589,0,240
unselected union,P-hat only,margin,1480.0,2801,1593,0,240
unselected union,P-hat only,margin,1490.0,2793,1601,0,240
unselected union,P-hat only,margin,1500.0,2785,1609,0,240
unselected union,P-hat only,scale,1.0,4388,6,60,180
unselected union,P-hat only,scale,1.01,4386,8,59,181
unselected union,P-hat only,scale,1.02,4385,9,56,184
unselected union,P-hat only,scale,1.03,4379,15,50,190
unselected union,P-hat only,scale,1.04,4374,20,50,190
unselected union,P-hat only,scale,1.05,4371,23,44,196
unselected union,P-hat only,scale,1.06,4367,27,37,203
unselected union,P-hat only,scale,1.07,4364,30,33,207
unselected union,P-hat only,scale,1.08,4357,37,31,209
unselected union,P-hat only,scale,1.09,4350,44,27,213
unselected union,P-hat only,scale,1.1,4346,48,26,214
unselected union,P-hat only,scale,1.11,4341,53,23,217
unselected union,P-hat only,scale,1.12,4338,56,21,219
unselected union,P-hat only,scale,1.13,4333,61,19,221
unselected union,P-hat only,scale,1.14,4328,66,18,222
unselected union,P-hat only,scale,1.15,4326,68,18,222
unselected union,P-hat only,scale,1.16,4322,72,17,223
unselected union,P-hat only,scale,1.17,4316,78,17,223
unselected union,P-hat only,scale,1.18,4314,80,17,223
unselected union,P-hat only,scale,1.19,4310,84,14,226
unselected union,P-hat only,scale,1.2,4303,91,13,227
unselected union,P-hat only,scale,1.21,4297,97,12,228
unselected union,P-hat only,scale,1.22,4291,103,12,228
unselected union,P-hat only,scale,1.23,4284,110,12,228
unselected union,P-hat only,scale,1.24,4276,118,12,228
unselected union,P-hat only,scale,1.25,4264,130,12,228
unselected union,P-hat only,scale,1.26,4259,135,11,229
unselected union,P-hat only,scale,1.27,4255,139,11,229
unselected union,P-hat only,scale,1.28,4249,145,10,230
unselected union,P-hat only,scale,1.29,4246,148,10,230
unselected union,P-hat only,scale,1.3,4242,152,9,231
unselected union,P-hat only,scale,1.31,4235,159,8,232
unselected union,P-hat only,scale,1.32,4225,169,8,232
unselected union,P-hat only,scale,1.33,4219,175,8,232
unselected union,P-hat only,scale,1.34,4210,184,7,233
unselected union,P-hat only,scale,1.35,4205,189,7,233
unselected union,P-hat only,scale,1.36,4200,194,7,233
unselected union,P-hat only,scale,1.37,4193,201,7,233
unselected union,P-hat only,scale,1.38,4187,207,7,233
unselected union,P-hat only,scale,1.39,4177,217,6,234
unselected union,P-hat only,scale,1.4,4170,224,6,234
unselected union,P-hat only,scale,1.41,4166,228,6,234
unselected union,P-hat only,scale,1.42,4154,240,6,234
unselected union,P-hat only,scale,1.43,4145,249,6,234
unselected union,P-hat only,scale,1.44,4133,261,6,234
unselected union,P-hat only,scale,1.45,4126,268,6,234
unselected union,P-hat only,scale,1.46,4120,274,6,234
unselected union,P-hat only,scale,1.47,4116,278,6,234
unselected union,P-hat only,scale,1.48,4108,286,6,234
unselected union,P-hat only,scale,1.49,4091,303,6,234
unselected union,P-hat only,scale,1.5,4082,312,6,234
unselected union,P-hat only,scale,1.51,4078,316,6,234
unselected union,P-hat only,scale,1.52,4068,326,6,234
unselected union,P-hat only,scale,1.53,4058,336,5,235
unselected union,P-hat only,scale,1.54,4051,343,5,235
unselected union,P-hat only,scale,1.55,4040,354,4,236
unselected union,P-hat only,scale,1.56,4035,359,4,236
unselected union,P-hat only,scale,1.57,4024,370,3,237
unselected union,P-hat only,scale,1.58,4019,375,3,237
unselected union,P-hat only,scale,1.59,4012,382,3,237
unselected union,P-hat only,scale,1.6,4007,387,3,237
unselected union,P-hat only,scale,1.61,3994,400,3,237
unselected union,P-hat only,scale,1.62,3980,414,3,237
unselected union,P-hat only,scale,1.63,3975,419,3,237
unselected union,P-hat only,scale,1.64,3963,431,3,237
unselected union,P-hat only,scale,1.65,3955,439,3,237
unselected union,P-hat only,scale,1.66,3950,444,3,237
unselected union,P-hat only,scale,1.67,3944,450,3,237
unselected union,P-hat only,scale,1.68,3936,458,3,237
unselected union,P-hat only,scale,1.69,3927,467,3,237
unselected union,P-hat only,scale,1.7,3918,476,3,237
unselected union,P-hat only,scale,1.71,3912,482,3,237
unselected union,P-hat only,scale,1.72,3900,494,3,237
unselected union,P-hat only,scale,1.73,3892,502,3,237
unselected union,P-hat only,scale,1.74,3883,511,1,239
unselected union,P-hat only,scale,1.75,3874,520,1,239
unselected union,P-hat only,scale,1.76,3865,529,1,239
unselected union,P-hat only,scale,1.77,3857,537,1,239
unselected union,P-hat only,scale,1.78,3846,548,1,239
unselected union,P-hat only,scale,1.79,3837,557,1,239
unselected union,P-hat only,scale,1.8,3825,569,1,239
unselected union,P-hat only,scale,1.81,3819,575,0,240
unselected union,P-hat only,scale,1.82,3813,581,0,240
unselected union,P-hat only,scale,1.83,3805,589,0,240
unselected union,P-hat only,scale,1.84,3793,601,0,240
unselected union,P-hat only,scale,1.85,3781,613,0,240
unselected union,P-hat only,scale,1.86,3777,617,0,240
unselected union,P-hat only,scale,1.87,3770,624,0,240
unselected union,P-hat only,scale,1.88,3762,632,0,240
unselected union,P-hat only,scale,1.89,3750,644,0,240
unselected union,P-hat only,scale,1.9,3740,654,0,240
unselected union,P-hat only,scale,1.91,3733,661,0,240
unselected union,P-hat only,scale,1.92,3723,671,0,240
unselected union,P-hat only,scale,1.93,3710,684,0,240
unselected union,P-hat only,scale,1.94,3696,698,0,240
unselected union,P-hat only,scale,1.95,3690,704,0,240
unselected union,P-hat only,scale,1.96,3680,714,0,240
unselected union,P-hat only,scale,1.97,3674,720,0,240
unselected union,P-hat only,scale,1.98,3668,726,0,240
unselected union,P-hat only,scale,1.99,3658,736,0,240
unselected union,P-hat only,scale,2.0,3651,743,0,240
unselected union,P-hat only,scale,2.01,3645,749,0,240
unselected union,P-hat only,scale,2.02,3635,759,0,240
unselected union,P-hat only,scale,2.03,3625,769,0,240
unselected union,P-hat only,scale,2.04,3615,779,0,240
unselected union,P-hat only,scale,2.05,3609,785,0,240
unselected union,P-hat only,scale,2.06,3603,791,0,240
unselected union,P-hat only,scale,2.07,3593,801,0,240
unselected union,P-hat only,scale,2.08,3587,807,0,240
unselected union,P-hat only,scale,2.09,3575,819,0,240
unselected union,P-hat only,scale,2.1,3561,833,0,240
unselected union,P-hat only,scale,2.11,3551,843,0,240
unselected union,P-hat only,scale,2.12,3541,853,0,240
unselected union,P-hat only,scale,2.13,3534,860,0,240
unselected union,P-hat only,scale,2.14,3525,869,0,240
unselected union,P-hat only,scale,2.15,3513,881,0,240
unselected union,P-hat only,scale,2.16,3504,890,0,240
unselected union,P-hat only,scale,2.17,3489,905,0,240
unselected union,P-hat only,scale,2.18,3483,911,0,240
unselected union,P-hat only,scale,2.19,3473,921,0,240
unselected union,P-hat only,scale,2.2,3466,928,0,240
unselected union,P-hat only,scale,2.21,3458,936,0,240
unselected union,P-hat only,scale,2.22,3448,946,0,240
unselected union,P-hat only,scale,2.23,3443,951,0,240
unselected union,P-hat only,scale,2.24,3435,959,0,240
unselected union,P-hat only,scale,2.25,3422,972,0,240
unselected union,P-hat only,scale,2.26,3412,982,0,240
unselected union,P-hat only,scale,2.27,3401,993,0,240
unselected union,P-hat only,scale,2.28,3397,997,0,240
unselected union,P-hat only,scale,2.29,3393,1001,0,240
unselected union,P-hat only,scale,2.3,3385,1009,0,240
unselected union,P-hat only,scale,2.31,3378,1016,0,240
unselected union,P-hat only,scale,2.32,3370,1024,0,240
unselected union,P-hat only,scale,2.33,3358,1036,0,240
unselected union,P-hat only,scale,2.34,3350,1044,0,240
unselected union,P-hat only,scale,2.35,3340,1054,0,240
unselected union,P-hat only,scale,2.36,3330,1064,0,240
unselected union,P-hat only,scale,2.37,3325,1069,0,240
unselected union,P-hat only,scale,2.38,3318,1076,0,240
unselected union,P-hat only,scale,2.39,3309,1085,0,240
unselected union,P-hat only,scale,2.4,3296,1098,0,240
unselected union,P-hat only,scale,2.41,3285,1109,0,240
unselected union,P-hat only,scale,2.42,3274,1120,0,240
unselected union,P-hat only,scale,2.43,3266,1128,0,240
unselected union,P-hat only,scale,2.44,3262,1132,0,240
unselected union,P-hat only,scale,2.45,3256,1138,0,240
unselected union,P-hat only,scale,2.46,3248,1146,0,240
unselected union,P-hat only,scale,2.47,3243,1151,0,240
unselected union,P-hat only,scale,2.48,3240,1154,0,240
unselected union,P-hat only,scale,2.49,3235,1159,0,240
unselected union,P-hat only,scale,2.5,3229,1165,0,240
unselected union,P-hat only,scale,2.51,3224,1170,0,240
unselected union,P-hat only,scale,2.52,3218,1176,0,240
unselected union,P-hat only,scale,2.53,3206,1188,0,240
unselected union,P-hat only,scale,2.54,3198,1196,0,240
unselected union,P-hat only,scale,2.55,3192,1202,0,240
unselected union,P-hat only,scale,2.56,3183,1211,0,240
unselected union,P-hat only,scale,2.57,3174,1220,0,240
unselected union,P-hat only,scale,2.58,3159,1235,0,240
unselected union,P-hat only,scale,2.59,3150,1244,0,240
unselected union,P-hat only,scale,2.6,3144,1250,0,240
unselected union,P-hat only,scale,2.61,3133,1261,0,240
unselected union,P-hat only,scale,2.62,3124,1270,0,240
unselected union,P-hat only,scale,2.63,3116,1278,0,240
unselected union,P-hat only,scale,2.64,3110,1284,0,240
unselected union,P-hat only,scale,2.65,3105,1289,0,240
unselected union,P-hat only,scale,2.66,3100,1294,0,240
unselected union,P-hat only,scale,2.67,3093,1301,0,240
unselected union,P-hat only,scale,2.68,3084,1310,0,240
unselected union,P-hat only,scale,2.69,3078,1316,0,240
unselected union,P-hat only,scale,2.7,3067,1327,0,240
unselected union,P-hat only,scale,2.71,3059,1335,0,240
unselected union,P-hat only,scale,2.72,3055,1339,0,240
unselected union,P-hat only,scale,2.73,3051,1343,0,240
unselected union,P-hat only,scale,2.74,3044,1350,0,240
unselected union,P-hat only,scale,2.75,3037,1357,0,240
unselected union,P-hat only,scale,2.76,3024,1370,0,240
unselected union,P-hat only,scale,2.77,3015,1379,0,240
unselected union,P-hat only,scale,2.78,3004,1390,0,240
unselected union,P-hat only,scale,2.79,2992,1402,0,240
unselected union,P-hat only,scale,2.8,2986,1408,0,240
unselected union,P-hat only,scale,2.81,2980,1414,0,240
unselected union,P-hat only,scale,2.82,2977,1417,0,240
unselected union,P-hat only,scale,2.83,2966,1428,0,240
unselected union,P-hat only,scale,2.84,2962,1432,0,240
unselected union,P-hat only,scale,2.85,2955,1439,0,240
unselected union,P-hat only,scale,2.86,2952,1442,0,240
unselected union,P-hat only,scale,2.87,2946,1448,0,240
unselected union,P-hat only,scale,2.88,2940,1454,0,240
unselected union,P-hat only,scale,2.89,2934,1460,0,240
unselected union,P-hat only,scale,2.9,2927,1467,0,240
unselected union,P-hat only,scale,2.91,2923,1471,0,240
unselected union,P-hat only,scale,2.92,2913,1481,0,240
unselected union,P-hat only,scale,2.93,2906,1488,0,240
unselected union,P-hat only,scale,2.94,2901,1493,0,240
unselected union,P-hat only,scale,2.95,2896,1498,0,240
unselected union,P-hat only,scale,2.96,2893,1501,0,240
unselected union,P-hat only,scale,2.97,2885,1509,0,240
unselected union,P-hat only,scale,2.98,2882,1512,0,240
unselected union,P-hat only,scale,2.99,2875,1519,0,240
unselected union,P-hat only,scale,3.0,2865,1529,0,240
unselected union,draft mean-3,margin,0.0,4344,50,56,184
unselected union,draft mean-3,margin,10.0,4338,56,54,186
unselected union,draft mean-3,margin,20.0,4336,58,46,194
unselected union,draft mean-3,margin,30.0,4335,59,46,194
unselected union,draft mean-3,margin,40.0,4328,66,42,198
unselected union,draft mean-3,margin,50.0,4318,76,40,200
unselected union,draft mean-3,margin,60.0,4316,78,36,204
unselected union,draft mean-3,margin,70.0,4308,86,34,206
unselected union,draft mean-3,margin,80.0,4300,94,32,208
unselected union,draft mean-3,margin,90.0,4288,106,30,210
unselected union,draft mean-3,margin,100.0,4284,110,28,212
unselected union,draft mean-3,margin,110.0,4274,120,28,212
unselected union,draft mean-3,margin,120.0,4272,122,26,214
unselected union,draft mean-3,margin,130.0,4268,126,20,220
unselected union,draft mean-3,margin,140.0,4260,134,18,222
unselected union,draft mean-3,margin,150.0,4248,146,18,222
unselected union,draft mean-3,margin,160.0,4242,152,18,222
unselected union,draft mean-3,margin,170.0,4238,156,14,226
unselected union,draft mean-3,margin,180.0,4230,164,12,228
unselected union,draft mean-3,margin,190.0,4224,170,12,228
unselected union,draft mean-3,margin,200.0,4218,176,12,228
unselected union,draft mean-3,margin,210.0,4210,184,10,230
unselected union,draft mean-3,margin,220.0,4206,188,10,230
unselected union,draft mean-3,margin,230.0,4190,204,10,230
unselected union,draft mean-3,margin,240.0,4182,212,10,230
unselected union,draft mean-3,margin,250.0,4180,214,10,230
unselected union,draft mean-3,margin,260.0,4176,218,10,230
unselected union,draft mean-3,margin,270.0,4162,232,10,230
unselected union,draft mean-3,margin,280.0,4148,246,10,230
unselected union,draft mean-3,margin,290.0,4144,250,10,230
unselected union,draft mean-3,margin,300.0,4138,256,10,230
unselected union,draft mean-3,margin,310.0,4126,268,10,230
unselected union,draft mean-3,margin,320.0,4114,280,10,230
unselected union,draft mean-3,margin,330.0,4112,282,10,230
unselected union,draft mean-3,margin,340.0,4094,300,10,230
unselected union,draft mean-3,margin,350.0,4084,310,8,232
unselected union,draft mean-3,margin,360.0,4070,324,8,232
unselected union,draft mean-3,margin,370.0,4064,330,8,232
unselected union,draft mean-3,margin,380.0,4056,338,8,232
unselected union,draft mean-3,margin,390.0,4042,352,8,232
unselected union,draft mean-3,margin,400.0,4030,364,6,234
unselected union,draft mean-3,margin,410.0,4014,380,6,234
unselected union,draft mean-3,margin,420.0,4003,391,6,234
unselected union,draft mean-3,margin,430.0,3988,406,6,234
unselected union,draft mean-3,margin,440.0,3980,414,6,234
unselected union,draft mean-3,margin,450.0,3964,430,6,234
unselected union,draft mean-3,margin,460.0,3960,434,6,234
unselected union,draft mean-3,margin,470.0,3952,442,6,234
unselected union,draft mean-3,margin,480.0,3942,452,6,234
unselected union,draft mean-3,margin,490.0,3934,460,6,234
unselected union,draft mean-3,margin,500.0,3916,478,6,234
unselected union,draft mean-3,margin,510.0,3906,488,6,234
unselected union,draft mean-3,margin,520.0,3879,515,6,234
unselected union,draft mean-3,margin,530.0,3864,530,6,234
unselected union,draft mean-3,margin,540.0,3854,540,6,234
unselected union,draft mean-3,margin,550.0,3848,546,4,236
unselected union,draft mean-3,margin,560.0,3832,562,4,236
unselected union,draft mean-3,margin,570.0,3812,582,2,238
unselected union,draft mean-3,margin,580.0,3788,606,2,238
unselected union,draft mean-3,margin,590.0,3774,620,2,238
unselected union,draft mean-3,margin,600.0,3768,626,2,238
unselected union,draft mean-3,margin,610.0,3752,642,2,238
unselected union,draft mean-3,margin,620.0,3743,651,2,238
unselected union,draft mean-3,margin,630.0,3724,670,2,238
unselected union,draft mean-3,margin,640.0,3708,686,2,238
unselected union,draft mean-3,margin,650.0,3686,708,2,238
unselected union,draft mean-3,margin,660.0,3676,718,0,240
unselected union,draft mean-3,margin,670.0,3668,726,0,240
unselected union,draft mean-3,margin,680.0,3650,744,0,240
unselected union,draft mean-3,margin,690.0,3644,750,0,240
unselected union,draft mean-3,margin,700.0,3634,760,0,240
unselected union,draft mean-3,margin,710.0,3626,768,0,240
unselected union,draft mean-3,margin,720.0,3616,778,0,240
unselected union,draft mean-3,margin,730.0,3600,794,0,240
unselected union,draft mean-3,margin,740.0,3580,814,0,240
unselected union,draft mean-3,margin,750.0,3570,824,0,240
unselected union,draft mean-3,margin,760.0,3556,838,0,240
unselected union,draft mean-3,margin,770.0,3548,846,0,240
unselected union,draft mean-3,margin,780.0,3538,856,0,240
unselected union,draft mean-3,margin,790.0,3528,866,0,240
unselected union,draft mean-3,margin,800.0,3506,888,0,240
unselected union,draft mean-3,margin,810.0,3488,906,0,240
unselected union,draft mean-3,margin,820.0,3474,920,0,240
unselected union,draft mean-3,margin,830.0,3464,930,0,240
unselected union,draft mean-3,margin,840.0,3434,960,0,240
unselected union,draft mean-3,margin,850.0,3424,970,0,240
unselected union,draft mean-3,margin,860.0,3416,978,0,240
unselected union,draft mean-3,margin,870.0,3396,998,0,240
unselected union,draft mean-3,margin,880.0,3378,1016,0,240
unselected union,draft mean-3,margin,890.0,3364,1030,0,240
unselected union,draft mean-3,margin,900.0,3350,1044,0,240
unselected union,draft mean-3,margin,910.0,3332,1062,0,240
unselected union,draft mean-3,margin,920.0,3319,1075,0,240
unselected union,draft mean-3,margin,930.0,3302,1092,0,240
unselected union,draft mean-3,margin,940.0,3286,1108,0,240
unselected union,draft mean-3,margin,950.0,3274,1120,0,240
unselected union,draft mean-3,margin,960.0,3258,1136,0,240
unselected union,draft mean-3,margin,970.0,3248,1146,0,240
unselected union,draft mean-3,margin,980.0,3234,1160,0,240
unselected union,draft mean-3,margin,990.0,3220,1174,0,240
unselected union,draft mean-3,margin,1000.0,3210,1184,0,240
unselected union,draft mean-3,margin,1010.0,3206,1188,0,240
unselected union,draft mean-3,margin,1020.0,3195,1199,0,240
unselected union,draft mean-3,margin,1030.0,3188,1206,0,240
unselected union,draft mean-3,margin,1040.0,3170,1224,0,240
unselected union,draft mean-3,margin,1050.0,3162,1232,0,240
unselected union,draft mean-3,margin,1060.0,3142,1252,0,240
unselected union,draft mean-3,margin,1070.0,3130,1264,0,240
unselected union,draft mean-3,margin,1080.0,3122,1272,0,240
unselected union,draft mean-3,margin,1090.0,3118,1276,0,240
unselected union,draft mean-3,margin,1100.0,3108,1286,0,240
unselected union,draft mean-3,margin,1110.0,3100,1294,0,240
unselected union,draft mean-3,margin,1120.0,3088,1306,0,240
unselected union,draft mean-3,margin,1130.0,3072,1322,0,240
unselected union,draft mean-3,margin,1140.0,3062,1332,0,240
unselected union,draft mean-3,margin,1150.0,3048,1346,0,240
unselected union,draft mean-3,margin,1160.0,3044,1350,0,240
unselected union,draft mean-3,margin,1170.0,3030,1364,0,240
unselected union,draft mean-3,margin,1180.0,3020,1374,0,240
unselected union,draft mean-3,margin,1190.0,3012,1382,0,240
unselected union,draft mean-3,margin,1200.0,3008,1386,0,240
unselected union,draft mean-3,margin,1210.0,3000,1394,0,240
unselected union,draft mean-3,margin,1220.0,2990,1404,0,240
unselected union,draft mean-3,margin,1230.0,2976,1418,0,240
unselected union,draft mean-3,margin,1240.0,2970,1424,0,240
unselected union,draft mean-3,margin,1250.0,2958,1436,0,240
unselected union,draft mean-3,margin,1260.0,2940,1454,0,240
unselected union,draft mean-3,margin,1270.0,2936,1458,0,240
unselected union,draft mean-3,margin,1280.0,2930,1464,0,240
unselected union,draft mean-3,margin,1290.0,2924,1470,0,240
unselected union,draft mean-3,margin,1300.0,2906,1488,0,240
unselected union,draft mean-3,margin,1310.0,2898,1496,0,240
unselected union,draft mean-3,margin,1320.0,2890,1504,0,240
unselected union,draft mean-3,margin,1330.0,2872,1522,0,240
unselected union,draft mean-3,margin,1340.0,2866,1528,0,240
unselected union,draft mean-3,margin,1350.0,2852,1542,0,240
unselected union,draft mean-3,margin,1360.0,2844,1550,0,240
unselected union,draft mean-3,margin,1370.0,2836,1558,0,240
unselected union,draft mean-3,margin,1380.0,2830,1564,0,240
unselected union,draft mean-3,margin,1390.0,2826,1568,0,240
unselected union,draft mean-3,margin,1400.0,2818,1576,0,240
unselected union,draft mean-3,margin,1410.0,2810,1584,0,240
unselected union,draft mean-3,margin,1420.0,2806,1588,0,240
unselected union,draft mean-3,margin,1430.0,2798,1596,0,240
unselected union,draft mean-3,margin,1440.0,2790,1604,0,240
unselected union,draft mean-3,margin,1450.0,2788,1606,0,240
unselected union,draft mean-3,margin,1460.0,2778,1616,0,240
unselected union,draft mean-3,margin,1470.0,2770,1624,0,240
unselected union,draft mean-3,margin,1480.0,2762,1632,0,240
unselected union,draft mean-3,margin,1490.0,2756,1638,0,240
unselected union,draft mean-3,margin,1500.0,2748,1646,0,240
unselected union,draft mean-3,scale,1.0,4344,50,56,184
unselected union,draft mean-3,scale,1.01,4338,56,53,187
unselected union,draft mean-3,scale,1.02,4336,58,49,191
unselected union,draft mean-3,scale,1.03,4335,59,47,193
unselected union,draft mean-3,scale,1.04,4332,62,44,196
unselected union,draft mean-3,scale,1.05,4327,67,42,198
unselected union,draft mean-3,scale,1.06,4320,74,40,200
unselected union,draft mean-3,scale,1.07,4316,78,37,203
unselected union,draft mean-3,scale,1.08,4309,85,37,203
unselected union,draft mean-3,scale,1.09,4304,90,35,205
unselected union,draft mean-3,scale,1.1,4295,99,35,205
unselected union,draft mean-3,scale,1.11,4289,105,34,206
unselected union,draft mean-3,scale,1.12,4286,108,32,208
unselected union,draft mean-3,scale,1.13,4281,113,31,209
unselected union,draft mean-3,scale,1.14,4275,119,25,215
unselected union,draft mean-3,scale,1.15,4271,123,25,215
unselected union,draft mean-3,scale,1.16,4264,130,25,215
unselected union,draft mean-3,scale,1.17,4257,137,25,215
unselected union,draft mean-3,scale,1.18,4251,143,25,215
unselected union,draft mean-3,scale,1.19,4245,149,24,216
unselected union,draft mean-3,scale,1.2,4243,151,24,216
unselected union,draft mean-3,scale,1.21,4240,154,24,216
unselected union,draft mean-3,scale,1.22,4236,158,24,216
unselected union,draft mean-3,scale,1.23,4232,162,21,219
unselected union,draft mean-3,scale,1.24,4229,165,21,219
unselected union,draft mean-3,scale,1.25,4221,173,20,220
unselected union,draft mean-3,scale,1.26,4212,182,19,221
unselected union,draft mean-3,scale,1.27,4205,189,19,221
unselected union,draft mean-3,scale,1.28,4201,193,17,223
unselected union,draft mean-3,scale,1.29,4198,196,17,223
unselected union,draft mean-3,scale,1.3,4187,207,16,224
unselected union,draft mean-3,scale,1.31,4181,213,16,224
unselected union,draft mean-3,scale,1.32,4170,224,15,225
unselected union,draft mean-3,scale,1.33,4163,231,15,225
unselected union,draft mean-3,scale,1.34,4151,243,15,225
unselected union,draft mean-3,scale,1.35,4141,253,15,225
unselected union,draft mean-3,scale,1.36,4135,259,14,226
unselected union,draft mean-3,scale,1.37,4127,267,13,227
unselected union,draft mean-3,scale,1.38,4121,273,12,228
unselected union,draft mean-3,scale,1.39,4114,280,12,228
unselected union,draft mean-3,scale,1.4,4106,288,12,228
unselected union,draft mean-3,scale,1.41,4097,297,12,228
unselected union,draft mean-3,scale,1.42,4088,306,12,228
unselected union,draft mean-3,scale,1.43,4077,317,12,228
unselected union,draft mean-3,scale,1.44,4070,324,12,228
unselected union,draft mean-3,scale,1.45,4060,334,12,228
unselected union,draft mean-3,scale,1.46,4050,344,12,228
unselected union,draft mean-3,scale,1.47,4043,351,12,228
unselected union,draft mean-3,scale,1.48,4036,358,12,228
unselected union,draft mean-3,scale,1.49,4023,371,11,229
unselected union,draft mean-3,scale,1.5,4016,378,10,230
unselected union,draft mean-3,scale,1.51,4010,384,10,230
unselected union,draft mean-3,scale,1.52,3992,402,10,230
unselected union,draft mean-3,scale,1.53,3979,415,9,231
unselected union,draft mean-3,scale,1.54,3970,424,9,231
unselected union,draft mean-3,scale,1.55,3960,434,9,231
unselected union,draft mean-3,scale,1.56,3951,443,8,232
unselected union,draft mean-3,scale,1.57,3945,449,8,232
unselected union,draft mean-3,scale,1.58,3938,456,8,232
unselected union,draft mean-3,scale,1.59,3927,467,8,232
unselected union,draft mean-3,scale,1.6,3919,475,8,232
unselected union,draft mean-3,scale,1.61,3916,478,8,232
unselected union,draft mean-3,scale,1.62,3905,489,8,232
unselected union,draft mean-3,scale,1.63,3892,502,8,232
unselected union,draft mean-3,scale,1.64,3884,510,8,232
unselected union,draft mean-3,scale,1.65,3872,522,7,233
unselected union,draft mean-3,scale,1.66,3858,536,7,233
unselected union,draft mean-3,scale,1.67,3846,548,7,233
unselected union,draft mean-3,scale,1.68,3840,554,7,233
unselected union,draft mean-3,scale,1.69,3835,559,6,234
unselected union,draft mean-3,scale,1.7,3826,568,6,234
unselected union,draft mean-3,scale,1.71,3815,579,6,234
unselected union,draft mean-3,scale,1.72,3801,593,6,234
unselected union,draft mean-3,scale,1.73,3794,600,6,234
unselected union,draft mean-3,scale,1.74,3780,614,6,234
unselected union,draft mean-3,scale,1.75,3766,628,6,234
unselected union,draft mean-3,scale,1.76,3760,634,5,235
unselected union,draft mean-3,scale,1.77,3748,646,5,235
unselected union,draft mean-3,scale,1.78,3739,655,5,235
unselected union,draft mean-3,scale,1.79,3728,666,5,235
unselected union,draft mean-3,scale,1.8,3723,671,5,235
unselected union,draft mean-3,scale,1.81,3710,684,5,235
unselected union,draft mean-3,scale,1.82,3701,693,5,235
unselected union,draft mean-3,scale,1.83,3691,703,5,235
unselected union,draft mean-3,scale,1.84,3682,712,5,235
unselected union,draft mean-3,scale,1.85,3675,719,5,235
unselected union,draft mean-3,scale,1.86,3667,727,5,235
unselected union,draft mean-3,scale,1.87,3659,735,5,235
unselected union,draft mean-3,scale,1.88,3652,742,5,235
unselected union,draft mean-3,scale,1.89,3644,750,5,235
unselected union,draft mean-3,scale,1.9,3633,761,5,235
unselected union,draft mean-3,scale,1.91,3624,770,5,235
unselected union,draft mean-3,scale,1.92,3616,778,5,235
unselected union,draft mean-3,scale,1.93,3607,787,5,235
unselected union,draft mean-3,scale,1.94,3594,800,5,235
unselected union,draft mean-3,scale,1.95,3585,809,5,235
unselected union,draft mean-3,scale,1.96,3574,820,5,235
unselected union,draft mean-3,scale,1.97,3569,825,5,235
unselected union,draft mean-3,scale,1.98,3562,832,4,236
unselected union,draft mean-3,scale,1.99,3553,841,4,236
unselected union,draft mean-3,scale,2.0,3546,848,4,236
unselected union,draft mean-3,scale,2.01,3536,858,4,236
unselected union,draft mean-3,scale,2.02,3526,868,4,236
unselected union,draft mean-3,scale,2.03,3517,877,4,236
unselected union,draft mean-3,scale,2.04,3507,887,4,236
unselected union,draft mean-3,scale,2.05,3504,890,4,236
unselected union,draft mean-3,scale,2.06,3494,900,4,236
unselected union,draft mean-3,scale,2.07,3490,904,4,236
unselected union,draft mean-3,scale,2.08,3484,910,4,236
unselected union,draft mean-3,scale,2.09,3478,916,4,236
unselected union,draft mean-3,scale,2.1,3472,922,4,236
unselected union,draft mean-3,scale,2.11,3458,936,3,237
unselected union,draft mean-3,scale,2.12,3448,946,3,237
unselected union,draft mean-3,scale,2.13,3441,953,3,237
unselected union,draft mean-3,scale,2.14,3426,968,3,237
unselected union,draft mean-3,scale,2.15,3419,975,3,237
unselected union,draft mean-3,scale,2.16,3409,985,3,237
unselected union,draft mean-3,scale,2.17,3396,998,3,237
unselected union,draft mean-3,scale,2.18,3387,1007,3,237
unselected union,draft mean-3,scale,2.19,3381,1013,3,237
unselected union,draft mean-3,scale,2.2,3370,1024,3,237
unselected union,draft mean-3,scale,2.21,3364,1030,3,237
unselected union,draft mean-3,scale,2.22,3356,1038,3,237
unselected union,draft mean-3,scale,2.23,3346,1048,3,237
unselected union,draft mean-3,scale,2.24,3337,1057,3,237
unselected union,draft mean-3,scale,2.25,3328,1066,3,237
unselected union,draft mean-3,scale,2.26,3317,1077,3,237
unselected union,draft mean-3,scale,2.27,3308,1086,3,237
unselected union,draft mean-3,scale,2.28,3303,1091,3,237
unselected union,draft mean-3,scale,2.29,3293,1101,3,237
unselected union,draft mean-3,scale,2.3,3284,1110,3,237
unselected union,draft mean-3,scale,2.31,3267,1127,3,237
unselected union,draft mean-3,scale,2.32,3256,1138,3,237
unselected union,draft mean-3,scale,2.33,3244,1150,3,237
unselected union,draft mean-3,scale,2.34,3239,1155,3,237
unselected union,draft mean-3,scale,2.35,3229,1165,3,237
unselected union,draft mean-3,scale,2.36,3220,1174,3,237
unselected union,draft mean-3,scale,2.37,3212,1182,3,237
unselected union,draft mean-3,scale,2.38,3205,1189,3,237
unselected union,draft mean-3,scale,2.39,3195,1199,3,237
unselected union,draft mean-3,scale,2.4,3184,1210,3,237
unselected union,draft mean-3,scale,2.41,3173,1221,3,237
unselected union,draft mean-3,scale,2.42,3164,1230,3,237
unselected union,draft mean-3,scale,2.43,3151,1243,3,237
unselected union,draft mean-3,scale,2.44,3146,1248,3,237
unselected union,draft mean-3,scale,2.45,3140,1254,3,237
unselected union,draft mean-3,scale,2.46,3134,1260,3,237
unselected union,draft mean-3,scale,2.47,3127,1267,3,237
unselected union,draft mean-3,scale,2.48,3113,1281,3,237
unselected union,draft mean-3,scale,2.49,3110,1284,3,237
unselected union,draft mean-3,scale,2.5,3100,1294,3,237
unselected union,draft mean-3,scale,2.51,3083,1311,3,237
unselected union,draft mean-3,scale,2.52,3073,1321,3,237
unselected union,draft mean-3,scale,2.53,3067,1327,3,237
unselected union,draft mean-3,scale,2.54,3059,1335,3,237
unselected union,draft mean-3,scale,2.55,3054,1340,3,237
unselected union,draft mean-3,scale,2.56,3045,1349,3,237
unselected union,draft mean-3,scale,2.57,3034,1360,3,237
unselected union,draft mean-3,scale,2.58,3028,1366,3,237
unselected union,draft mean-3,scale,2.59,3017,1377,3,237
unselected union,draft mean-3,scale,2.6,3004,1390,3,237
unselected union,draft mean-3,scale,2.61,2998,1396,3,237
unselected union,draft mean-3,scale,2.62,2991,1403,3,237
unselected union,draft mean-3,scale,2.63,2981,1413,3,237
unselected union,draft mean-3,scale,2.64,2977,1417,3,237
unselected union,draft mean-3,scale,2.65,2970,1424,3,237
unselected union,draft mean-3,scale,2.66,2959,1435,3,237
unselected union,draft mean-3,scale,2.67,2957,1437,3,237
unselected union,draft mean-3,scale,2.68,2951,1443,3,237
unselected union,draft mean-3,scale,2.69,2948,1446,3,237
unselected union,draft mean-3,scale,2.7,2945,1449,3,237
unselected union,draft mean-3,scale,2.71,2940,1454,3,237
unselected union,draft mean-3,scale,2.72,2932,1462,3,237
unselected union,draft mean-3,scale,2.73,2925,1469,3,237
unselected union,draft mean-3,scale,2.74,2920,1474,3,237
unselected union,draft mean-3,scale,2.75,2916,1478,3,237
unselected union,draft mean-3,scale,2.76,2908,1486,3,237
unselected union,draft mean-3,scale,2.77,2905,1489,3,237
unselected union,draft mean-3,scale,2.78,2899,1495,3,237
unselected union,draft mean-3,scale,2.79,2884,1510,3,237
unselected union,draft mean-3,scale,2.8,2877,1517,3,237
unselected union,draft mean-3,scale,2.81,2870,1524,3,237
unselected union,draft mean-3,scale,2.82,2863,1531,3,237
unselected union,draft mean-3,scale,2.83,2860,1534,3,237
unselected union,draft mean-3,scale,2.84,2854,1540,3,237
unselected union,draft mean-3,scale,2.85,2841,1553,3,237
unselected union,draft mean-3,scale,2.86,2835,1559,3,237
unselected union,draft mean-3,scale,2.87,2826,1568,3,237
unselected union,draft mean-3,scale,2.88,2819,1575,3,237
unselected union,draft mean-3,scale,2.89,2811,1583,3,237
unselected union,draft mean-3,scale,2.9,2801,1593,3,237
unselected union,draft mean-3,scale,2.91,2794,1600,3,237
unselected union,draft mean-3,scale,2.92,2785,1609,3,237
unselected union,draft mean-3,scale,2.93,2780,1614,3,237
unselected union,draft mean-3,scale,2.94,2773,1621,3,237
unselected union,draft mean-3,scale,2.95,2768,1626,3,237
unselected union,draft mean-3,scale,2.96,2763,1631,3,237
unselected union,draft mean-3,scale,2.97,2757,1637,3,237
unselected union,draft mean-3,scale,2.98,2749,1645,3,237
unselected union,draft mean-3,scale,2.99,2745,1649,3,237
unselected union,draft mean-3,scale,3.0,2738,1656,3,237
unselected union,draft max-5,margin,0.0,4222,172,24,216
unselected union,draft max-5,margin,10.0,4210,184,24,216
unselected union,draft max-5,margin,20.0,4200,194,22,218
unselected union,draft max-5,margin,30.0,4194,200,20,220
unselected union,draft max-5,margin,40.0,4190,204,18,222
unselected union,draft max-5,margin,50.0,4185,209,16,224
unselected union,draft max-5,margin,60.0,4182,212,16,224
unselected union,draft max-5,margin,70.0,4172,222,14,226
unselected union,draft max-5,margin,80.0,4162,232,14,226
unselected union,draft max-5,margin,90.0,4154,240,12,228
unselected union,draft max-5,margin,100.0,4150,244,12,228
unselected union,draft max-5,margin,110.0,4136,258,10,230
unselected union,draft max-5,margin,120.0,4128,266,8,232
unselected union,draft max-5,margin,130.0,4120,274,6,234
unselected union,draft max-5,margin,140.0,4110,284,6,234
unselected union,draft max-5,margin,150.0,4098,296,6,234
unselected union,draft max-5,margin,160.0,4094,300,6,234
unselected union,draft max-5,margin,170.0,4094,300,6,234
unselected union,draft max-5,margin,180.0,4084,310,6,234
unselected union,draft max-5,margin,190.0,4076,318,6,234
unselected union,draft max-5,margin,200.0,4062,332,6,234
unselected union,draft max-5,margin,210.0,4050,344,6,234
unselected union,draft max-5,margin,220.0,4038,356,6,234
unselected union,draft max-5,margin,230.0,4028,366,6,234
unselected union,draft max-5,margin,240.0,4016,378,6,234
unselected union,draft max-5,margin,250.0,3999,395,6,234
unselected union,draft max-5,margin,260.0,3972,422,6,234
unselected union,draft max-5,margin,270.0,3966,428,6,234
unselected union,draft max-5,margin,280.0,3954,440,6,234
unselected union,draft max-5,margin,290.0,3946,448,6,234
unselected union,draft max-5,margin,300.0,3940,454,6,234
unselected union,draft max-5,margin,310.0,3926,468,6,234
unselected union,draft max-5,margin,320.0,3904,490,6,234
unselected union,draft max-5,margin,330.0,3890,504,6,234
unselected union,draft max-5,margin,340.0,3882,512,6,234
unselected union,draft max-5,margin,350.0,3872,522,6,234
unselected union,draft max-5,margin,360.0,3868,526,6,234
unselected union,draft max-5,margin,370.0,3858,536,4,236
unselected union,draft max-5,margin,380.0,3848,546,4,236
unselected union,draft max-5,margin,390.0,3836,558,4,236
unselected union,draft max-5,margin,400.0,3832,562,4,236
unselected union,draft max-5,margin,410.0,3816,578,4,236
unselected union,draft max-5,margin,420.0,3802,592,4,236
unselected union,draft max-5,margin,430.0,3788,606,4,236
unselected union,draft max-5,margin,440.0,3780,614,4,236
unselected union,draft max-5,margin,450.0,3772,622,4,236
unselected union,draft max-5,margin,460.0,3754,640,4,236
unselected union,draft max-5,margin,470.0,3740,654,4,236
unselected union,draft max-5,margin,480.0,3734,660,4,236
unselected union,draft max-5,margin,490.0,3724,670,4,236
unselected union,draft max-5,margin,500.0,3710,684,4,236
unselected union,draft max-5,margin,510.0,3698,696,4,236
unselected union,draft max-5,margin,520.0,3684,710,4,236
unselected union,draft max-5,margin,530.0,3664,730,4,236
unselected union,draft max-5,margin,540.0,3652,742,2,238
unselected union,draft max-5,margin,550.0,3636,758,2,238
unselected union,draft max-5,margin,560.0,3624,770,2,238
unselected union,draft max-5,margin,570.0,3610,784,2,238
unselected union,draft max-5,margin,580.0,3594,800,2,238
unselected union,draft max-5,margin,590.0,3584,810,2,238
unselected union,draft max-5,margin,600.0,3580,814,2,238
unselected union,draft max-5,margin,610.0,3560,834,2,238
unselected union,draft max-5,margin,620.0,3554,840,2,238
unselected union,draft max-5,margin,630.0,3542,852,2,238
unselected union,draft max-5,margin,640.0,3536,858,0,240
unselected union,draft max-5,margin,650.0,3514,880,0,240
unselected union,draft max-5,margin,660.0,3506,888,0,240
unselected union,draft max-5,margin,670.0,3494,900,0,240
unselected union,draft max-5,margin,680.0,3484,910,0,240
unselected union,draft max-5,margin,690.0,3462,932,0,240
unselected union,draft max-5,margin,700.0,3440,954,0,240
unselected union,draft max-5,margin,710.0,3426,968,0,240
unselected union,draft max-5,margin,720.0,3412,982,0,240
unselected union,draft max-5,margin,730.0,3402,992,0,240
unselected union,draft max-5,margin,740.0,3394,1000,0,240
unselected union,draft max-5,margin,750.0,3380,1014,0,240
unselected union,draft max-5,margin,760.0,3358,1036,0,240
unselected union,draft max-5,margin,770.0,3356,1038,0,240
unselected union,draft max-5,margin,780.0,3324,1070,0,240
unselected union,draft max-5,margin,790.0,3310,1084,0,240
unselected union,draft max-5,margin,800.0,3296,1098,0,240
unselected union,draft max-5,margin,810.0,3274,1120,0,240
unselected union,draft max-5,margin,820.0,3250,1144,0,240
unselected union,draft max-5,margin,830.0,3228,1166,0,240
unselected union,draft max-5,margin,840.0,3214,1180,0,240
unselected union,draft max-5,margin,850.0,3192,1202,0,240
unselected union,draft max-5,margin,860.0,3180,1214,0,240
unselected union,draft max-5,margin,870.0,3164,1230,0,240
unselected union,draft max-5,margin,880.0,3152,1242,0,240
unselected union,draft max-5,margin,890.0,3147,1247,0,240
unselected union,draft max-5,margin,900.0,3136,1258,0,240
unselected union,draft max-5,margin,910.0,3124,1270,0,240
unselected union,draft max-5,margin,920.0,3116,1278,0,240
unselected union,draft max-5,margin,930.0,3106,1288,0,240
unselected union,draft max-5,margin,940.0,3098,1296,0,240
unselected union,draft max-5,margin,950.0,3090,1304,0,240
unselected union,draft max-5,margin,960.0,3078,1316,0,240
unselected union,draft max-5,margin,970.0,3068,1326,0,240
unselected union,draft max-5,margin,980.0,3058,1336,0,240
unselected union,draft max-5,margin,990.0,3050,1344,0,240
unselected union,draft max-5,margin,1000.0,3042,1352,0,240
unselected union,draft max-5,margin,1010.0,3036,1358,0,240
unselected union,draft max-5,margin,1020.0,3030,1364,0,240
unselected union,draft max-5,margin,1030.0,3018,1376,0,240
unselected union,draft max-5,margin,1040.0,3006,1388,0,240
unselected union,draft max-5,margin,1050.0,2992,1402,0,240
unselected union,draft max-5,margin,1060.0,2988,1406,0,240
unselected union,draft max-5,margin,1070.0,2986,1408,0,240
unselected union,draft max-5,margin,1080.0,2976,1418,0,240
unselected union,draft max-5,margin,1090.0,2966,1428,0,240
unselected union,draft max-5,margin,1100.0,2960,1434,0,240
unselected union,draft max-5,margin,1110.0,2952,1442,0,240
unselected union,draft max-5,margin,1120.0,2936,1458,0,240
unselected union,draft max-5,margin,1130.0,2924,1470,0,240
unselected union,draft max-5,margin,1140.0,2920,1474,0,240
unselected union,draft max-5,margin,1150.0,2908,1486,0,240
unselected union,draft max-5,margin,1160.0,2896,1498,0,240
unselected union,draft max-5,margin,1170.0,2882,1512,0,240
unselected union,draft max-5,margin,1180.0,2870,1524,0,240
unselected union,draft max-5,margin,1190.0,2862,1532,0,240
unselected union,draft max-5,margin,1200.0,2848,1546,0,240
unselected union,draft max-5,margin,1210.0,2840,1554,0,240
unselected union,draft max-5,margin,1220.0,2816,1578,0,240
unselected union,draft max-5,margin,1230.0,2812,1582,0,240
unselected union,draft max-5,margin,1240.0,2800,1594,0,240
unselected union,draft max-5,margin,1250.0,2790,1604,0,240
unselected union,draft max-5,margin,1260.0,2784,1610,0,240
unselected union,draft max-5,margin,1270.0,2772,1622,0,240
unselected union,draft max-5,margin,1280.0,2760,1634,0,240
unselected union,draft max-5,margin,1290.0,2750,1644,0,240
unselected union,draft max-5,margin,1300.0,2748,1646,0,240
unselected union,draft max-5,margin,1310.0,2742,1652,0,240
unselected union,draft max-5,margin,1320.0,2734,1660,0,240
unselected union,draft max-5,margin,1330.0,2716,1678,0,240
unselected union,draft max-5,margin,1340.0,2712,1682,0,240
unselected union,draft max-5,margin,1350.0,2704,1690,0,240
unselected union,draft max-5,margin,1360.0,2698,1696,0,240
unselected union,draft max-5,margin,1370.0,2694,1700,0,240
unselected union,draft max-5,margin,1380.0,2684,1710,0,240
unselected union,draft max-5,margin,1390.0,2676,1718,0,240
unselected union,draft max-5,margin,1400.0,2664,1730,0,240
unselected union,draft max-5,margin,1410.0,2656,1738,0,240
unselected union,draft max-5,margin,1420.0,2648,1746,0,240
unselected union,draft max-5,margin,1430.0,2642,1752,0,240
unselected union,draft max-5,margin,1440.0,2632,1762,0,240
unselected union,draft max-5,margin,1450.0,2626,1768,0,240
unselected union,draft max-5,margin,1460.0,2624,1770,0,240
unselected union,draft max-5,margin,1470.0,2614,1780,0,240
unselected union,draft max-5,margin,1480.0,2600,1794,0,240
unselected union,draft max-5,margin,1490.0,2594,1800,0,240
unselected union,draft max-5,margin,1500.0,2580,1814,0,240
unselected union,draft max-5,scale,1.0,4222,172,24,216
unselected union,draft max-5,scale,1.01,4211,183,24,216
unselected union,draft max-5,scale,1.02,4198,196,24,216
unselected union,draft max-5,scale,1.03,4192,202,22,218
unselected union,draft max-5,scale,1.04,4185,209,20,220
unselected union,draft max-5,scale,1.05,4180,214,18,222
unselected union,draft max-5,scale,1.06,4174,220,16,224
unselected union,draft max-5,scale,1.07,4170,224,15,225
unselected union,draft max-5,scale,1.08,4160,234,15,225
unselected union,draft max-5,scale,1.09,4156,238,14,226
unselected union,draft max-5,scale,1.1,4143,251,12,228
unselected union,draft max-5,scale,1.11,4132,262,11,229
unselected union,draft max-5,scale,1.12,4126,268,11,229
unselected union,draft max-5,scale,1.13,4119,275,11,229
unselected union,draft max-5,scale,1.14,4112,282,11,229
unselected union,draft max-5,scale,1.15,4105,289,10,230
unselected union,draft max-5,scale,1.16,4101,293,10,230
unselected union,draft max-5,scale,1.17,4091,303,10,230
unselected union,draft max-5,scale,1.18,4080,314,10,230
unselected union,draft max-5,scale,1.19,4075,319,10,230
unselected union,draft max-5,scale,1.2,4067,327,10,230
unselected union,draft max-5,scale,1.21,4056,338,9,231
unselected union,draft max-5,scale,1.22,4044,350,9,231
unselected union,draft max-5,scale,1.23,4037,357,9,231
unselected union,draft max-5,scale,1.24,4028,366,9,231
unselected union,draft max-5,scale,1.25,4014,380,9,231
unselected union,draft max-5,scale,1.26,3997,397,9,231
unselected union,draft max-5,scale,1.27,3988,406,9,231
unselected union,draft max-5,scale,1.28,3982,412,9,231
unselected union,draft max-5,scale,1.29,3969,425,8,232
unselected union,draft max-5,scale,1.3,3962,432,7,233
unselected union,draft max-5,scale,1.31,3952,442,7,233
unselected union,draft max-5,scale,1.32,3942,452,7,233
unselected union,draft max-5,scale,1.33,3935,459,7,233
unselected union,draft max-5,scale,1.34,3926,468,7,233
unselected union,draft max-5,scale,1.35,3912,482,7,233
unselected union,draft max-5,scale,1.36,3893,501,7,233
unselected union,draft max-5,scale,1.37,3885,509,7,233
unselected union,draft max-5,scale,1.38,3873,521,7,233
unselected union,draft max-5,scale,1.39,3861,533,7,233
unselected union,draft max-5,scale,1.4,3848,546,7,233
unselected union,draft max-5,scale,1.41,3839,555,7,233
unselected union,draft max-5,scale,1.42,3830,564,7,233
unselected union,draft max-5,scale,1.43,3820,574,7,233
unselected union,draft max-5,scale,1.44,3808,586,6,234
unselected union,draft max-5,scale,1.45,3797,597,6,234
unselected union,draft max-5,scale,1.46,3792,602,6,234
unselected union,draft max-5,scale,1.47,3784,610,6,234
unselected union,draft max-5,scale,1.48,3773,621,6,234
unselected union,draft max-5,scale,1.49,3760,634,6,234
unselected union,draft max-5,scale,1.5,3747,647,6,234
unselected union,draft max-5,scale,1.51,3733,661,6,234
unselected union,draft max-5,scale,1.52,3726,668,6,234
unselected union,draft max-5,scale,1.53,3717,677,6,234
unselected union,draft max-5,scale,1.54,3709,685,5,235
unselected union,draft max-5,scale,1.55,3700,694,5,235
unselected union,draft max-5,scale,1.56,3689,705,5,235
unselected union,draft max-5,scale,1.57,3679,715,5,235
unselected union,draft max-5,scale,1.58,3666,728,5,235
unselected union,draft max-5,scale,1.59,3658,736,5,235
unselected union,draft max-5,scale,1.6,3643,751,4,236
unselected union,draft max-5,scale,1.61,3632,762,4,236
unselected union,draft max-5,scale,1.62,3619,775,4,236
unselected union,draft max-5,scale,1.63,3606,788,4,236
unselected union,draft max-5,scale,1.64,3590,804,4,236
unselected union,draft max-5,scale,1.65,3580,814,4,236
unselected union,draft max-5,scale,1.66,3571,823,4,236
unselected union,draft max-5,scale,1.67,3560,834,4,236
unselected union,draft max-5,scale,1.68,3550,844,4,236
unselected union,draft max-5,scale,1.69,3537,857,4,236
unselected union,draft max-5,scale,1.7,3533,861,4,236
unselected union,draft max-5,scale,1.71,3522,872,4,236
unselected union,draft max-5,scale,1.72,3509,885,3,237
unselected union,draft max-5,scale,1.73,3498,896,3,237
unselected union,draft max-5,scale,1.74,3486,908,3,237
unselected union,draft max-5,scale,1.75,3476,918,3,237
unselected union,draft max-5,scale,1.76,3465,929,3,237
unselected union,draft max-5,scale,1.77,3456,938,3,237
unselected union,draft max-5,scale,1.78,3445,949,3,237
unselected union,draft max-5,scale,1.79,3438,956,3,237
unselected union,draft max-5,scale,1.8,3429,965,3,237
unselected union,draft max-5,scale,1.81,3410,984,3,237
unselected union,draft max-5,scale,1.82,3398,996,3,237
unselected union,draft max-5,scale,1.83,3392,1002,3,237
unselected union,draft max-5,scale,1.84,3380,1014,3,237
unselected union,draft max-5,scale,1.85,3373,1021,3,237
unselected union,draft max-5,scale,1.86,3359,1035,3,237
unselected union,draft max-5,scale,1.87,3349,1045,3,237
unselected union,draft max-5,scale,1.88,3333,1061,3,237
unselected union,draft max-5,scale,1.89,3325,1069,3,237
unselected union,draft max-5,scale,1.9,3312,1082,3,237
unselected union,draft max-5,scale,1.91,3302,1092,3,237
unselected union,draft max-5,scale,1.92,3294,1100,3,237
unselected union,draft max-5,scale,1.93,3283,1111,3,237
unselected union,draft max-5,scale,1.94,3269,1125,3,237
unselected union,draft max-5,scale,1.95,3262,1132,3,237
unselected union,draft max-5,scale,1.96,3248,1146,3,237
unselected union,draft max-5,scale,1.97,3238,1156,3,237
unselected union,draft max-5,scale,1.98,3228,1166,3,237
unselected union,draft max-5,scale,1.99,3219,1175,3,237
unselected union,draft max-5,scale,2.0,3206,1188,3,237
unselected union,draft max-5,scale,2.01,3191,1203,3,237
unselected union,draft max-5,scale,2.02,3184,1210,3,237
unselected union,draft max-5,scale,2.03,3177,1217,3,237
unselected union,draft max-5,scale,2.04,3161,1233,3,237
unselected union,draft max-5,scale,2.05,3150,1244,3,237
unselected union,draft max-5,scale,2.06,3144,1250,3,237
unselected union,draft max-5,scale,2.07,3126,1268,3,237
unselected union,draft max-5,scale,2.08,3118,1276,3,237
unselected union,draft max-5,scale,2.09,3108,1286,3,237
unselected union,draft max-5,scale,2.1,3096,1298,3,237
unselected union,draft max-5,scale,2.11,3086,1308,3,237
unselected union,draft max-5,scale,2.12,3077,1317,3,237
unselected union,draft max-5,scale,2.13,3067,1327,3,237
unselected union,draft max-5,scale,2.14,3059,1335,3,237
unselected union,draft max-5,scale,2.15,3046,1348,3,237
unselected union,draft max-5,scale,2.16,3034,1360,3,237
unselected union,draft max-5,scale,2.17,3029,1365,3,237
unselected union,draft max-5,scale,2.18,3025,1369,3,237
unselected union,draft max-5,scale,2.19,3019,1375,3,237
unselected union,draft max-5,scale,2.2,3002,1392,3,237
unselected union,draft max-5,scale,2.21,2996,1398,3,237
unselected union,draft max-5,scale,2.22,2987,1407,3,237
unselected union,draft max-5,scale,2.23,2980,1414,3,237
unselected union,draft max-5,scale,2.24,2971,1423,3,237
unselected union,draft max-5,scale,2.25,2961,1433,3,237
unselected union,draft max-5,scale,2.26,2946,1448,3,237
unselected union,draft max-5,scale,2.27,2937,1457,3,237
unselected union,draft max-5,scale,2.28,2933,1461,3,237
unselected union,draft max-5,scale,2.29,2921,1473,3,237
unselected union,draft max-5,scale,2.3,2904,1490,3,237
unselected union,draft max-5,scale,2.31,2896,1498,3,237
unselected union,draft max-5,scale,2.32,2886,1508,3,237
unselected union,draft max-5,scale,2.33,2871,1523,3,237
unselected union,draft max-5,scale,2.34,2859,1535,3,237
unselected union,draft max-5,scale,2.35,2847,1547,3,237
unselected union,draft max-5,scale,2.36,2839,1555,3,237
unselected union,draft max-5,scale,2.37,2828,1566,3,237
unselected union,draft max-5,scale,2.38,2821,1573,3,237
unselected union,draft max-5,scale,2.39,2817,1577,3,237
unselected union,draft max-5,scale,2.4,2801,1593,3,237
unselected union,draft max-5,scale,2.41,2791,1603,3,237
unselected union,draft max-5,scale,2.42,2784,1610,3,237
unselected union,draft max-5,scale,2.43,2779,1615,3,237
unselected union,draft max-5,scale,2.44,2771,1623,3,237
unselected union,draft max-5,scale,2.45,2767,1627,3,237
unselected union,draft max-5,scale,2.46,2758,1636,3,237
unselected union,draft max-5,scale,2.47,2752,1642,3,237
unselected union,draft max-5,scale,2.48,2742,1652,3,237
unselected union,draft max-5,scale,2.49,2732,1662,3,237
unselected union,draft max-5,scale,2.5,2728,1666,3,237
unselected union,draft max-5,scale,2.51,2724,1670,3,237
unselected union,draft max-5,scale,2.52,2710,1684,3,237
unselected union,draft max-5,scale,2.53,2700,1694,3,237
unselected union,draft max-5,scale,2.54,2693,1701,3,237
unselected union,draft max-5,scale,2.55,2684,1710,3,237
unselected union,draft max-5,scale,2.56,2681,1713,3,237
unselected union,draft max-5,scale,2.57,2674,1720,3,237
unselected union,draft max-5,scale,2.58,2664,1730,3,237
unselected union,draft max-5,scale,2.59,2656,1738,3,237
unselected union,draft max-5,scale,2.6,2643,1751,3,237
unselected union,draft max-5,scale,2.61,2637,1757,3,237
unselected union,draft max-5,scale,2.62,2633,1761,3,237
unselected union,draft max-5,scale,2.63,2625,1769,3,237
unselected union,draft max-5,scale,2.64,2611,1783,3,237
unselected union,draft max-5,scale,2.65,2600,1794,3,237
unselected union,draft max-5,scale,2.66,2593,1801,3,237
unselected union,draft max-5,scale,2.67,2587,1807,3,237
unselected union,draft max-5,scale,2.68,2579,1815,3,237
unselected union,draft max-5,scale,2.69,2575,1819,3,237
unselected union,draft max-5,scale,2.7,2569,1825,3,237
unselected union,draft max-5,scale,2.71,2560,1834,3,237
unselected union,draft max-5,scale,2.72,2554,1840,3,237
unselected union,draft max-5,scale,2.73,2548,1846,3,237
unselected union,draft max-5,scale,2.74,2539,1855,3,237
unselected union,draft max-5,scale,2.75,2532,1862,3,237
unselected union,draft max-5,scale,2.76,2526,1868,3,237
unselected union,draft max-5,scale,2.77,2516,1878,3,237
unselected union,draft max-5,scale,2.78,2506,1888,3,237
unselected union,draft max-5,scale,2.79,2498,1896,3,237
unselected union,draft max-5,scale,2.8,2497,1897,3,237
unselected union,draft max-5,scale,2.81,2491,1903,3,237
unselected union,draft max-5,scale,2.82,2482,1912,3,237
unselected union,draft max-5,scale,2.83,2467,1927,3,237
unselected union,draft max-5,scale,2.84,2461,1933,3,237
unselected union,draft max-5,scale,2.85,2456,1938,3,237
unselected union,draft max-5,scale,2.86,2445,1949,3,237
unselected union,draft max-5,scale,2.87,2440,1954,3,237
unselected union,draft max-5,scale,2.88,2433,1961,3,237
unselected union,draft max-5,scale,2.89,2428,1966,3,237
unselected union,draft max-5,scale,2.9,2421,1973,3,237
unselected union,draft max-5,scale,2.91,2412,1982,3,237
unselected union,draft max-5,scale,2.92,2404,1990,3,237
unselected union,draft max-5,scale,2.93,2400,1994,3,237
unselected union,draft max-5,scale,2.94,2396,1998,3,237
unselected union,draft max-5,scale,2.95,2384,2010,3,237
unselected union,draft max-5,scale,2.96,2379,2015,3,237
unselected union,draft max-5,scale,2.97,2367,2027,3,237
unselected union,draft max-5,scale,2.98,2357,2037,3,237
unselected union,draft max-5,scale,2.99,2353,2041,3,237
unselected union,draft max-5,scale,3.0,2347,2047,3,237
unselected union,stage mean-3,margin,0.0,4373,21,58,182
unselected union,stage mean-3,margin,10.0,4367,27,54,186
unselected union,stage mean-3,margin,20.0,4364,30,50,190
unselected union,stage mean-3,margin,30.0,4362,32,42,198
unselected union,stage mean-3,margin,40.0,4355,39,39,201
unselected union,stage mean-3,margin,50.0,4349,45,38,202
unselected union,stage mean-3,margin,60.0,4346,48,35,205
unselected union,stage mean-3,margin,70.0,4335,59,32,208
unselected union,stage mean-3,margin,80.0,4328,66,30,210
unselected union,stage mean-3,margin,90.0,4315,79,28,212
unselected union,stage mean-3,margin,100.0,4308,86,27,213
unselected union,stage mean-3,margin,110.0,4296,98,25,215
unselected union,stage mean-3,margin,120.0,4289,105,24,216
unselected union,stage mean-3,margin,130.0,4282,112,24,216
unselected union,stage mean-3,margin,140.0,4276,118,23,217
unselected union,stage mean-3,margin,150.0,4270,124,20,220
unselected union,stage mean-3,margin,160.0,4263,131,20,220
unselected union,stage mean-3,margin,170.0,4260,134,19,221
unselected union,stage mean-3,margin,180.0,4253,141,17,223
unselected union,stage mean-3,margin,190.0,4249,145,16,224
unselected union,stage mean-3,margin,200.0,4244,150,16,224
unselected union,stage mean-3,margin,210.0,4235,159,15,225
unselected union,stage mean-3,margin,220.0,4229,165,15,225
unselected union,stage mean-3,margin,230.0,4218,176,15,225
unselected union,stage mean-3,margin,240.0,4208,186,15,225
unselected union,stage mean-3,margin,250.0,4198,196,15,225
unselected union,stage mean-3,margin,260.0,4194,200,15,225
unselected union,stage mean-3,margin,270.0,4188,206,15,225
unselected union,stage mean-3,margin,280.0,4179,215,15,225
unselected union,stage mean-3,margin,290.0,4169,225,15,225
unselected union,stage mean-3,margin,300.0,4161,233,15,225
unselected union,stage mean-3,margin,310.0,4157,237,15,225
unselected union,stage mean-3,margin,320.0,4147,247,15,225
unselected union,stage mean-3,margin,330.0,4135,259,15,225
unselected union,stage mean-3,margin,340.0,4130,264,15,225
unselected union,stage mean-3,margin,350.0,4123,271,15,225
unselected union,stage mean-3,margin,360.0,4105,289,14,226
unselected union,stage mean-3,margin,370.0,4097,297,14,226
unselected union,stage mean-3,margin,380.0,4084,310,13,227
unselected union,stage mean-3,margin,390.0,4070,324,13,227
unselected union,stage mean-3,margin,400.0,4057,337,12,228
unselected union,stage mean-3,margin,410.0,4042,352,12,228
unselected union,stage mean-3,margin,420.0,4030,364,12,228
unselected union,stage mean-3,margin,430.0,4016,378,12,228
unselected union,stage mean-3,margin,440.0,4007,387,12,228
unselected union,stage mean-3,margin,450.0,3992,402,12,228
unselected union,stage mean-3,margin,460.0,3982,412,12,228
unselected union,stage mean-3,margin,470.0,3971,423,12,228
unselected union,stage mean-3,margin,480.0,3967,427,11,229
unselected union,stage mean-3,margin,490.0,3955,439,11,229
unselected union,stage mean-3,margin,500.0,3948,446,11,229
unselected union,stage mean-3,margin,510.0,3933,461,11,229
unselected union,stage mean-3,margin,520.0,3918,476,11,229
unselected union,stage mean-3,margin,530.0,3900,494,10,230
unselected union,stage mean-3,margin,540.0,3888,506,10,230
unselected union,stage mean-3,margin,550.0,3868,526,10,230
unselected union,stage mean-3,margin,560.0,3861,533,10,230
unselected union,stage mean-3,margin,570.0,3848,546,10,230
unselected union,stage mean-3,margin,580.0,3828,566,9,231
unselected union,stage mean-3,margin,590.0,3817,577,9,231
unselected union,stage mean-3,margin,600.0,3801,593,9,231
unselected union,stage mean-3,margin,610.0,3787,607,9,231
unselected union,stage mean-3,margin,620.0,3772,622,9,231
unselected union,stage mean-3,margin,630.0,3761,633,9,231
unselected union,stage mean-3,margin,640.0,3750,644,9,231
unselected union,stage mean-3,margin,650.0,3735,659,9,231
unselected union,stage mean-3,margin,660.0,3723,671,9,231
unselected union,stage mean-3,margin,670.0,3707,687,8,232
unselected union,stage mean-3,margin,680.0,3698,696,8,232
unselected union,stage mean-3,margin,690.0,3684,710,8,232
unselected union,stage mean-3,margin,700.0,3673,721,8,232
unselected union,stage mean-3,margin,710.0,3666,728,8,232
unselected union,stage mean-3,margin,720.0,3653,741,8,232
unselected union,stage mean-3,margin,730.0,3643,751,8,232
unselected union,stage mean-3,margin,740.0,3627,767,8,232
unselected union,stage mean-3,margin,750.0,3615,779,8,232
unselected union,stage mean-3,margin,760.0,3603,791,8,232
unselected union,stage mean-3,margin,770.0,3586,808,8,232
unselected union,stage mean-3,margin,780.0,3572,822,8,232
unselected union,stage mean-3,margin,790.0,3562,832,8,232
unselected union,stage mean-3,margin,800.0,3554,840,8,232
unselected union,stage mean-3,margin,810.0,3541,853,8,232
unselected union,stage mean-3,margin,820.0,3526,868,8,232
unselected union,stage mean-3,margin,830.0,3510,884,8,232
unselected union,stage mean-3,margin,840.0,3495,899,8,232
unselected union,stage mean-3,margin,850.0,3480,914,8,232
unselected union,stage mean-3,margin,860.0,3464,930,8,232
unselected union,stage mean-3,margin,870.0,3448,946,8,232
unselected union,stage mean-3,margin,880.0,3435,959,8,232
unselected union,stage mean-3,margin,890.0,3421,973,8,232
unselected union,stage mean-3,margin,900.0,3403,991,8,232
unselected union,stage mean-3,margin,910.0,3389,1005,8,232
unselected union,stage mean-3,margin,920.0,3375,1019,8,232
unselected union,stage mean-3,margin,930.0,3359,1035,8,232
unselected union,stage mean-3,margin,940.0,3348,1046,8,232
unselected union,stage mean-3,margin,950.0,3333,1061,8,232
unselected union,stage mean-3,margin,960.0,3320,1074,8,232
unselected union,stage mean-3,margin,970.0,3305,1089,8,232
unselected union,stage mean-3,margin,980.0,3297,1097,8,232
unselected union,stage mean-3,margin,990.0,3284,1110,8,232
unselected union,stage mean-3,margin,1000.0,3267,1127,8,232
unselected union,stage mean-3,margin,1010.0,3254,1140,8,232
unselected union,stage mean-3,margin,1020.0,3240,1154,8,232
unselected union,stage mean-3,margin,1030.0,3234,1160,8,232
unselected union,stage mean-3,margin,1040.0,3224,1170,8,232
unselected union,stage mean-3,margin,1050.0,3212,1182,8,232
unselected union,stage mean-3,margin,1060.0,3203,1191,8,232
unselected union,stage mean-3,margin,1070.0,3192,1202,8,232
unselected union,stage mean-3,margin,1080.0,3183,1211,8,232
unselected union,stage mean-3,margin,1090.0,3172,1222,8,232
unselected union,stage mean-3,margin,1100.0,3163,1231,8,232
unselected union,stage mean-3,margin,1110.0,3155,1239,8,232
unselected union,stage mean-3,margin,1120.0,3147,1247,8,232
unselected union,stage mean-3,margin,1130.0,3131,1263,8,232
unselected union,stage mean-3,margin,1140.0,3120,1274,8,232
unselected union,stage mean-3,margin,1150.0,3107,1287,8,232
unselected union,stage mean-3,margin,1160.0,3097,1297,8,232
unselected union,stage mean-3,margin,1170.0,3088,1306,8,232
unselected union,stage mean-3,margin,1180.0,3076,1318,8,232
unselected union,stage mean-3,margin,1190.0,3067,1327,8,232
unselected union,stage mean-3,margin,1200.0,3058,1336,8,232
unselected union,stage mean-3,margin,1210.0,3051,1343,8,232
unselected union,stage mean-3,margin,1220.0,3042,1352,8,232
unselected union,stage mean-3,margin,1230.0,3031,1363,8,232
unselected union,stage mean-3,margin,1240.0,3022,1372,8,232
unselected union,stage mean-3,margin,1250.0,3014,1380,8,232
unselected union,stage mean-3,margin,1260.0,3007,1387,8,232
unselected union,stage mean-3,margin,1270.0,2997,1397,8,232
unselected union,stage mean-3,margin,1280.0,2986,1408,8,232
unselected union,stage mean-3,margin,1290.0,2978,1416,8,232
unselected union,stage mean-3,margin,1300.0,2967,1427,8,232
unselected union,stage mean-3,margin,1310.0,2957,1437,8,232
unselected union,stage mean-3,margin,1320.0,2947,1447,8,232
unselected union,stage mean-3,margin,1330.0,2934,1460,8,232
unselected union,stage mean-3,margin,1340.0,2928,1466,8,232
unselected union,stage mean-3,margin,1350.0,2915,1479,8,232
unselected union,stage mean-3,margin,1360.0,2906,1488,8,232
unselected union,stage mean-3,margin,1370.0,2894,1500,8,232
unselected union,stage mean-3,margin,1380.0,2889,1505,8,232
unselected union,stage mean-3,margin,1390.0,2883,1511,8,232
unselected union,stage mean-3,margin,1400.0,2875,1519,8,232
unselected union,stage mean-3,margin,1410.0,2866,1528,8,232
unselected union,stage mean-3,margin,1420.0,2856,1538,8,232
unselected union,stage mean-3,margin,1430.0,2850,1544,8,232
unselected union,stage mean-3,margin,1440.0,2844,1550,8,232
unselected union,stage mean-3,margin,1450.0,2837,1557,8,232
unselected union,stage mean-3,margin,1460.0,2830,1564,8,232
unselected union,stage mean-3,margin,1470.0,2820,1574,8,232
unselected union,stage mean-3,margin,1480.0,2811,1583,8,232
unselected union,stage mean-3,margin,1490.0,2804,1590,8,232
unselected union,stage mean-3,margin,1500.0,2799,1595,8,232
unselected union,stage mean-3,scale,1.0,4373,21,58,182
unselected union,stage mean-3,scale,1.01,4368,26,56,184
unselected union,stage mean-3,scale,1.02,4365,29,51,189
unselected union,stage mean-3,scale,1.03,4364,30,47,193
unselected union,stage mean-3,scale,1.04,4361,33,42,198
unselected union,stage mean-3,scale,1.05,4356,38,38,202
unselected union,stage mean-3,scale,1.06,4352,42,36,204
unselected union,stage mean-3,scale,1.07,4347,47,34,206
unselected union,stage mean-3,scale,1.08,4340,54,34,206
unselected union,stage mean-3,scale,1.09,4333,61,33,207
unselected union,stage mean-3,scale,1.1,4324,70,30,210
unselected union,stage mean-3,scale,1.11,4319,75,29,211
unselected union,stage mean-3,scale,1.12,4313,81,27,213
unselected union,stage mean-3,scale,1.13,4310,84,27,213
unselected union,stage mean-3,scale,1.14,4309,85,23,217
unselected union,stage mean-3,scale,1.15,4306,88,23,217
unselected union,stage mean-3,scale,1.16,4296,98,22,218
unselected union,stage mean-3,scale,1.17,4293,101,21,219
unselected union,stage mean-3,scale,1.18,4288,106,21,219
unselected union,stage mean-3,scale,1.19,4276,118,20,220
unselected union,stage mean-3,scale,1.2,4263,131,20,220
unselected union,stage mean-3,scale,1.21,4260,134,19,221
unselected union,stage mean-3,scale,1.22,4255,139,18,222
unselected union,stage mean-3,scale,1.23,4252,142,17,223
unselected union,stage mean-3,scale,1.24,4249,145,17,223
unselected union,stage mean-3,scale,1.25,4246,148,16,224
unselected union,stage mean-3,scale,1.26,4241,153,15,225
unselected union,stage mean-3,scale,1.27,4238,156,15,225
unselected union,stage mean-3,scale,1.28,4232,162,15,225
unselected union,stage mean-3,scale,1.29,4221,173,15,225
unselected union,stage mean-3,scale,1.3,4220,174,15,225
unselected union,stage mean-3,scale,1.31,4218,176,15,225
unselected union,stage mean-3,scale,1.32,4210,184,15,225
unselected union,stage mean-3,scale,1.33,4203,191,15,225
unselected union,stage mean-3,scale,1.34,4197,197,14,226
unselected union,stage mean-3,scale,1.35,4185,209,14,226
unselected union,stage mean-3,scale,1.36,4174,220,14,226
unselected union,stage mean-3,scale,1.37,4167,227,13,227
unselected union,stage mean-3,scale,1.38,4157,237,13,227
unselected union,stage mean-3,scale,1.39,4150,244,13,227
unselected union,stage mean-3,scale,1.4,4144,250,13,227
unselected union,stage mean-3,scale,1.41,4136,258,13,227
unselected union,stage mean-3,scale,1.42,4131,263,13,227
unselected union,stage mean-3,scale,1.43,4126,268,13,227
unselected union,stage mean-3,scale,1.44,4115,279,13,227
unselected union,stage mean-3,scale,1.45,4112,282,13,227
unselected union,stage mean-3,scale,1.46,4102,292,13,227
unselected union,stage mean-3,scale,1.47,4099,295,13,227
unselected union,stage mean-3,scale,1.48,4087,307,13,227
unselected union,stage mean-3,scale,1.49,4071,323,12,228
unselected union,stage mean-3,scale,1.5,4063,331,11,229
unselected union,stage mean-3,scale,1.51,4057,337,11,229
unselected union,stage mean-3,scale,1.52,4051,343,11,229
unselected union,stage mean-3,scale,1.53,4044,350,11,229
unselected union,stage mean-3,scale,1.54,4033,361,11,229
unselected union,stage mean-3,scale,1.55,4025,369,11,229
unselected union,stage mean-3,scale,1.56,4017,377,11,229
unselected union,stage mean-3,scale,1.57,4014,380,11,229
unselected union,stage mean-3,scale,1.58,4007,387,10,230
unselected union,stage mean-3,scale,1.59,4003,391,10,230
unselected union,stage mean-3,scale,1.6,3992,402,10,230
unselected union,stage mean-3,scale,1.61,3986,408,10,230
unselected union,stage mean-3,scale,1.62,3976,418,10,230
unselected union,stage mean-3,scale,1.63,3968,426,10,230
unselected union,stage mean-3,scale,1.64,3959,435,10,230
unselected union,stage mean-3,scale,1.65,3952,442,10,230
unselected union,stage mean-3,scale,1.66,3940,454,10,230
unselected union,stage mean-3,scale,1.67,3931,463,10,230
unselected union,stage mean-3,scale,1.68,3923,471,10,230
unselected union,stage mean-3,scale,1.69,3914,480,10,230
unselected union,stage mean-3,scale,1.7,3907,487,10,230
unselected union,stage mean-3,scale,1.71,3896,498,10,230
unselected union,stage mean-3,scale,1.72,3886,508,10,230
unselected union,stage mean-3,scale,1.73,3876,518,10,230
unselected union,stage mean-3,scale,1.74,3867,527,10,230
unselected union,stage mean-3,scale,1.75,3858,536,10,230
unselected union,stage mean-3,scale,1.76,3846,548,10,230
unselected union,stage mean-3,scale,1.77,3835,559,10,230
unselected union,stage mean-3,scale,1.78,3822,572,10,230
unselected union,stage mean-3,scale,1.79,3809,585,9,231
unselected union,stage mean-3,scale,1.8,3797,597,9,231
unselected union,stage mean-3,scale,1.81,3789,605,9,231
unselected union,stage mean-3,scale,1.82,3778,616,9,231
unselected union,stage mean-3,scale,1.83,3771,623,9,231
unselected union,stage mean-3,scale,1.84,3757,637,8,232
unselected union,stage mean-3,scale,1.85,3746,648,8,232
unselected union,stage mean-3,scale,1.86,3741,653,8,232
unselected union,stage mean-3,scale,1.87,3734,660,8,232
unselected union,stage mean-3,scale,1.88,3726,668,8,232
unselected union,stage mean-3,scale,1.89,3713,681,8,232
unselected union,stage mean-3,scale,1.9,3707,687,8,232
unselected union,stage mean-3,scale,1.91,3698,696,8,232
unselected union,stage mean-3,scale,1.92,3686,708,8,232
unselected union,stage mean-3,scale,1.93,3678,716,8,232
unselected union,stage mean-3,scale,1.94,3663,731,8,232
unselected union,stage mean-3,scale,1.95,3659,735,8,232
unselected union,stage mean-3,scale,1.96,3650,744,8,232
unselected union,stage mean-3,scale,1.97,3644,750,8,232
unselected union,stage mean-3,scale,1.98,3637,757,8,232
unselected union,stage mean-3,scale,1.99,3630,764,8,232
unselected union,stage mean-3,scale,2.0,3627,767,8,232
unselected union,stage mean-3,scale,2.01,3617,777,8,232
unselected union,stage mean-3,scale,2.02,3609,785,8,232
unselected union,stage mean-3,scale,2.03,3604,790,8,232
unselected union,stage mean-3,scale,2.04,3595,799,8,232
unselected union,stage mean-3,scale,2.05,3588,806,8,232
unselected union,stage mean-3,scale,2.06,3582,812,8,232
unselected union,stage mean-3,scale,2.07,3577,817,8,232
unselected union,stage mean-3,scale,2.08,3572,822,8,232
unselected union,stage mean-3,scale,2.09,3558,836,8,232
unselected union,stage mean-3,scale,2.1,3551,843,8,232
unselected union,stage mean-3,scale,2.11,3541,853,8,232
unselected union,stage mean-3,scale,2.12,3532,862,8,232
unselected union,stage mean-3,scale,2.13,3519,875,8,232
unselected union,stage mean-3,scale,2.14,3510,884,8,232
unselected union,stage mean-3,scale,2.15,3500,894,8,232
unselected union,stage mean-3,scale,2.16,3491,903,8,232
unselected union,stage mean-3,scale,2.17,3477,917,8,232
unselected union,stage mean-3,scale,2.18,3468,926,8,232
unselected union,stage mean-3,scale,2.19,3460,934,8,232
unselected union,stage mean-3,scale,2.2,3454,940,8,232
unselected union,stage mean-3,scale,2.21,3445,949,8,232
unselected union,stage mean-3,scale,2.22,3440,954,8,232
unselected union,stage mean-3,scale,2.23,3429,965,8,232
unselected union,stage mean-3,scale,2.24,3422,972,8,232
unselected union,stage mean-3,scale,2.25,3413,981,8,232
unselected union,stage mean-3,scale,2.26,3406,988,8,232
unselected union,stage mean-3,scale,2.27,3396,998,8,232
unselected union,stage mean-3,scale,2.28,3388,1006,8,232
unselected union,stage mean-3,scale,2.29,3379,1015,8,232
unselected union,stage mean-3,scale,2.3,3368,1026,8,232
unselected union,stage mean-3,scale,2.31,3363,1031,8,232
unselected union,stage mean-3,scale,2.32,3354,1040,8,232
unselected union,stage mean-3,scale,2.33,3344,1050,8,232
unselected union,stage mean-3,scale,2.34,3340,1054,8,232
unselected union,stage mean-3,scale,2.35,3330,1064,8,232
unselected union,stage mean-3,scale,2.36,3320,1074,8,232
unselected union,stage mean-3,scale,2.37,3313,1081,8,232
unselected union,stage mean-3,scale,2.38,3298,1096,8,232
unselected union,stage mean-3,scale,2.39,3288,1106,8,232
unselected union,stage mean-3,scale,2.4,3280,1114,8,232
unselected union,stage mean-3,scale,2.41,3271,1123,8,232
unselected union,stage mean-3,scale,2.42,3263,1131,8,232
unselected union,stage mean-3,scale,2.43,3256,1138,8,232
unselected union,stage mean-3,scale,2.44,3247,1147,8,232
unselected union,stage mean-3,scale,2.45,3240,1154,8,232
unselected union,stage mean-3,scale,2.46,3233,1161,8,232
unselected union,stage mean-3,scale,2.47,3225,1169,8,232
unselected union,stage mean-3,scale,2.48,3218,1176,8,232
unselected union,stage mean-3,scale,2.49,3206,1188,8,232
unselected union,stage mean-3,scale,2.5,3196,1198,8,232
unselected union,stage mean-3,scale,2.51,3188,1206,8,232
unselected union,stage mean-3,scale,2.52,3180,1214,8,232
unselected union,stage mean-3,scale,2.53,3167,1227,8,232
unselected union,stage mean-3,scale,2.54,3160,1234,8,232
unselected union,stage mean-3,scale,2.55,3154,1240,8,232
unselected union,stage mean-3,scale,2.56,3148,1246,8,232
unselected union,stage mean-3,scale,2.57,3142,1252,8,232
unselected union,stage mean-3,scale,2.58,3132,1262,8,232
unselected union,stage mean-3,scale,2.59,3120,1274,8,232
unselected union,stage mean-3,scale,2.6,3109,1285,8,232
unselected union,stage mean-3,scale,2.61,3102,1292,8,232
unselected union,stage mean-3,scale,2.62,3096,1298,8,232
unselected union,stage mean-3,scale,2.63,3093,1301,8,232
unselected union,stage mean-3,scale,2.64,3084,1310,8,232
unselected union,stage mean-3,scale,2.65,3080,1314,8,232
unselected union,stage mean-3,scale,2.66,3070,1324,8,232
unselected union,stage mean-3,scale,2.67,3055,1339,8,232
unselected union,stage mean-3,scale,2.68,3050,1344,8,232
unselected union,stage mean-3,scale,2.69,3045,1349,8,232
unselected union,stage mean-3,scale,2.7,3037,1357,8,232
unselected union,stage mean-3,scale,2.71,3030,1364,8,232
unselected union,stage mean-3,scale,2.72,3028,1366,8,232
unselected union,stage mean-3,scale,2.73,3020,1374,8,232
unselected union,stage mean-3,scale,2.74,3018,1376,8,232
unselected union,stage mean-3,scale,2.75,3010,1384,8,232
unselected union,stage mean-3,scale,2.76,3004,1390,8,232
unselected union,stage mean-3,scale,2.77,2996,1398,8,232
unselected union,stage mean-3,scale,2.78,2986,1408,8,232
unselected union,stage mean-3,scale,2.79,2978,1416,8,232
unselected union,stage mean-3,scale,2.8,2976,1418,8,232
unselected union,stage mean-3,scale,2.81,2971,1423,8,232
unselected union,stage mean-3,scale,2.82,2971,1423,8,232
unselected union,stage mean-3,scale,2.83,2967,1427,8,232
unselected union,stage mean-3,scale,2.84,2956,1438,8,232
unselected union,stage mean-3,scale,2.85,2951,1443,8,232
unselected union,stage mean-3,scale,2.86,2947,1447,8,232
unselected union,stage mean-3,scale,2.87,2944,1450,8,232
unselected union,stage mean-3,scale,2.88,2937,1457,8,232
unselected union,stage mean-3,scale,2.89,2932,1462,8,232
unselected union,stage mean-3,scale,2.9,2928,1466,8,232
unselected union,stage mean-3,scale,2.91,2917,1477,8,232
unselected union,stage mean-3,scale,2.92,2908,1486,8,232
unselected union,stage mean-3,scale,2.93,2900,1494,8,232
unselected union,stage mean-3,scale,2.94,2892,1502,8,232
unselected union,stage mean-3,scale,2.95,2887,1507,8,232
unselected union,stage mean-3,scale,2.96,2883,1511,8,232
unselected union,stage mean-3,scale,2.97,2877,1517,8,232
unselected union,stage mean-3,scale,2.98,2872,1522,8,232
unselected union,stage mean-3,scale,2.99,2869,1525,8,232
unselected union,stage mean-3,scale,3.0,2862,1532,8,232
unselected union,stage max-5,margin,0.0,4286,108,22,218
unselected union,stage max-5,margin,10.0,4279,115,22,218
unselected union,stage max-5,margin,20.0,4271,123,21,219
unselected union,stage max-5,margin,30.0,4266,128,19,221
unselected union,stage max-5,margin,40.0,4259,135,19,221
unselected union,stage max-5,margin,50.0,4248,146,19,221
unselected union,stage max-5,margin,60.0,4239,155,18,222
unselected union,stage max-5,margin,70.0,4228,166,17,223
unselected union,stage max-5,margin,80.0,4219,175,17,223
unselected union,stage max-5,margin,90.0,4213,181,16,224
unselected union,stage max-5,margin,100.0,4206,188,15,225
unselected union,stage max-5,margin,110.0,4199,195,15,225
unselected union,stage max-5,margin,120.0,4195,199,15,225
unselected union,stage max-5,margin,130.0,4185,209,14,226
unselected union,stage max-5,margin,140.0,4176,218,14,226
unselected union,stage max-5,margin,150.0,4168,226,14,226
unselected union,stage max-5,margin,160.0,4160,234,14,226
unselected union,stage max-5,margin,170.0,4156,238,14,226
unselected union,stage max-5,margin,180.0,4143,251,14,226
unselected union,stage max-5,margin,190.0,4132,262,13,227
unselected union,stage max-5,margin,200.0,4122,272,12,228
unselected union,stage max-5,margin,210.0,4113,281,12,228
unselected union,stage max-5,margin,220.0,4101,293,12,228
unselected union,stage max-5,margin,230.0,4086,308,12,228
unselected union,stage max-5,margin,240.0,4074,320,12,228
unselected union,stage max-5,margin,250.0,4063,331,12,228
unselected union,stage max-5,margin,260.0,4055,339,12,228
unselected union,stage max-5,margin,270.0,4045,349,12,228
unselected union,stage max-5,margin,280.0,4037,357,11,229
unselected union,stage max-5,margin,290.0,4027,367,11,229
unselected union,stage max-5,margin,300.0,4013,381,11,229
unselected union,stage max-5,margin,310.0,4003,391,11,229
unselected union,stage max-5,margin,320.0,3993,401,11,229
unselected union,stage max-5,margin,330.0,3975,419,11,229
unselected union,stage max-5,margin,340.0,3965,429,11,229
unselected union,stage max-5,margin,350.0,3954,440,11,229
unselected union,stage max-5,margin,360.0,3945,449,11,229
unselected union,stage max-5,margin,370.0,3932,462,11,229
unselected union,stage max-5,margin,380.0,3918,476,11,229
unselected union,stage max-5,margin,390.0,3906,488,10,230
unselected union,stage max-5,margin,400.0,3894,500,10,230
unselected union,stage max-5,margin,410.0,3884,510,10,230
unselected union,stage max-5,margin,420.0,3874,520,10,230
unselected union,stage max-5,margin,430.0,3862,532,10,230
unselected union,stage max-5,margin,440.0,3852,542,10,230
unselected union,stage max-5,margin,450.0,3843,551,10,230
unselected union,stage max-5,margin,460.0,3830,564,10,230
unselected union,stage max-5,margin,470.0,3811,583,10,230
unselected union,stage max-5,margin,480.0,3800,594,9,231
unselected union,stage max-5,margin,490.0,3788,606,9,231
unselected union,stage max-5,margin,500.0,3771,623,9,231
unselected union,stage max-5,margin,510.0,3764,630,9,231
unselected union,stage max-5,margin,520.0,3753,641,9,231
unselected union,stage max-5,margin,530.0,3741,653,9,231
unselected union,stage max-5,margin,540.0,3727,667,9,231
unselected union,stage max-5,margin,550.0,3714,680,9,231
unselected union,stage max-5,margin,560.0,3697,697,9,231
unselected union,stage max-5,margin,570.0,3691,703,9,231
unselected union,stage max-5,margin,580.0,3683,711,9,231
unselected union,stage max-5,margin,590.0,3674,720,9,231
unselected union,stage max-5,margin,600.0,3662,732,9,231
unselected union,stage max-5,margin,610.0,3639,755,9,231
unselected union,stage max-5,margin,620.0,3628,766,8,232
unselected union,stage max-5,margin,630.0,3615,779,8,232
unselected union,stage max-5,margin,640.0,3600,794,8,232
unselected union,stage max-5,margin,650.0,3586,808,8,232
unselected union,stage max-5,margin,660.0,3573,821,8,232
unselected union,stage max-5,margin,670.0,3561,833,8,232
unselected union,stage max-5,margin,680.0,3548,846,8,232
unselected union,stage max-5,margin,690.0,3533,861,8,232
unselected union,stage max-5,margin,700.0,3522,872,8,232
unselected union,stage max-5,margin,710.0,3500,894,8,232
unselected union,stage max-5,margin,720.0,3490,904,8,232
unselected union,stage max-5,margin,730.0,3471,923,8,232
unselected union,stage max-5,margin,740.0,3461,933,8,232
unselected union,stage max-5,margin,750.0,3448,946,8,232
unselected union,stage max-5,margin,760.0,3437,957,8,232
unselected union,stage max-5,margin,770.0,3418,976,8,232
unselected union,stage max-5,margin,780.0,3399,995,8,232
unselected union,stage max-5,margin,790.0,3378,1016,8,232
unselected union,stage max-5,margin,800.0,3364,1030,8,232
unselected union,stage max-5,margin,810.0,3350,1044,8,232
unselected union,stage max-5,margin,820.0,3338,1056,8,232
unselected union,stage max-5,margin,830.0,3323,1071,8,232
unselected union,stage max-5,margin,840.0,3310,1084,8,232
unselected union,stage max-5,margin,850.0,3302,1092,8,232
unselected union,stage max-5,margin,860.0,3288,1106,8,232
unselected union,stage max-5,margin,870.0,3277,1117,8,232
unselected union,stage max-5,margin,880.0,3266,1128,8,232
unselected union,stage max-5,margin,890.0,3259,1135,8,232
unselected union,stage max-5,margin,900.0,3250,1144,8,232
unselected union,stage max-5,margin,910.0,3231,1163,8,232
unselected union,stage max-5,margin,920.0,3215,1179,8,232
unselected union,stage max-5,margin,930.0,3205,1189,8,232
unselected union,stage max-5,margin,940.0,3195,1199,8,232
unselected union,stage max-5,margin,950.0,3182,1212,8,232
unselected union,stage max-5,margin,960.0,3175,1219,8,232
unselected union,stage max-5,margin,970.0,3166,1228,8,232
unselected union,stage max-5,margin,980.0,3149,1245,8,232
unselected union,stage max-5,margin,990.0,3135,1259,8,232
unselected union,stage max-5,margin,1000.0,3129,1265,8,232
unselected union,stage max-5,margin,1010.0,3120,1274,8,232
unselected union,stage max-5,margin,1020.0,3113,1281,8,232
unselected union,stage max-5,margin,1030.0,3104,1290,8,232
unselected union,stage max-5,margin,1040.0,3091,1303,8,232
unselected union,stage max-5,margin,1050.0,3081,1313,8,232
unselected union,stage max-5,margin,1060.0,3071,1323,8,232
unselected union,stage max-5,margin,1070.0,3064,1330,8,232
unselected union,stage max-5,margin,1080.0,3057,1337,8,232
unselected union,stage max-5,margin,1090.0,3045,1349,8,232
unselected union,stage max-5,margin,1100.0,3036,1358,8,232
unselected union,stage max-5,margin,1110.0,3023,1371,8,232
unselected union,stage max-5,margin,1120.0,3012,1382,8,232
unselected union,stage max-5,margin,1130.0,2999,1395,8,232
unselected union,stage max-5,margin,1140.0,2986,1408,8,232
unselected union,stage max-5,margin,1150.0,2977,1417,8,232
unselected union,stage max-5,margin,1160.0,2968,1426,8,232
unselected union,stage max-5,margin,1170.0,2959,1435,8,232
unselected union,stage max-5,margin,1180.0,2951,1443,8,232
unselected union,stage max-5,margin,1190.0,2944,1450,8,232
unselected union,stage max-5,margin,1200.0,2936,1458,8,232
unselected union,stage max-5,margin,1210.0,2926,1468,8,232
unselected union,stage max-5,margin,1220.0,2916,1478,8,232
unselected union,stage max-5,margin,1230.0,2904,1490,8,232
unselected union,stage max-5,margin,1240.0,2896,1498,8,232
unselected union,stage max-5,margin,1250.0,2890,1504,8,232
unselected union,stage max-5,margin,1260.0,2878,1516,8,232
unselected union,stage max-5,margin,1270.0,2873,1521,8,232
unselected union,stage max-5,margin,1280.0,2863,1531,8,232
unselected union,stage max-5,margin,1290.0,2855,1539,8,232
unselected union,stage max-5,margin,1300.0,2853,1541,8,232
unselected union,stage max-5,margin,1310.0,2849,1545,8,232
unselected union,stage max-5,margin,1320.0,2841,1553,8,232
unselected union,stage max-5,margin,1330.0,2836,1558,8,232
unselected union,stage max-5,margin,1340.0,2829,1565,8,232
unselected union,stage max-5,margin,1350.0,2818,1576,8,232
unselected union,stage max-5,margin,1360.0,2810,1584,8,232
unselected union,stage max-5,margin,1370.0,2796,1598,8,232
unselected union,stage max-5,margin,1380.0,2784,1610,8,232
unselected union,stage max-5,margin,1390.0,2780,1614,8,232
unselected union,stage max-5,margin,1400.0,2769,1625,8,232
unselected union,stage max-5,margin,1410.0,2760,1634,8,232
unselected union,stage max-5,margin,1420.0,2753,1641,8,232
unselected union,stage max-5,margin,1430.0,2745,1649,8,232
unselected union,stage max-5,margin,1440.0,2734,1660,8,232
unselected union,stage max-5,margin,1450.0,2722,1672,8,232
unselected union,stage max-5,margin,1460.0,2714,1680,8,232
unselected union,stage max-5,margin,1470.0,2702,1692,8,232
unselected union,stage max-5,margin,1480.0,2696,1698,8,232
unselected union,stage max-5,margin,1490.0,2681,1713,8,232
unselected union,stage max-5,margin,1500.0,2674,1720,8,232
unselected union,stage max-5,scale,1.0,4286,108,22,218
unselected union,stage max-5,scale,1.01,4278,116,22,218
unselected union,stage max-5,scale,1.02,4274,120,22,218
unselected union,stage max-5,scale,1.03,4266,128,20,220
unselected union,stage max-5,scale,1.04,4258,136,20,220
unselected union,stage max-5,scale,1.05,4250,144,19,221
unselected union,stage max-5,scale,1.06,4241,153,19,221
unselected union,stage max-5,scale,1.07,4231,163,18,222
unselected union,stage max-5,scale,1.08,4221,173,16,224
unselected union,stage max-5,scale,1.09,4217,177,16,224
unselected union,stage max-5,scale,1.1,4212,182,15,225
unselected union,stage max-5,scale,1.11,4206,188,15,225
unselected union,stage max-5,scale,1.12,4198,196,15,225
unselected union,stage max-5,scale,1.13,4190,204,15,225
unselected union,stage max-5,scale,1.14,4182,212,14,226
unselected union,stage max-5,scale,1.15,4179,215,14,226
unselected union,stage max-5,scale,1.16,4171,223,14,226
unselected union,stage max-5,scale,1.17,4163,231,14,226
unselected union,stage max-5,scale,1.18,4153,241,14,226
unselected union,stage max-5,scale,1.19,4141,253,14,226
unselected union,stage max-5,scale,1.2,4137,257,13,227
unselected union,stage max-5,scale,1.21,4123,271,13,227
unselected union,stage max-5,scale,1.22,4117,277,12,228
unselected union,stage max-5,scale,1.23,4106,288,12,228
unselected union,stage max-5,scale,1.24,4096,298,12,228
unselected union,stage max-5,scale,1.25,4087,307,11,229
unselected union,stage max-5,scale,1.26,4076,318,11,229
unselected union,stage max-5,scale,1.27,4070,324,11,229
unselected union,stage max-5,scale,1.28,4058,336,11,229
unselected union,stage max-5,scale,1.29,4046,348,11,229
unselected union,stage max-5,scale,1.3,4041,353,11,229
unselected union,stage max-5,scale,1.31,4034,360,11,229
unselected union,stage max-5,scale,1.32,4027,367,11,229
unselected union,stage max-5,scale,1.33,4018,376,11,229
unselected union,stage max-5,scale,1.34,4008,386,11,229
unselected union,stage max-5,scale,1.35,3999,395,11,229
unselected union,stage max-5,scale,1.36,3988,406,11,229
unselected union,stage max-5,scale,1.37,3979,415,10,230
unselected union,stage max-5,scale,1.38,3968,426,10,230
unselected union,stage max-5,scale,1.39,3954,440,10,230
unselected union,stage max-5,scale,1.4,3944,450,10,230
unselected union,stage max-5,scale,1.41,3939,455,10,230
unselected union,stage max-5,scale,1.42,3931,463,10,230
unselected union,stage max-5,scale,1.43,3919,475,10,230
unselected union,stage max-5,scale,1.44,3907,487,10,230
unselected union,stage max-5,scale,1.45,3896,498,10,230
unselected union,stage max-5,scale,1.46,3889,505,10,230
unselected union,stage max-5,scale,1.47,3878,516,10,230
unselected union,stage max-5,scale,1.48,3867,527,10,230
unselected union,stage max-5,scale,1.49,3855,539,10,230
unselected union,stage max-5,scale,1.5,3847,547,10,230
unselected union,stage max-5,scale,1.51,3839,555,10,230
unselected union,stage max-5,scale,1.52,3827,567,10,230
unselected union,stage max-5,scale,1.53,3819,575,10,230
unselected union,stage max-5,scale,1.54,3808,586,10,230
unselected union,stage max-5,scale,1.55,3798,596,10,230
unselected union,stage max-5,scale,1.56,3782,612,10,230
unselected union,stage max-5,scale,1.57,3774,620,10,230
unselected union,stage max-5,scale,1.58,3763,631,10,230
unselected union,stage max-5,scale,1.59,3747,647,10,230
unselected union,stage max-5,scale,1.6,3740,654,9,231
unselected union,stage max-5,scale,1.61,3722,672,9,231
unselected union,stage max-5,scale,1.62,3715,679,9,231
unselected union,stage max-5,scale,1.63,3703,691,9,231
unselected union,stage max-5,scale,1.64,3695,699,9,231
unselected union,stage max-5,scale,1.65,3688,706,9,231
unselected union,stage max-5,scale,1.66,3681,713,9,231
unselected union,stage max-5,scale,1.67,3667,727,9,231
unselected union,stage max-5,scale,1.68,3652,742,9,231
unselected union,stage max-5,scale,1.69,3633,761,8,232
unselected union,stage max-5,scale,1.7,3626,768,8,232
unselected union,stage max-5,scale,1.71,3616,778,8,232
unselected union,stage max-5,scale,1.72,3606,788,8,232
unselected union,stage max-5,scale,1.73,3594,800,8,232
unselected union,stage max-5,scale,1.74,3579,815,8,232
unselected union,stage max-5,scale,1.75,3572,822,8,232
unselected union,stage max-5,scale,1.76,3565,829,8,232
unselected union,stage max-5,scale,1.77,3555,839,8,232
unselected union,stage max-5,scale,1.78,3542,852,8,232
unselected union,stage max-5,scale,1.79,3537,857,8,232
unselected union,stage max-5,scale,1.8,3527,867,8,232
unselected union,stage max-5,scale,1.81,3519,875,8,232
unselected union,stage max-5,scale,1.82,3514,880,8,232
unselected union,stage max-5,scale,1.83,3506,888,8,232
unselected union,stage max-5,scale,1.84,3497,897,8,232
unselected union,stage max-5,scale,1.85,3490,904,8,232
unselected union,stage max-5,scale,1.86,3483,911,8,232
unselected union,stage max-5,scale,1.87,3471,923,8,232
unselected union,stage max-5,scale,1.88,3458,936,8,232
unselected union,stage max-5,scale,1.89,3451,943,8,232
unselected union,stage max-5,scale,1.9,3443,951,8,232
unselected union,stage max-5,scale,1.91,3434,960,8,232
unselected union,stage max-5,scale,1.92,3426,968,8,232
unselected union,stage max-5,scale,1.93,3411,983,8,232
unselected union,stage max-5,scale,1.94,3402,992,8,232
unselected union,stage max-5,scale,1.95,3386,1008,8,232
unselected union,stage max-5,scale,1.96,3375,1019,8,232
unselected union,stage max-5,scale,1.97,3370,1024,8,232
unselected union,stage max-5,scale,1.98,3368,1026,8,232
unselected union,stage max-5,scale,1.99,3358,1036,8,232
unselected union,stage max-5,scale,2.0,3351,1043,8,232
unselected union,stage max-5,scale,2.01,3341,1053,8,232
unselected union,stage max-5,scale,2.02,3335,1059,8,232
unselected union,stage max-5,scale,2.03,3324,1070,8,232
unselected union,stage max-5,scale,2.04,3314,1080,8,232
unselected union,stage max-5,scale,2.05,3298,1096,8,232
unselected union,stage max-5,scale,2.06,3293,1101,8,232
unselected union,stage max-5,scale,2.07,3280,1114,8,232
unselected union,stage max-5,scale,2.08,3276,1118,8,232
unselected union,stage max-5,scale,2.09,3260,1134,8,232
unselected union,stage max-5,scale,2.1,3246,1148,8,232
unselected union,stage max-5,scale,2.11,3238,1156,8,232
unselected union,stage max-5,scale,2.12,3225,1169,8,232
unselected union,stage max-5,scale,2.13,3212,1182,8,232
unselected union,stage max-5,scale,2.14,3206,1188,8,232
unselected union,stage max-5,scale,2.15,3193,1201,8,232
unselected union,stage max-5,scale,2.16,3181,1213,8,232
unselected union,stage max-5,scale,2.17,3171,1223,8,232
unselected union,stage max-5,scale,2.18,3168,1226,8,232
unselected union,stage max-5,scale,2.19,3157,1237,8,232
unselected union,stage max-5,scale,2.2,3147,1247,8,232
unselected union,stage max-5,scale,2.21,3140,1254,8,232
unselected union,stage max-5,scale,2.22,3136,1258,8,232
unselected union,stage max-5,scale,2.23,3128,1266,8,232
unselected union,stage max-5,scale,2.24,3121,1273,8,232
unselected union,stage max-5,scale,2.25,3114,1280,8,232
unselected union,stage max-5,scale,2.26,3104,1290,8,232
unselected union,stage max-5,scale,2.27,3095,1299,8,232
unselected union,stage max-5,scale,2.28,3088,1306,8,232
unselected union,stage max-5,scale,2.29,3074,1320,8,232
unselected union,stage max-5,scale,2.3,3066,1328,8,232
unselected union,stage max-5,scale,2.31,3056,1338,8,232
unselected union,stage max-5,scale,2.32,3048,1346,8,232
unselected union,stage max-5,scale,2.33,3040,1354,8,232
unselected union,stage max-5,scale,2.34,3033,1361,8,232
unselected union,stage max-5,scale,2.35,3023,1371,8,232
unselected union,stage max-5,scale,2.36,3019,1375,8,232
unselected union,stage max-5,scale,2.37,3014,1380,8,232
unselected union,stage max-5,scale,2.38,3006,1388,8,232
unselected union,stage max-5,scale,2.39,3000,1394,8,232
unselected union,stage max-5,scale,2.4,2995,1399,8,232
unselected union,stage max-5,scale,2.41,2979,1415,8,232
unselected union,stage max-5,scale,2.42,2973,1421,8,232
unselected union,stage max-5,scale,2.43,2968,1426,8,232
unselected union,stage max-5,scale,2.44,2962,1432,8,232
unselected union,stage max-5,scale,2.45,2953,1441,8,232
unselected union,stage max-5,scale,2.46,2947,1447,8,232
unselected union,stage max-5,scale,2.47,2935,1459,8,232
unselected union,stage max-5,scale,2.48,2933,1461,8,232
unselected union,stage max-5,scale,2.49,2926,1468,8,232
unselected union,stage max-5,scale,2.5,2917,1477,8,232
unselected union,stage max-5,scale,2.51,2913,1481,8,232
unselected union,stage max-5,scale,2.52,2903,1491,8,232
unselected union,stage max-5,scale,2.53,2893,1501,8,232
unselected union,stage max-5,scale,2.54,2889,1505,8,232
unselected union,stage max-5,scale,2.55,2878,1516,8,232
unselected union,stage max-5,scale,2.56,2871,1523,8,232
unselected union,stage max-5,scale,2.57,2863,1531,8,232
unselected union,stage max-5,scale,2.58,2855,1539,8,232
unselected union,stage max-5,scale,2.59,2847,1547,8,232
unselected union,stage max-5,scale,2.6,2842,1552,8,232
unselected union,stage max-5,scale,2.61,2837,1557,8,232
unselected union,stage max-5,scale,2.62,2832,1562,8,232
unselected union,stage max-5,scale,2.63,2828,1566,8,232
unselected union,stage max-5,scale,2.64,2824,1570,8,232
unselected union,stage max-5,scale,2.65,2816,1578,8,232
unselected union,stage max-5,scale,2.66,2806,1588,8,232
unselected union,stage max-5,scale,2.67,2799,1595,8,232
unselected union,stage max-5,scale,2.68,2788,1606,8,232
unselected union,stage max-5,scale,2.69,2784,1610,8,232
unselected union,stage max-5,scale,2.7,2780,1614,8,232
unselected union,stage max-5,scale,2.71,2773,1621,8,232
unselected union,stage max-5,scale,2.72,2762,1632,8,232
unselected union,stage max-5,scale,2.73,2755,1639,8,232
unselected union,stage max-5,scale,2.74,2752,1642,8,232
unselected union,stage max-5,scale,2.75,2746,1648,8,232
unselected union,stage max-5,scale,2.76,2738,1656,8,232
unselected union,stage max-5,scale,2.77,2730,1664,8,232
unselected union,stage max-5,scale,2.78,2721,1673,8,232
unselected union,stage max-5,scale,2.79,2712,1682,8,232
unselected union,stage max-5,scale,2.8,2707,1687,8,232
unselected union,stage max-5,scale,2.81,2700,1694,8,232
unselected union,stage max-5,scale,2.82,2690,1704,8,232
unselected union,stage max-5,scale,2.83,2686,1708,8,232
unselected union,stage max-5,scale,2.84,2680,1714,8,232
unselected union,stage max-5,scale,2.85,2672,1722,8,232
unselected union,stage max-5,scale,2.86,2663,1731,8,232
unselected union,stage max-5,scale,2.87,2657,1737,8,232
unselected union,stage max-5,scale,2.88,2646,1748,8,232
unselected union,stage max-5,scale,2.89,2643,1751,8,232
unselected union,stage max-5,scale,2.9,2634,1760,8,232
unselected union,stage max-5,scale,2.91,2625,1769,8,232
unselected union,stage max-5,scale,2.92,2618,1776,8,232
unselected union,stage max-5,scale,2.93,2614,1780,8,232
unselected union,stage max-5,scale,2.94,2609,1785,8,232
unselected union,stage max-5,scale,2.95,2608,1786,8,232
unselected union,stage max-5,scale,2.96,2605,1789,8,232
unselected union,stage max-5,scale,2.97,2598,1796,8,232
unselected union,stage max-5,scale,2.98,2595,1799,8,232
unselected union,stage max-5,scale,2.99,2586,1808,8,232
unselected union,stage max-5,scale,3.0,2579,1815,8,232
unselected union,stage+r mean-3,margin,0.0,4368,26,56,184
unselected union,stage+r mean-3,margin,10.0,4365,29,48,192
unselected union,stage+r mean-3,margin,20.0,4361,33,41,199
unselected union,stage+r mean-3,margin,30.0,4356,38,39,201
unselected union,stage+r mean-3,margin,40.0,4347,47,37,203
unselected union,stage+r mean-3,margin,50.0,4343,51,35,205
unselected union,stage+r mean-3,margin,60.0,4336,58,31,209
unselected union,stage+r mean-3,margin,70.0,4325,69,30,210
unselected union,stage+r mean-3,margin,80.0,4315,79,28,212
unselected union,stage+r mean-3,margin,90.0,4306,88,25,215
unselected union,stage+r mean-3,margin,100.0,4294,100,25,215
unselected union,stage+r mean-3,margin,110.0,4289,105,24,216
unselected union,stage+r mean-3,margin,120.0,4282,112,23,217
unselected union,stage+r mean-3,margin,130.0,4276,118,22,218
unselected union,stage+r mean-3,margin,140.0,4270,124,21,219
unselected union,stage+r mean-3,margin,150.0,4266,128,20,220
unselected union,stage+r mean-3,margin,160.0,4261,133,19,221
unselected union,stage+r mean-3,margin,170.0,4255,139,16,224
unselected union,stage+r mean-3,margin,180.0,4250,144,16,224
unselected union,stage+r mean-3,margin,190.0,4243,151,15,225
unselected union,stage+r mean-3,margin,200.0,4239,155,15,225
unselected union,stage+r mean-3,margin,210.0,4230,164,15,225
unselected union,stage+r mean-3,margin,220.0,4219,175,15,225
unselected union,stage+r mean-3,margin,230.0,4207,187,15,225
unselected union,stage+r mean-3,margin,240.0,4198,196,15,225
unselected union,stage+r mean-3,margin,250.0,4193,201,15,225
unselected union,stage+r mean-3,margin,260.0,4188,206,15,225
unselected union,stage+r mean-3,margin,270.0,4182,212,15,225
unselected union,stage+r mean-3,margin,280.0,4170,224,15,225
unselected union,stage+r mean-3,margin,290.0,4163,231,15,225
unselected union,stage+r mean-3,margin,300.0,4159,235,15,225
unselected union,stage+r mean-3,margin,310.0,4143,251,15,225
unselected union,stage+r mean-3,margin,320.0,4135,259,15,225
unselected union,stage+r mean-3,margin,330.0,4127,267,15,225
unselected union,stage+r mean-3,margin,340.0,4120,274,15,225
unselected union,stage+r mean-3,margin,350.0,4107,287,15,225
unselected union,stage+r mean-3,margin,360.0,4094,300,14,226
unselected union,stage+r mean-3,margin,370.0,4085,309,13,227
unselected union,stage+r mean-3,margin,380.0,4071,323,13,227
unselected union,stage+r mean-3,margin,390.0,4059,335,12,228
unselected union,stage+r mean-3,margin,400.0,4045,349,12,228
unselected union,stage+r mean-3,margin,410.0,4030,364,12,228
unselected union,stage+r mean-3,margin,420.0,4018,376,12,228
unselected union,stage+r mean-3,margin,430.0,4006,388,12,228
unselected union,stage+r mean-3,margin,440.0,3993,401,12,228
unselected union,stage+r mean-3,margin,450.0,3983,411,12,228
unselected union,stage+r mean-3,margin,460.0,3974,420,12,228
unselected union,stage+r mean-3,margin,470.0,3964,430,11,229
unselected union,stage+r mean-3,margin,480.0,3955,439,11,229
unselected union,stage+r mean-3,margin,490.0,3947,447,11,229
unselected union,stage+r mean-3,margin,500.0,3930,464,11,229
unselected union,stage+r mean-3,margin,510.0,3919,475,11,229
unselected union,stage+r mean-3,margin,520.0,3900,494,10,230
unselected union,stage+r mean-3,margin,530.0,3884,510,10,230
unselected union,stage+r mean-3,margin,540.0,3869,525,10,230
unselected union,stage+r mean-3,margin,550.0,3861,533,10,230
unselected union,stage+r mean-3,margin,560.0,3850,544,9,231
unselected union,stage+r mean-3,margin,570.0,3834,560,9,231
unselected union,stage+r mean-3,margin,580.0,3817,577,9,231
unselected union,stage+r mean-3,margin,590.0,3800,594,9,231
unselected union,stage+r mean-3,margin,600.0,3789,605,9,231
unselected union,stage+r mean-3,margin,610.0,3775,619,9,231
unselected union,stage+r mean-3,margin,620.0,3760,634,9,231
unselected union,stage+r mean-3,margin,630.0,3752,642,9,231
unselected union,stage+r mean-3,margin,640.0,3738,656,9,231
unselected union,stage+r mean-3,margin,650.0,3723,671,9,231
unselected union,stage+r mean-3,margin,660.0,3709,685,8,232
unselected union,stage+r mean-3,margin,670.0,3699,695,8,232
unselected union,stage+r mean-3,margin,680.0,3684,710,8,232
unselected union,stage+r mean-3,margin,690.0,3675,719,8,232
unselected union,stage+r mean-3,margin,700.0,3668,726,8,232
unselected union,stage+r mean-3,margin,710.0,3653,741,8,232
unselected union,stage+r mean-3,margin,720.0,3641,753,8,232
unselected union,stage+r mean-3,margin,730.0,3627,767,8,232
unselected union,stage+r mean-3,margin,740.0,3614,780,8,232
unselected union,stage+r mean-3,margin,750.0,3604,790,8,232
unselected union,stage+r mean-3,margin,760.0,3589,805,8,232
unselected union,stage+r mean-3,margin,770.0,3571,823,8,232
unselected union,stage+r mean-3,margin,780.0,3560,834,8,232
unselected union,stage+r mean-3,margin,790.0,3552,842,8,232
unselected union,stage+r mean-3,margin,800.0,3539,855,8,232
unselected union,stage+r mean-3,margin,810.0,3526,868,8,232
unselected union,stage+r mean-3,margin,820.0,3511,883,8,232
unselected union,stage+r mean-3,margin,830.0,3496,898,8,232
unselected union,stage+r mean-3,margin,840.0,3481,913,8,232
unselected union,stage+r mean-3,margin,850.0,3464,930,8,232
unselected union,stage+r mean-3,margin,860.0,3452,942,8,232
unselected union,stage+r mean-3,margin,870.0,3436,958,8,232
unselected union,stage+r mean-3,margin,880.0,3423,971,8,232
unselected union,stage+r mean-3,margin,890.0,3402,992,8,232
unselected union,stage+r mean-3,margin,900.0,3389,1005,8,232
unselected union,stage+r mean-3,margin,910.0,3379,1015,8,232
unselected union,stage+r mean-3,margin,920.0,3360,1034,8,232
unselected union,stage+r mean-3,margin,930.0,3347,1047,8,232
unselected union,stage+r mean-3,margin,940.0,3332,1062,8,232
unselected union,stage+r mean-3,margin,950.0,3317,1077,8,232
unselected union,stage+r mean-3,margin,960.0,3307,1087,8,232
unselected union,stage+r mean-3,margin,970.0,3298,1096,8,232
unselected union,stage+r mean-3,margin,980.0,3287,1107,8,232
unselected union,stage+r mean-3,margin,990.0,3268,1126,8,232
unselected union,stage+r mean-3,margin,1000.0,3255,1139,8,232
unselected union,stage+r mean-3,margin,1010.0,3243,1151,8,232
unselected union,stage+r mean-3,margin,1020.0,3235,1159,8,232
unselected union,stage+r mean-3,margin,1030.0,3225,1169,8,232
unselected union,stage+r mean-3,margin,1040.0,3212,1182,8,232
unselected union,stage+r mean-3,margin,1050.0,3204,1190,8,232
unselected union,stage+r mean-3,margin,1060.0,3193,1201,8,232
unselected union,stage+r mean-3,margin,1070.0,3180,1214,8,232
unselected union,stage+r mean-3,margin,1080.0,3172,1222,8,232
unselected union,stage+r mean-3,margin,1090.0,3165,1229,8,232
unselected union,stage+r mean-3,margin,1100.0,3155,1239,8,232
unselected union,stage+r mean-3,margin,1110.0,3146,1248,8,232
unselected union,stage+r mean-3,margin,1120.0,3134,1260,8,232
unselected union,stage+r mean-3,margin,1130.0,3122,1272,8,232
unselected union,stage+r mean-3,margin,1140.0,3107,1287,8,232
unselected union,stage+r mean-3,margin,1150.0,3096,1298,8,232
unselected union,stage+r mean-3,margin,1160.0,3090,1304,8,232
unselected union,stage+r mean-3,margin,1170.0,3078,1316,8,232
unselected union,stage+r mean-3,margin,1180.0,3064,1330,8,232
unselected union,stage+r mean-3,margin,1190.0,3055,1339,8,232
unselected union,stage+r mean-3,margin,1200.0,3050,1344,8,232
unselected union,stage+r mean-3,margin,1210.0,3041,1353,8,232
unselected union,stage+r mean-3,margin,1220.0,3033,1361,8,232
unselected union,stage+r mean-3,margin,1230.0,3023,1371,8,232
unselected union,stage+r mean-3,margin,1240.0,3015,1379,8,232
unselected union,stage+r mean-3,margin,1250.0,3006,1388,8,232
unselected union,stage+r mean-3,margin,1260.0,2997,1397,8,232
unselected union,stage+r mean-3,margin,1270.0,2989,1405,8,232
unselected union,stage+r mean-3,margin,1280.0,2978,1416,8,232
unselected union,stage+r mean-3,margin,1290.0,2967,1427,8,232
unselected union,stage+r mean-3,margin,1300.0,2957,1437,8,232
unselected union,stage+r mean-3,margin,1310.0,2945,1449,8,232
unselected union,stage+r mean-3,margin,1320.0,2935,1459,8,232
unselected union,stage+r mean-3,margin,1330.0,2928,1466,8,232
unselected union,stage+r mean-3,margin,1340.0,2916,1478,8,232
unselected union,stage+r mean-3,margin,1350.0,2906,1488,8,232
unselected union,stage+r mean-3,margin,1360.0,2896,1498,8,232
unselected union,stage+r mean-3,margin,1370.0,2890,1504,8,232
unselected union,stage+r mean-3,margin,1380.0,2881,1513,8,232
unselected union,stage+r mean-3,margin,1390.0,2877,1517,8,232
unselected union,stage+r mean-3,margin,1400.0,2867,1527,8,232
unselected union,stage+r mean-3,margin,1410.0,2858,1536,8,232
unselected union,stage+r mean-3,margin,1420.0,2849,1545,8,232
unselected union,stage+r mean-3,margin,1430.0,2845,1549,8,232
unselected union,stage+r mean-3,margin,1440.0,2840,1554,8,232
unselected union,stage+r mean-3,margin,1450.0,2833,1561,8,232
unselected union,stage+r mean-3,margin,1460.0,2823,1571,8,232
unselected union,stage+r mean-3,margin,1470.0,2816,1578,8,232
unselected union,stage+r mean-3,margin,1480.0,2803,1591,8,232
unselected union,stage+r mean-3,margin,1490.0,2800,1594,8,232
unselected union,stage+r mean-3,margin,1500.0,2790,1604,8,232
unselected union,stage+r mean-3,scale,1.0,4368,26,56,184
unselected union,stage+r mean-3,scale,1.01,4365,29,50,190
unselected union,stage+r mean-3,scale,1.02,4362,32,44,196
unselected union,stage+r mean-3,scale,1.03,4358,36,41,199
unselected union,stage+r mean-3,scale,1.04,4355,39,37,203
unselected union,stage+r mean-3,scale,1.05,4350,44,35,205
unselected union,stage+r mean-3,scale,1.06,4343,51,34,206
unselected union,stage+r mean-3,scale,1.07,4335,59,34,206
unselected union,stage+r mean-3,scale,1.08,4326,68,31,209
unselected union,stage+r mean-3,scale,1.09,4321,73,30,210
unselected union,stage+r mean-3,scale,1.1,4315,79,27,213
unselected union,stage+r mean-3,scale,1.11,4313,81,27,213
unselected union,stage+r mean-3,scale,1.12,4310,84,25,215
unselected union,stage+r mean-3,scale,1.13,4306,88,23,217
unselected union,stage+r mean-3,scale,1.14,4301,93,23,217
unselected union,stage+r mean-3,scale,1.15,4293,101,21,219
unselected union,stage+r mean-3,scale,1.16,4289,105,21,219
unselected union,stage+r mean-3,scale,1.17,4281,113,20,220
unselected union,stage+r mean-3,scale,1.18,4272,122,20,220
unselected union,stage+r mean-3,scale,1.19,4260,134,19,221
unselected union,stage+r mean-3,scale,1.2,4256,138,19,221
unselected union,stage+r mean-3,scale,1.21,4252,142,18,222
unselected union,stage+r mean-3,scale,1.22,4248,146,17,223
unselected union,stage+r mean-3,scale,1.23,4245,149,17,223
unselected union,stage+r mean-3,scale,1.24,4244,150,15,225
unselected union,stage+r mean-3,scale,1.25,4241,153,15,225
unselected union,stage+r mean-3,scale,1.26,4234,160,15,225
unselected union,stage+r mean-3,scale,1.27,4227,167,15,225
unselected union,stage+r mean-3,scale,1.28,4220,174,15,225
unselected union,stage+r mean-3,scale,1.29,4219,175,15,225
unselected union,stage+r mean-3,scale,1.3,4213,181,15,225
unselected union,stage+r mean-3,scale,1.31,4205,189,15,225
unselected union,stage+r mean-3,scale,1.32,4197,197,14,226
unselected union,stage+r mean-3,scale,1.33,4188,206,14,226
unselected union,stage+r mean-3,scale,1.34,4177,217,14,226
unselected union,stage+r mean-3,scale,1.35,4168,226,14,226
unselected union,stage+r mean-3,scale,1.36,4159,235,13,227
unselected union,stage+r mean-3,scale,1.37,4153,241,13,227
unselected union,stage+r mean-3,scale,1.38,4146,248,13,227
unselected union,stage+r mean-3,scale,1.39,4140,254,13,227
unselected union,stage+r mean-3,scale,1.4,4131,263,13,227
unselected union,stage+r mean-3,scale,1.41,4124,270,13,227
unselected union,stage+r mean-3,scale,1.42,4115,279,13,227
unselected union,stage+r mean-3,scale,1.43,4112,282,13,227
unselected union,stage+r mean-3,scale,1.44,4104,290,13,227
unselected union,stage+r mean-3,scale,1.45,4098,296,13,227
unselected union,stage+r mean-3,scale,1.46,4088,306,13,227
unselected union,stage+r mean-3,scale,1.47,4074,320,12,228
unselected union,stage+r mean-3,scale,1.48,4064,330,11,229
unselected union,stage+r mean-3,scale,1.49,4059,335,11,229
unselected union,stage+r mean-3,scale,1.5,4049,345,11,229
unselected union,stage+r mean-3,scale,1.51,4044,350,11,229
unselected union,stage+r mean-3,scale,1.52,4032,362,11,229
unselected union,stage+r mean-3,scale,1.53,4025,369,11,229
unselected union,stage+r mean-3,scale,1.54,4017,377,11,229
unselected union,stage+r mean-3,scale,1.55,4011,383,11,229
unselected union,stage+r mean-3,scale,1.56,4006,388,11,229
unselected union,stage+r mean-3,scale,1.57,4001,393,10,230
unselected union,stage+r mean-3,scale,1.58,3993,401,10,230
unselected union,stage+r mean-3,scale,1.59,3986,408,10,230
unselected union,stage+r mean-3,scale,1.6,3977,417,10,230
unselected union,stage+r mean-3,scale,1.61,3969,425,10,230
unselected union,stage+r mean-3,scale,1.62,3957,437,10,230
unselected union,stage+r mean-3,scale,1.63,3947,447,10,230
unselected union,stage+r mean-3,scale,1.64,3937,457,10,230
unselected union,stage+r mean-3,scale,1.65,3933,461,10,230
unselected union,stage+r mean-3,scale,1.66,3921,473,10,230
unselected union,stage+r mean-3,scale,1.67,3913,481,10,230
unselected union,stage+r mean-3,scale,1.68,3906,488,10,230
unselected union,stage+r mean-3,scale,1.69,3895,499,10,230
unselected union,stage+r mean-3,scale,1.7,3887,507,10,230
unselected union,stage+r mean-3,scale,1.71,3873,521,10,230
unselected union,stage+r mean-3,scale,1.72,3865,529,10,230
unselected union,stage+r mean-3,scale,1.73,3854,540,10,230
unselected union,stage+r mean-3,scale,1.74,3848,546,10,230
unselected union,stage+r mean-3,scale,1.75,3833,561,10,230
unselected union,stage+r mean-3,scale,1.76,3819,575,9,231
unselected union,stage+r mean-3,scale,1.77,3808,586,9,231
unselected union,stage+r mean-3,scale,1.78,3798,596,9,231
unselected union,stage+r mean-3,scale,1.79,3779,615,9,231
unselected union,stage+r mean-3,scale,1.8,3776,618,9,231
unselected union,stage+r mean-3,scale,1.81,3769,625,9,231
unselected union,stage+r mean-3,scale,1.82,3758,636,8,232
unselected union,stage+r mean-3,scale,1.83,3747,647,8,232
unselected union,stage+r mean-3,scale,1.84,3738,656,8,232
unselected union,stage+r mean-3,scale,1.85,3734,660,8,232
unselected union,stage+r mean-3,scale,1.86,3725,669,8,232
unselected union,stage+r mean-3,scale,1.87,3710,684,8,232
unselected union,stage+r mean-3,scale,1.88,3700,694,8,232
unselected union,stage+r mean-3,scale,1.89,3691,703,8,232
unselected union,stage+r mean-3,scale,1.9,3684,710,8,232
unselected union,stage+r mean-3,scale,1.91,3671,723,8,232
unselected union,stage+r mean-3,scale,1.92,3661,733,8,232
unselected union,stage+r mean-3,scale,1.93,3655,739,8,232
unselected union,stage+r mean-3,scale,1.94,3647,747,8,232
unselected union,stage+r mean-3,scale,1.95,3643,751,8,232
unselected union,stage+r mean-3,scale,1.96,3633,761,8,232
unselected union,stage+r mean-3,scale,1.97,3630,764,8,232
unselected union,stage+r mean-3,scale,1.98,3622,772,8,232
unselected union,stage+r mean-3,scale,1.99,3611,783,8,232
unselected union,stage+r mean-3,scale,2.0,3604,790,8,232
unselected union,stage+r mean-3,scale,2.01,3599,795,8,232
unselected union,stage+r mean-3,scale,2.02,3590,804,8,232
unselected union,stage+r mean-3,scale,2.03,3584,810,8,232
unselected union,stage+r mean-3,scale,2.04,3578,816,8,232
unselected union,stage+r mean-3,scale,2.05,3572,822,8,232
unselected union,stage+r mean-3,scale,2.06,3567,827,8,232
unselected union,stage+r mean-3,scale,2.07,3558,836,8,232
unselected union,stage+r mean-3,scale,2.08,3545,849,8,232
unselected union,stage+r mean-3,scale,2.09,3533,861,8,232
unselected union,stage+r mean-3,scale,2.1,3523,871,8,232
unselected union,stage+r mean-3,scale,2.11,3514,880,8,232
unselected union,stage+r mean-3,scale,2.12,3503,891,8,232
unselected union,stage+r mean-3,scale,2.13,3495,899,8,232
unselected union,stage+r mean-3,scale,2.14,3480,914,8,232
unselected union,stage+r mean-3,scale,2.15,3472,922,8,232
unselected union,stage+r mean-3,scale,2.16,3464,930,8,232
unselected union,stage+r mean-3,scale,2.17,3455,939,8,232
unselected union,stage+r mean-3,scale,2.18,3446,948,8,232
unselected union,stage+r mean-3,scale,2.19,3444,950,8,232
unselected union,stage+r mean-3,scale,2.2,3438,956,8,232
unselected union,stage+r mean-3,scale,2.21,3422,972,8,232
unselected union,stage+r mean-3,scale,2.22,3415,979,8,232
unselected union,stage+r mean-3,scale,2.23,3408,986,8,232
unselected union,stage+r mean-3,scale,2.24,3399,995,8,232
unselected union,stage+r mean-3,scale,2.25,3391,1003,8,232
unselected union,stage+r mean-3,scale,2.26,3383,1011,8,232
unselected union,stage+r mean-3,scale,2.27,3374,1020,8,232
unselected union,stage+r mean-3,scale,2.28,3362,1032,8,232
unselected union,stage+r mean-3,scale,2.29,3353,1041,8,232
unselected union,stage+r mean-3,scale,2.3,3347,1047,8,232
unselected union,stage+r mean-3,scale,2.31,3340,1054,8,232
unselected union,stage+r mean-3,scale,2.32,3329,1065,8,232
unselected union,stage+r mean-3,scale,2.33,3320,1074,8,232
unselected union,stage+r mean-3,scale,2.34,3315,1079,8,232
unselected union,stage+r mean-3,scale,2.35,3301,1093,8,232
unselected union,stage+r mean-3,scale,2.36,3287,1107,8,232
unselected union,stage+r mean-3,scale,2.37,3282,1112,8,232
unselected union,stage+r mean-3,scale,2.38,3275,1119,8,232
unselected union,stage+r mean-3,scale,2.39,3264,1130,8,232
unselected union,stage+r mean-3,scale,2.4,3252,1142,8,232
unselected union,stage+r mean-3,scale,2.41,3245,1149,8,232
unselected union,stage+r mean-3,scale,2.42,3241,1153,8,232
unselected union,stage+r mean-3,scale,2.43,3229,1165,8,232
unselected union,stage+r mean-3,scale,2.44,3225,1169,8,232
unselected union,stage+r mean-3,scale,2.45,3217,1177,8,232
unselected union,stage+r mean-3,scale,2.46,3207,1187,8,232
unselected union,stage+r mean-3,scale,2.47,3194,1200,8,232
unselected union,stage+r mean-3,scale,2.48,3186,1208,8,232
unselected union,stage+r mean-3,scale,2.49,3174,1220,8,232
unselected union,stage+r mean-3,scale,2.5,3168,1226,8,232
unselected union,stage+r mean-3,scale,2.51,3160,1234,8,232
unselected union,stage+r mean-3,scale,2.52,3153,1241,8,232
unselected union,stage+r mean-3,scale,2.53,3144,1250,8,232
unselected union,stage+r mean-3,scale,2.54,3136,1258,8,232
unselected union,stage+r mean-3,scale,2.55,3130,1264,8,232
unselected union,stage+r mean-3,scale,2.56,3118,1276,8,232
unselected union,stage+r mean-3,scale,2.57,3107,1287,8,232
unselected union,stage+r mean-3,scale,2.58,3101,1293,8,232
unselected union,stage+r mean-3,scale,2.59,3096,1298,8,232
unselected union,stage+r mean-3,scale,2.6,3092,1302,8,232
unselected union,stage+r mean-3,scale,2.61,3082,1312,8,232
unselected union,stage+r mean-3,scale,2.62,3078,1316,8,232
unselected union,stage+r mean-3,scale,2.63,3067,1327,8,232
unselected union,stage+r mean-3,scale,2.64,3055,1339,8,232
unselected union,stage+r mean-3,scale,2.65,3051,1343,8,232
unselected union,stage+r mean-3,scale,2.66,3044,1350,8,232
unselected union,stage+r mean-3,scale,2.67,3036,1358,8,232
unselected union,stage+r mean-3,scale,2.68,3031,1363,8,232
unselected union,stage+r mean-3,scale,2.69,3026,1368,8,232
unselected union,stage+r mean-3,scale,2.7,3018,1376,8,232
unselected union,stage+r mean-3,scale,2.71,3012,1382,8,232
unselected union,stage+r mean-3,scale,2.72,3005,1389,8,232
unselected union,stage+r mean-3,scale,2.73,2999,1395,8,232
unselected union,stage+r mean-3,scale,2.74,2992,1402,8,232
unselected union,stage+r mean-3,scale,2.75,2987,1407,8,232
unselected union,stage+r mean-3,scale,2.76,2981,1413,8,232
unselected union,stage+r mean-3,scale,2.77,2975,1419,8,232
unselected union,stage+r mean-3,scale,2.78,2972,1422,8,232
unselected union,stage+r mean-3,scale,2.79,2966,1428,8,232
unselected union,stage+r mean-3,scale,2.8,2959,1435,8,232
unselected union,stage+r mean-3,scale,2.81,2952,1442,8,232
unselected union,stage+r mean-3,scale,2.82,2949,1445,8,232
unselected union,stage+r mean-3,scale,2.83,2944,1450,8,232
unselected union,stage+r mean-3,scale,2.84,2939,1455,8,232
unselected union,stage+r mean-3,scale,2.85,2936,1458,8,232
unselected union,stage+r mean-3,scale,2.86,2929,1465,8,232
unselected union,stage+r mean-3,scale,2.87,2920,1474,8,232
unselected union,stage+r mean-3,scale,2.88,2913,1481,8,232
unselected union,stage+r mean-3,scale,2.89,2903,1491,8,232
unselected union,stage+r mean-3,scale,2.9,2896,1498,8,232
unselected union,stage+r mean-3,scale,2.91,2890,1504,8,232
unselected union,stage+r mean-3,scale,2.92,2884,1510,8,232
unselected union,stage+r mean-3,scale,2.93,2879,1515,8,232
unselected union,stage+r mean-3,scale,2.94,2876,1518,8,232
unselected union,stage+r mean-3,scale,2.95,2872,1522,8,232
unselected union,stage+r mean-3,scale,2.96,2862,1532,8,232
unselected union,stage+r mean-3,scale,2.97,2852,1542,8,232
unselected union,stage+r mean-3,scale,2.98,2846,1548,8,232
unselected union,stage+r mean-3,scale,2.99,2839,1555,8,232
unselected union,stage+r mean-3,scale,3.0,2832,1562,8,232
