condition,slot,class,queued_pricing_error_s,backlog_error_s
12mp_normal,1,no_delay_required,0.138,-0.041
12mp_normal,1,no_delay_required,-0.0257,-0.011
12mp_normal,1,no_delay_required,0.0152,0.074
12mp_normal,1,no_delay_required,0.0613,0.008
12mp_normal,1,no_delay_required,0.0055,0.005
12mp_normal,1,no_delay_required,-0.0189,-0.002
12mp_normal,1,no_delay_required,-0.0294,-0.021
12mp_normal,1,no_delay_required,-0.0312,-0.039
12mp_normal,1,no_delay_required,-0.0397,-0.05
12mp_normal,1,no_delay_required,-0.0238,-0.07
12mp_normal,1,no_delay_required,-0.0285,-0.04
12mp_normal,1,no_delay_required,0.0015,-0.002
12mp_normal,1,no_delay_required,0.0187,0.012
12mp_normal,1,no_delay_required,0.0363,0.02
12mp_normal,1,no_delay_required,0.0396,0.009
12mp_normal,1,no_delay_required,0.0154,-0.033
12mp_normal,1,no_delay_required,-0.029,-0.082
12mp_normal,1,no_delay_required,-0.0473,-0.119
12mp_normal,1,no_delay_required,-0.0902,-0.172
12mp_normal,1,no_delay_required,-0.1202,-0.181
12mp_normal,1,no_delay_required,-0.1356,-0.196
12mp_normal,1,no_delay_required,-0.125,-0.161
12mp_normal,1,no_delay_required,-0.1002,-0.153
12mp_normal,1,no_delay_required,-0.059,-0.099
12mp_normal,1,no_delay_required,-0.008,-0.051
12mp_normal,1,no_delay_required,0.028,-0.023
12mp_normal,1,no_delay_required,-0.0127,-0.062
12mp_normal,1,no_delay_required,0.242,-0.035
12mp_normal,1,no_delay_required,0.2207,-0.067
12mp_normal,1,no_delay_required,-0.0517,0.07
12mp_normal,1,no_delay_required,0.0767,0.104
12mp_normal,1,no_delay_required,0.0678,0.081
12mp_normal,1,no_delay_required,0.0972,-0.033
12mp_normal,1,no_delay_required,-0.0412,-0.085
12mp_normal,1,no_delay_required,-0.0787,-0.134
12mp_normal,1,no_delay_required,-0.1082,-0.163
12mp_normal,1,no_delay_required,-0.1401,-0.171
12mp_normal,1,no_delay_required,-0.1285,-0.156
12mp_normal,1,no_delay_required,-0.1724,-0.211
12mp_normal,1,no_delay_required,-0.1638,-0.203
12mp_normal,1,no_delay_required,-0.1431,-0.244
12mp_normal,1,no_delay_required,-0.1589,-0.218
12mp_normal,1,no_delay_required,-0.4058,-0.465
12mp_normal,1,no_delay_required,-0.7085,-0.792
12mp_normal,1,no_delay_required,-0.8984,-0.989
12mp_normal,1,no_delay_required,-1.0939,-1.198
12mp_normal,1,no_delay_required,0.5703,0.523
12mp_normal,1,no_delay_required,0.203,-0.011
12mp_normal,1,no_delay_required,0.222,-0.011
12mp_normal,1,no_delay_required,-0.0481,-0.023
12mp_normal,1,no_delay_required,-0.1235,-0.119
12mp_normal,1,no_delay_required,-0.0889,-0.123
12mp_normal,1,no_delay_required,-0.0705,-0.125
12mp_normal,1,no_delay_required,0.0419,-0.025
12mp_normal,1,no_delay_required,0.1368,0.047
12mp_normal,1,no_delay_required,0.256,0.208
12mp_normal,1,no_delay_required,0.3595,0.29
12mp_normal,1,no_delay_required,0.687,0.655
12mp_normal,1,no_delay_required,1.0463,0.964
12mp_normal,1,no_delay_required,1.3357,1.234
12mp_normal,1,no_delay_required,1.5641,1.423
12mp_normal,1,no_delay_required,1.7749,1.61
12mp_normal,1,no_delay_required,1.2733,0.836
12mp_normal,1,no_delay_required,1.2397,0.776
12mp_normal,1,no_delay_required,0.8388,0.377
12mp_normal,1,no_delay_required,0.4857,0.008
12mp_normal,1,no_delay_required,0.5332,0.041
12mp_normal,1,no_delay_required,0.2834,-0.193
12mp_normal,1,no_delay_required,0.0587,-0.044
12mp_normal,1,no_delay_required,0.164,0.067
12mp_normal,1,no_delay_required,0.239,0.126
12mp_normal,1,no_delay_required,0.3425,0.263
12mp_normal,1,no_delay_required,0.495,0.419
12mp_normal,1,no_delay_required,0.335,-0.19
12mp_normal,1,no_delay_required,0.1232,-0.429
12mp_normal,1,no_delay_required,-0.4316,-0.221
12mp_normal,1,no_delay_required,-0.4302,-0.247
12mp_normal,1,no_delay_required,-0.2448,-0.039
12mp_normal,1,no_delay_required,-0.0873,0.106
12mp_normal,1,no_delay_required,0.281,0.201
12mp_normal,1,no_delay_required,0.3864,0.289
12mp_normal,1,no_delay_required,0.4043,0.312
12mp_normal,1,no_delay_required,0.4944,0.368
12mp_normal,1,no_delay_required,0.7143,0.555
12mp_normal,1,no_delay_required,0.8646,0.714
12mp_normal,1,no_delay_required,1.2062,1.031
12mp_normal,1,no_delay_required,1.4724,1.324
12mp_normal,1,no_delay_required,1.705,1.54
12mp_normal,1,no_delay_required,1.2538,0.849
12mp_normal,1,no_delay_required,0.887,0.475
12mp_normal,1,no_delay_required,0.5111,0.351
12mp_normal,1,no_delay_required,0.4729,-0.007
12mp_normal,1,no_delay_required,0.2068,-0.228
12mp_normal,1,no_delay_required,-0.0474,-0.115
12mp_normal,1,no_delay_required,0.0192,-0.061
12mp_normal,1,no_delay_required,0.1172,0.057
12mp_normal,1,no_delay_required,0.3035,0.261
12mp_normal,1,no_delay_required,0.3874,0.331
12mp_normal,1,no_delay_required,0.398,0.176
12mp_normal,1,no_delay_required,0.5116,0.224
12mp_normal,1,no_delay_required,0.4393,0.323
12mp_normal,1,no_delay_required,0.5639,0.318
12mp_normal,1,no_delay_required,0.7288,0.467
12mp_normal,1,no_delay_required,0.6618,0.608
12mp_normal,1,no_delay_required,0.5045,0.397
12mp_normal,1,no_delay_required,0.2254,0.04
12mp_normal,1,no_delay_required,0.3042,0.102
12mp_normal,1,no_delay_required,0.2361,0.067
12mp_normal,1,no_delay_required,0.3636,0.248
12mp_normal,1,no_delay_required,-0.1595,-0.293
12mp_normal,1,no_delay_required,0.0348,-0.094
12mp_normal,1,no_delay_required,0.2284,0.11
12mp_normal,1,no_delay_required,0.4347,0.289
12mp_normal,1,no_delay_required,0.859,0.719
12mp_normal,1,no_delay_required,0.993,0.559
12mp_normal,1,no_delay_required,0.9538,0.49
12mp_normal,1,no_delay_required,0.7127,0.288
12mp_normal,1,no_delay_required,0.5482,0.132
12mp_normal,1,no_delay_required,-0.026,-0.216
12mp_normal,1,no_delay_required,-0.1357,-0.354
12mp_normal,1,no_delay_required,-0.3404,-0.582
12mp_normal,1,no_delay_required,-0.5091,-0.149
12mp_normal,1,no_delay_required,-0.3212,0.0
12mp_normal,1,no_delay_required,0.0804,0.099
12mp_normal,1,no_delay_required,0.6742,0.77
12mp_normal,1,no_delay_required,1.3566,1.016
12mp_normal,1,no_delay_required,1.632,1.338
12mp_normal,1,no_delay_required,1.8173,1.825
12mp_normal,1,no_delay_required,1.4512,0.918
12mp_normal,1,no_delay_required,0.9246,0.361
12mp_normal,1,no_delay_required,0.8448,0.251
12mp_normal,1,no_delay_required,0.2817,-0.338
12mp_normal,1,no_delay_required,-0.3009,-0.411
12mp_normal,1,no_delay_required,-0.2658,-0.369
12mp_normal,1,no_delay_required,-0.3212,-0.379
12mp_normal,1,no_delay_required,-0.3025,-0.409
12mp_normal,1,no_delay_required,-0.2071,-0.322
12mp_normal,1,no_delay_required,-0.2298,-0.404
12mp_normal,1,no_delay_required,-0.0884,-0.247
12mp_normal,1,no_delay_required,0.1661,0.04
12mp_normal,1,no_delay_required,0.3019,0.147
12mp_normal,1,no_delay_required,0.4859,0.37
12mp_normal,1,no_delay_required,0.5988,0.506
12mp_normal,1,no_delay_required,0.406,0.172
12mp_normal,1,no_delay_required,0.5224,0.258
12mp_normal,1,no_delay_required,0.4258,0.31
12mp_normal,1,no_delay_required,0.5067,0.354
12mp_normal,1,no_delay_required,0.8453,0.675
12mp_normal,1,no_delay_required,1.3011,1.127
12mp_normal,1,no_delay_required,1.7418,1.603
12mp_normal,1,no_delay_required,1.5758,1.05
12mp_normal,1,no_delay_required,1.0699,0.486
12mp_normal,1,no_delay_required,0.5219,-0.087
12mp_normal,1,no_delay_required,-0.1447,-0.244
12mp_normal,1,no_delay_required,-0.1453,-0.281
12mp_normal,1,no_delay_required,-0.2002,-0.331
12mp_normal,1,no_delay_required,-0.2244,-0.331
12mp_normal,1,no_delay_required,-0.1127,-0.175
12mp_normal,1,no_delay_required,-0.1991,-0.295
12mp_normal,1,no_delay_required,-0.2278,-0.347
12mp_normal,1,no_delay_required,-0.165,-0.263
12mp_normal,1,no_delay_required,-0.0539,-0.164
12mp_normal,1,no_delay_required,0.0551,-0.084
12mp_normal,1,no_delay_required,0.1503,-0.021
12mp_normal,1,no_delay_required,0.35,0.207
12mp_normal,1,no_delay_required,0.5203,0.399
12mp_normal,1,no_delay_required,0.6775,0.534
12mp_normal,1,no_delay_required,0.8302,0.673
12mp_normal,1,no_delay_required,0.845,0.239
12mp_normal,1,no_delay_required,0.7698,0.145
12mp_normal,1,no_delay_required,0.2286,-0.125
12mp_normal,1,no_delay_required,0.3196,-0.056
12mp_normal,1,no_delay_required,0.5386,0.573
12mp_normal,1,no_delay_required,1.2779,1.067
12mp_normal,1,no_delay_required,1.5309,1.334
12mp_normal,1,no_delay_required,1.3133,0.79
12mp_normal,1,no_delay_required,0.6438,0.098
12mp_normal,1,no_delay_required,0.2489,-0.275
12mp_normal,1,no_delay_required,0.1991,-0.34
12mp_normal,1,no_delay_required,-0.225,-0.318
12mp_normal,1,no_delay_required,-0.1304,-0.162
12mp_normal,1,no_delay_required,-0.0616,-0.12
12mp_normal,1,no_delay_required,-0.0939,-0.179
12mp_normal,1,no_delay_required,-0.1214,-0.225
12mp_normal,1,no_delay_required,-0.1074,-0.268
12mp_normal,1,no_delay_required,-0.1012,-0.292
12mp_normal,1,no_delay_required,-0.2006,-0.423
12mp_normal,1,no_delay_required,-0.3162,-0.572
12mp_normal,1,no_delay_required,-0.2633,-0.487
12mp_normal,1,no_delay_required,-0.0822,-0.244
12mp_normal,1,no_delay_required,-0.0378,-0.159
12mp_normal,1,no_delay_required,0.1181,0.034
12mp_normal,1,no_delay_required,0.2894,0.224
12mp_normal,1,no_delay_required,0.5077,0.443
12mp_normal,1,no_delay_required,0.518,0.576
12mp_normal,1,no_delay_required,0.8346,0.851
12mp_normal,1,no_delay_required,0.9582,0.543
12mp_normal,1,no_delay_required,0.6447,0.187
12mp_normal,1,no_delay_required,0.7934,0.35
12mp_normal,1,no_delay_required,1.2562,0.792
12mp_normal,1,no_delay_required,1.3685,1.327
12mp_normal,1,no_delay_required,1.8013,1.752
12mp_normal,1,no_delay_required,1.3282,0.809
12mp_normal,1,no_delay_required,0.7951,0.217
12mp_normal,1,no_delay_required,0.3603,-0.219
12mp_normal,1,no_delay_required,-0.2242,-0.278
12mp_normal,1,no_delay_required,-0.2323,-0.269
12mp_normal,1,no_delay_required,-0.241,-0.303
12mp_normal,1,no_delay_required,-0.3354,-0.412
12mp_normal,1,no_delay_required,-0.239,-0.309
12mp_normal,1,no_delay_required,-0.1554,-0.235
12mp_normal,1,no_delay_required,-0.2622,-0.388
12mp_normal,1,no_delay_required,-0.2623,-0.405
12mp_normal,1,no_delay_required,-0.1329,-0.269
12mp_normal,1,no_delay_required,-0.0538,-0.242
12mp_normal,1,no_delay_required,0.0363,-0.119
12mp_normal,1,no_delay_required,0.1355,-0.006
12mp_normal,1,no_delay_required,0.3345,0.236
12mp_normal,1,no_delay_required,0.4351,0.345
12mp_normal,1,no_delay_required,0.5075,0.398
12mp_normal,1,no_delay_required,0.429,0.068
12mp_normal,1,no_delay_required,0.4445,0.063
12mp_normal,1,no_delay_required,0.4311,0.028
12mp_normal,1,no_delay_required,0.2154,0.266
12mp_normal,1,no_delay_required,0.6611,0.675
12mp_normal,1,no_delay_required,1.4434,1.417
12mp_normal,1,no_delay_required,1.9454,1.805
12mp_normal,1,no_delay_required,2.2503,1.654
12mp_normal,1,no_delay_required,1.6757,0.852
12mp_normal,1,no_delay_required,0.9475,0.173
12mp_normal,1,no_delay_required,-0.1058,-0.121
12mp_normal,1,no_delay_required,-0.1317,-0.152
12mp_normal,1,no_delay_required,-0.1166,-0.133
12mp_normal,1,no_delay_required,-0.0574,-0.083
12mp_normal,1,no_delay_required,0.0427,0.022
12mp_normal,1,no_delay_required,0.029,-0.003
12mp_normal,1,no_delay_required,0.0586,0.059
12mp_normal,1,no_delay_required,0.0217,0.014
12mp_normal,1,no_delay_required,0.0235,0.026
12mp_normal,1,no_delay_required,0.074,0.074
12mp_normal,1,no_delay_required,0.066,0.062
12mp_normal,1,no_delay_required,0.934,0.332
12mp_normal,1,no_delay_required,0.8313,0.213
12mp_normal,1,no_delay_required,0.2737,-0.221
12mp_normal,1,no_delay_required,-0.1874,-0.232
12mp_normal,1,no_delay_required,0.2739,0.196
12mp_normal,1,no_delay_required,0.8187,0.842
12mp_normal,1,no_delay_required,1.4368,1.343
12mp_normal,1,no_delay_required,1.3383,0.839
12mp_normal,1,no_delay_required,0.8405,0.262
12mp_normal,1,no_delay_required,0.2966,-0.254
12mp_normal,1,no_delay_required,-0.1637,-0.28
12mp_normal,1,no_delay_required,-0.1734,-0.318
12mp_normal,1,no_delay_required,-0.1649,-0.344
12mp_normal,1,no_delay_required,-0.148,-0.261
12mp_normal,1,no_delay_required,-0.1434,-0.242
12mp_normal,1,no_delay_required,-0.1829,-0.344
12mp_normal,1,no_delay_required,-0.1591,-0.283
12mp_normal,1,no_delay_required,-0.2393,-0.393
12mp_normal,1,no_delay_required,-0.1657,-0.298
12mp_normal,1,no_delay_required,-0.0796,-0.168
12mp_normal,1,no_delay_required,0.0512,-0.029
12mp_normal,1,no_delay_required,0.1477,0.047
12mp_normal,1,no_delay_required,0.3227,0.207
12mp_normal,1,no_delay_required,0.5028,0.416
12mp_normal,1,no_delay_required,0.765,0.34
12mp_normal,1,no_delay_required,0.6912,0.245
12mp_normal,1,no_delay_required,0.3565,-0.094
12mp_normal,1,no_delay_required,0.0416,-0.019
12mp_normal,1,no_delay_required,0.5947,0.508
12mp_normal,1,no_delay_required,1.2355,1.18
12mp_normal,1,no_delay_required,1.6318,1.526
12mp_normal,1,no_delay_required,1.007,0.396
12mp_normal,1,no_delay_required,0.9633,0.33
12mp_normal,1,no_delay_required,0.449,-0.107
12mp_normal,1,no_delay_required,-0.1526,-0.185
12mp_normal,1,no_delay_required,-0.1735,-0.222
12mp_normal,1,no_delay_required,-0.2407,-0.314
12mp_normal,1,no_delay_required,-0.2994,-0.391
12mp_normal,1,no_delay_required,-0.2199,-0.298
12mp_normal,1,no_delay_required,-0.35,-0.466
12mp_normal,1,no_delay_required,-0.3652,-0.467
12mp_normal,1,no_delay_required,-0.2627,-0.35
12mp_normal,1,no_delay_required,-0.151,-0.24
12mp_normal,1,no_delay_required,-0.0414,-0.181
12mp_normal,1,no_delay_required,0.0921,-0.031
12mp_normal,1,no_delay_required,0.3627,0.268
12mp_normal,1,no_delay_required,0.5467,0.449
12mp_normal,1,no_delay_required,0.6755,0.571
12mp_normal,1,no_delay_required,0.536,0.189
12mp_normal,1,no_delay_required,0.4736,0.105
12mp_normal,1,no_delay_required,0.5032,0.107
12mp_normal,1,no_delay_required,0.2437,0.042
12mp_normal,1,no_delay_required,0.6647,0.578
12mp_normal,1,no_delay_required,1.2242,1.167
12mp_normal,1,no_delay_required,1.5773,1.504
12mp_normal,1,no_delay_required,1.3636,0.818
12mp_normal,1,no_delay_required,0.8124,0.225
12mp_normal,1,no_delay_required,0.3304,-0.222
12mp_normal,1,no_delay_required,0.3018,-0.283
12mp_normal,1,no_delay_required,-0.2398,-0.334
12mp_normal,1,no_delay_required,-0.2579,-0.32
12mp_normal,1,no_delay_required,-0.1192,-0.173
12mp_normal,1,no_delay_required,-0.0663,-0.179
12mp_normal,1,no_delay_required,-0.0601,-0.161
12mp_normal,1,no_delay_required,-0.0612,-0.175
12mp_normal,1,no_delay_required,0.0357,-0.09
12mp_normal,1,no_delay_required,0.0222,-0.14
12mp_normal,1,no_delay_required,0.0953,-0.09
12mp_normal,1,no_delay_required,0.1923,0.001
12mp_normal,1,no_delay_required,0.2947,0.125
12mp_normal,1,no_delay_required,0.4635,0.337
12mp_normal,1,no_delay_required,0.5675,0.438
12mp_normal,1,no_delay_required,0.7057,0.573
12mp_normal,1,no_delay_required,1.615,0.945
12mp_normal,1,no_delay_required,0.8592,0.239
12mp_normal,1,no_delay_required,0.3281,-0.269
12mp_normal,1,no_delay_required,-0.1949,-0.179
12mp_normal,1,no_delay_required,0.0387,0.012
12mp_normal,1,no_delay_required,0.52,0.496
12mp_normal,1,no_delay_required,1.0401,0.975
12mp_normal,1,no_delay_required,1.4253,1.357
12mp_normal,1,no_delay_required,1.3907,0.775
12mp_normal,1,no_delay_required,0.8355,0.209
12mp_normal,1,no_delay_required,0.3115,-0.26
12mp_normal,1,no_delay_required,-0.2327,-0.301
12mp_normal,1,no_delay_required,-0.2636,-0.37
12mp_normal,1,no_delay_required,-0.2353,-0.314
12mp_normal,1,no_delay_required,-0.1731,-0.244
12mp_normal,1,no_delay_required,-0.1731,-0.285
12mp_normal,1,no_delay_required,-0.1386,-0.233
12mp_normal,1,no_delay_required,-0.1026,-0.21
12mp_normal,1,no_delay_required,0.0139,-0.117
12mp_normal,1,no_delay_required,0.1075,-0.012
12mp_normal,1,no_delay_required,0.1979,0.06
12mp_normal,1,no_delay_required,0.3043,0.183
12mp_normal,1,no_delay_required,0.628,0.102
12mp_normal,1,no_delay_required,0.429,-0.131
12mp_normal,1,no_delay_required,0.0149,-0.341
12mp_normal,1,no_delay_required,0.3118,0.382
12mp_normal,1,no_delay_required,1.0682,1.178
12mp_normal,1,no_delay_required,1.7865,1.626
12mp_normal,1,no_delay_required,1.0082,0.425
12mp_normal,1,no_delay_required,0.37,-0.208
12mp_normal,1,no_delay_required,0.3326,-0.268
12mp_normal,1,no_delay_required,-0.3398,-0.384
12mp_normal,1,no_delay_required,-0.2668,-0.347
12mp_normal,1,no_delay_required,-0.2852,-0.359
12mp_normal,1,no_delay_required,-0.4505,-0.554
12mp_normal,1,no_delay_required,-0.3502,-0.407
12mp_normal,1,no_delay_required,-0.2928,-0.362
12mp_normal,1,no_delay_required,-0.2489,-0.397
12mp_normal,1,no_delay_required,-0.3208,-0.45
12mp_normal,1,no_delay_required,-0.1074,-0.245
12mp_normal,1,no_delay_required,0.0314,-0.19
12mp_normal,1,no_delay_required,0.1299,-0.034
12mp_normal,1,no_delay_required,0.2573,0.078
12mp_normal,1,no_delay_required,0.3771,0.23
12mp_normal,1,no_delay_required,0.5514,0.473
12mp_normal,1,no_delay_required,0.222,-0.121
12mp_normal,1,no_delay_required,-0.1561,0.127
12mp_normal,1,no_delay_required,0.1204,-0.022
12mp_normal,1,no_delay_required,-0.0422,-0.025
12mp_normal,1,no_delay_required,-0.0471,-0.038
12mp_normal,1,no_delay_required,-0.0158,-0.019
12mp_normal,1,no_delay_required,-0.1298,-0.132
12mp_normal,1,no_delay_required,-0.1545,-0.164
12mp_normal,1,no_delay_required,-0.1713,-0.189
12mp_normal,1,no_delay_required,-0.0552,-0.042
12mp_normal,1,no_delay_required,0.0037,0.016
12mp_normal,1,no_delay_required,0.0265,0.03
12mp_normal,1,no_delay_required,0.0412,0.043
12mp_normal,1,no_delay_required,0.0656,0.038
12mp_normal,1,no_delay_required,0.0512,0.018
12mp_normal,1,no_delay_required,0.0529,0.008
12mp_normal,1,no_delay_required,-0.1203,-0.161
12mp_normal,1,no_delay_required,-0.1874,-0.242
12mp_normal,1,no_delay_required,-0.2704,-0.325
12mp_normal,1,no_delay_required,-0.2833,-0.352
12mp_normal,1,no_delay_required,-0.2838,-0.324
12mp_normal,1,no_delay_required,-0.2087,-0.255
12mp_normal,1,no_delay_required,-0.0093,-0.045
12mp_normal,1,no_delay_required,0.0506,0.007
12mp_normal,1,no_delay_required,0.1848,0.159
12mp_normal,1,no_delay_required,0.1617,0.144
12mp_normal,1,no_delay_required,0.476,0.09
12mp_normal,1,no_delay_required,0.1096,-0.121
12mp_normal,1,no_delay_required,-0.0882,0.048
12mp_normal,1,no_delay_required,0.0602,0.033
12mp_normal,1,no_delay_required,0.0723,0.029
12mp_normal,1,no_delay_required,0.0412,-0.013
12mp_normal,1,no_delay_required,-0.0025,-0.027
12mp_normal,1,no_delay_required,-0.0009,-0.029
12mp_normal,1,no_delay_required,-0.0107,-0.052
12mp_normal,1,no_delay_required,-0.0047,-0.044
12mp_normal,1,no_delay_required,-0.0006,-0.041
12mp_normal,1,no_delay_required,-0.0394,-0.077
12mp_normal,1,no_delay_required,-0.0486,-0.097
12mp_normal,1,no_delay_required,-0.0559,-0.101
12mp_normal,1,no_delay_required,-0.0857,-0.135
12mp_normal,1,no_delay_required,-0.1006,-0.16
12mp_normal,1,no_delay_required,-0.1837,-0.244
12mp_normal,1,no_delay_required,-0.2353,-0.285
12mp_normal,1,no_delay_required,-0.2154,-0.259
12mp_normal,1,no_delay_required,-0.1996,-0.252
12mp_normal,1,no_delay_required,-0.1636,-0.219
12mp_normal,1,no_delay_required,-0.1169,-0.171
12mp_normal,1,no_delay_required,-0.1384,-0.203
12mp_normal,1,no_delay_required,-0.248,-0.312
12mp_normal,1,no_delay_required,-0.3024,-0.359
12mp_normal,1,no_delay_required,-0.3981,-0.466
12mp_normal,1,no_delay_required,0.267,-0.02
12mp_normal,1,no_delay_required,-0.0711,0.02
12mp_normal,1,no_delay_required,-0.0077,0.074
12mp_normal,1,no_delay_required,0.0697,0.081
12mp_normal,1,no_delay_required,0.0293,-0.022
12mp_normal,1,no_delay_required,-0.0125,-0.075
12mp_normal,1,no_delay_required,-0.0067,-0.071
12mp_normal,1,no_delay_required,-0.0594,-0.059
12mp_normal,1,no_delay_required,-0.0393,-0.057
12mp_normal,1,no_delay_required,-0.0944,-0.111
12mp_normal,1,no_delay_required,-0.1004,-0.132
12mp_normal,1,no_delay_required,-0.0878,-0.132
12mp_normal,1,no_delay_required,-0.0505,-0.11
12mp_normal,1,no_delay_required,-0.0256,-0.09
12mp_normal,1,no_delay_required,0.0165,-0.06
12mp_normal,1,no_delay_required,0.1587,0.084
12mp_normal,1,no_delay_required,0.1638,0.071
12mp_normal,1,no_delay_required,0.0748,-0.006
12mp_normal,1,no_delay_required,0.1064,0.031
12mp_normal,1,no_delay_required,0.1577,0.071
12mp_normal,1,no_delay_required,0.1784,0.086
12mp_normal,1,no_delay_required,0.2003,0.098
12mp_normal,1,no_delay_required,0.257,0.147
12mp_normal,1,no_delay_required,0.3099,0.188
12mp_normal,1,no_delay_required,0.3717,0.255
12mp_normal,1,no_delay_required,0.4442,0.316
12mp_normal,1,no_delay_required,0.4506,0.331
12mp_normal,1,no_delay_required,0.253,0.041
12mp_normal,1,no_delay_required,0.0223,0.052
12mp_normal,1,no_delay_required,0.0587,0.065
12mp_normal,1,no_delay_required,-0.1387,-0.095
12mp_normal,1,no_delay_required,-0.4064,-0.384
12mp_normal,1,no_delay_required,-0.7145,-0.803
12mp_normal,1,no_delay_required,-0.767,-0.807
12mp_normal,1,no_delay_required,-0.9079,-0.984
12mp_normal,1,no_delay_required,-1.0038,-1.095
12mp_normal,1,no_delay_required,-0.833,-0.783
12mp_normal,1,no_delay_required,-0.7972,-0.778
12mp_normal,1,no_delay_required,-0.5327,-0.414
12mp_normal,1,no_delay_required,0.2407,0.278
12mp_normal,1,no_delay_required,0.6743,0.695
12mp_normal,1,no_delay_required,1.0271,0.945
12mp_normal,1,no_delay_required,1.3094,1.182
12mp_normal,1,no_delay_required,1.5725,1.447
12mp_normal,1,no_delay_required,1.7939,1.654
12mp_normal,1,no_delay_required,1.4312,1.002
12mp_normal,1,no_delay_required,1.4843,1.041
12mp_normal,1,no_delay_required,1.2377,0.831
12mp_normal,1,no_delay_required,1.0263,0.628
12mp_normal,1,no_delay_required,0.7848,0.385
12mp_normal,1,no_delay_required,0.5922,0.206
12mp_normal,1,no_delay_required,0.427,0.101
12mp_normal,1,no_delay_required,0.4088,0.044
12mp_normal,1,no_delay_required,0.2085,-0.066
12mp_normal,1,no_delay_required,0.2933,-0.01
12mp_normal,1,no_delay_required,0.2102,0.242
12mp_normal,1,no_delay_required,0.3118,0.322
12mp_normal,1,no_delay_required,0.4406,0.37
12mp_normal,1,no_delay_required,0.4579,0.341
12mp_normal,1,no_delay_required,0.2587,0.043
12mp_normal,1,no_delay_required,0.527,0.318
12mp_normal,1,no_delay_required,0.6939,0.547
12mp_normal,1,no_delay_required,1.015,0.843
12mp_normal,1,no_delay_required,1.231,1.068
12mp_normal,1,no_delay_required,1.4905,1.355
12mp_normal,1,no_delay_required,1.4443,0.986
12mp_normal,1,no_delay_required,1.06,0.607
12mp_normal,1,no_delay_required,1.0193,0.548
12mp_normal,1,no_delay_required,0.6556,0.189
12mp_normal,1,no_delay_required,0.3797,-0.071
12mp_normal,1,no_delay_required,0.0644,-0.39
12mp_normal,1,no_delay_required,0.0809,-0.392
12mp_normal,1,no_delay_required,-0.1517,-0.235
12mp_normal,1,no_delay_required,0.0507,-0.023
12mp_normal,1,no_delay_required,0.1886,0.121
12mp_normal,1,no_delay_required,0.3252,0.261
12mp_normal,1,no_delay_required,1.341,0.764
12mp_normal,1,no_delay_required,1.322,0.72
12mp_normal,1,no_delay_required,0.9761,0.448
12mp_normal,1,no_delay_required,-0.3465,-0.908
12mp_normal,1,no_delay_required,-0.2698,-0.339
12mp_normal,1,no_delay_required,0.3162,0.231
12mp_normal,1,no_delay_required,0.8886,0.739
12mp_normal,1,no_delay_required,1.3959,1.26
12mp_normal,1,no_delay_required,1.9028,1.74
12mp_normal,1,no_delay_required,2.7528,2.087
12mp_normal,1,no_delay_required,1.6463,1.01
12mp_normal,1,no_delay_required,1.0383,0.398
12mp_normal,1,no_delay_required,0.4783,-0.153
12mp_normal,1,no_delay_required,-0.0924,-0.152
12mp_normal,1,no_delay_required,-0.1578,-0.219
12mp_normal,1,no_delay_required,-0.0382,-0.071
12mp_normal,1,no_delay_required,-0.0336,-0.072
12mp_normal,1,no_delay_required,0.0141,-0.025
12mp_normal,1,no_delay_required,0.0096,-0.056
12mp_normal,1,no_delay_required,0.0493,-0.012
12mp_normal,1,no_delay_required,0.0537,-0.01
12mp_normal,1,no_delay_required,0.0043,-0.01
12mp_normal,1,no_delay_required,-0.0154,-0.018
12mp_normal,1,no_delay_required,0.0177,0.021
12mp_normal,1,no_delay_required,0.493,0.249
12mp_normal,1,no_delay_required,0.6172,0.359
12mp_normal,1,no_delay_required,0.5694,0.361
12mp_normal,1,no_delay_required,0.7714,0.541
12mp_normal,1,no_delay_required,0.7264,0.629
12mp_normal,1,no_delay_required,0.8936,0.772
12mp_normal,1,no_delay_required,0.6321,0.356
12mp_normal,1,no_delay_required,0.5908,0.351
12mp_normal,1,no_delay_required,0.9084,0.653
12mp_normal,1,no_delay_required,0.9478,0.712
12mp_normal,1,no_delay_required,1.149,0.984
12mp_normal,1,no_delay_required,1.4528,1.346
12mp_normal,1,no_delay_required,1.361,0.932
12mp_normal,1,no_delay_required,0.9712,0.54
12mp_normal,1,no_delay_required,0.694,0.268
12mp_normal,1,no_delay_required,0.6936,0.244
12mp_normal,1,no_delay_required,0.3709,-0.105
12mp_normal,1,no_delay_required,0.0012,-0.467
12mp_normal,1,no_delay_required,-0.3284,-0.442
12mp_normal,1,no_delay_required,-0.2552,-0.389
12mp_normal,1,no_delay_required,-0.1159,-0.214
12mp_normal,1,no_delay_required,0.0381,-0.061
12mp_normal,1,no_delay_required,0.1409,0.031
12mp_normal,1,no_delay_required,0.2142,0.09
12mp_normal,1,no_delay_required,0.3349,0.215
12mp_normal,1,no_delay_required,0.23,0.001
12mp_normal,1,no_delay_required,0.217,-0.029
12mp_normal,1,no_delay_required,0.004,0.001
12mp_normal,1,no_delay_required,-0.1277,-0.135
12mp_normal,1,no_delay_required,-0.4395,-0.463
12mp_normal,1,no_delay_required,-0.7873,-0.824
12mp_normal,1,no_delay_required,-0.9281,-0.942
12mp_normal,1,no_delay_required,-1.1833,-1.213
12mp_normal,1,no_delay_required,-1.1637,-1.116
12mp_normal,1,no_delay_required,-1.2823,-1.255
12mp_normal,1,no_delay_required,-1.082,-0.979
12mp_normal,1,no_delay_required,-1.1745,-1.083
12mp_normal,1,no_delay_required,-0.9739,-0.857
12mp_normal,1,no_delay_required,1.1064,1.083
12mp_normal,1,no_delay_required,1.3921,1.305
12mp_normal,1,no_delay_required,1.3925,0.954
12mp_normal,1,no_delay_required,1.0998,0.671
12mp_normal,1,no_delay_required,0.9349,0.554
12mp_normal,1,no_delay_required,0.7311,0.353
12mp_normal,1,no_delay_required,0.7813,0.391
12mp_normal,1,no_delay_required,0.6418,0.267
12mp_normal,1,no_delay_required,0.4731,0.118
12mp_normal,1,no_delay_required,0.394,0.196
12mp_normal,1,no_delay_required,0.5297,0.308
12mp_normal,1,no_delay_required,0.5285,0.319
12mp_normal,1,no_delay_required,0.479,0.256
12mp_normal,1,no_delay_required,0.1476,0.021
12mp_normal,1,no_delay_required,0.0707,-0.078
12mp_normal,1,no_delay_required,0.282,0.112
12mp_normal,1,no_delay_required,0.4066,0.178
12mp_normal,1,no_delay_required,0.6537,0.447
12mp_normal,1,no_delay_required,0.9534,0.854
12mp_normal,1,no_delay_required,1.2933,1.224
12mp_normal,1,no_delay_required,0.9595,0.564
12mp_normal,1,no_delay_required,0.9414,0.52
12mp_normal,1,no_delay_required,0.7176,0.291
12mp_normal,1,no_delay_required,0.4978,0.04
12mp_normal,1,no_delay_required,0.1194,-0.331
12mp_normal,1,no_delay_required,-0.198,-0.301
12mp_normal,1,no_delay_required,-0.2687,-0.396
12mp_normal,1,no_delay_required,-0.2822,-0.419
12mp_normal,1,no_delay_required,-0.2948,-0.454
12mp_normal,1,no_delay_required,-0.2289,-0.426
12mp_normal,1,no_delay_required,-0.0713,-0.207
12mp_normal,1,no_delay_required,0.0259,-0.07
12mp_normal,1,no_delay_required,0.1615,0.058
12mp_normal,1,no_delay_required,0.2565,0.089
12mp_normal,1,no_delay_required,0.802,1.019
12mp_normal,1,no_delay_required,1.279,0.882
12mp_normal,1,no_delay_required,0.925,0.526
12mp_normal,1,no_delay_required,0.5742,0.154
12mp_normal,1,no_delay_required,0.1419,-0.01
12mp_normal,1,no_delay_required,0.5483,0.36
12mp_normal,1,no_delay_required,0.9866,0.771
12mp_normal,1,no_delay_required,1.2627,1.112
12mp_normal,1,no_delay_required,1.0647,0.569
12mp_normal,1,no_delay_required,0.9852,0.464
12mp_normal,1,no_delay_required,0.4503,-0.066
12mp_normal,1,no_delay_required,0.0589,-0.201
12mp_normal,1,no_delay_required,0.0038,-0.569
12mp_normal,1,no_delay_required,-0.3172,-0.388
12mp_normal,1,no_delay_required,-0.1869,-0.255
12mp_normal,1,no_delay_required,-0.1496,-0.246
12mp_normal,1,no_delay_required,-0.0178,-0.104
12mp_normal,1,no_delay_required,0.0421,-0.035
12mp_normal,1,no_delay_required,0.0927,-0.02
12mp_normal,1,no_delay_required,0.367,0.237
12mp_normal,1,no_delay_required,0.5774,0.408
12mp_normal,1,no_delay_required,0.8837,0.711
12mp_normal,1,no_delay_required,1.2248,1.069
12mp_normal,1,no_delay_required,1.5982,1.411
12mp_normal,1,no_delay_required,1.9691,1.811
12mp_normal,1,no_delay_required,1.8281,1.719
12mp_normal,1,no_delay_required,0.77,0.237
12mp_normal,1,no_delay_required,0.7208,0.16
12mp_normal,1,no_delay_required,0.4095,0.189
12mp_normal,1,no_delay_required,0.0008,0.017
12mp_normal,1,no_delay_required,0.8022,0.813
12mp_normal,1,no_delay_required,1.6382,1.461
12mp_normal,1,no_delay_required,2.2937,2.209
12mp_normal,1,no_delay_required,1.433,0.676
12mp_normal,1,no_delay_required,0.6284,-0.136
12mp_normal,1,no_delay_required,-0.066,-0.056
12mp_normal,1,no_delay_required,-0.0946,-0.078
12mp_normal,1,no_delay_required,-0.0389,-0.034
12mp_normal,1,no_delay_required,0.03,0.032
12mp_normal,1,no_delay_required,0.0557,0.047
12mp_normal,1,no_delay_required,0.0075,-0.01
12mp_normal,1,no_delay_required,-0.1519,-0.255
12mp_normal,1,no_delay_required,0.0201,0.031
12mp_normal,1,no_delay_required,0.0701,0.057
12mp_normal,1,no_delay_required,-0.0663,-0.065
12mp_normal,1,no_delay_required,-0.024,-0.021
12mp_normal,1,no_delay_required,-0.0945,-0.09
12mp_normal,1,no_delay_required,0.343,0.605
12mp_normal,1,no_delay_required,0.613,0.23
12mp_normal,1,no_delay_required,0.2502,0.19
12mp_normal,1,no_delay_required,0.2724,-0.132
12mp_normal,1,no_delay_required,0.2434,-0.19
12mp_normal,1,no_delay_required,0.0136,-0.072
12mp_normal,1,no_delay_required,0.7893,0.64
12mp_normal,1,no_delay_required,1.5768,1.431
12mp_normal,1,no_delay_required,2.2292,2.061
12mp_normal,1,no_delay_required,1.3959,0.613
12mp_normal,1,no_delay_required,0.676,-0.089
12mp_normal,1,no_delay_required,-0.1003,-0.125
12mp_normal,1,no_delay_required,-0.1043,-0.125
12mp_normal,1,no_delay_required,-0.1076,-0.12
12mp_normal,1,no_delay_required,-0.1308,-0.154
12mp_normal,1,no_delay_required,-0.0729,-0.103
12mp_normal,1,no_delay_required,0.0495,0.023
12mp_normal,1,no_delay_required,-0.0143,-0.049
12mp_normal,1,no_delay_required,-0.0606,-0.143
12mp_normal,1,no_delay_required,-0.0266,-0.013
12mp_normal,1,no_delay_required,0.0505,0.052
12mp_normal,1,no_delay_required,-0.0859,-0.019
12mp_normal,1,no_delay_required,-0.1321,-0.001
12mp_normal,1,no_delay_required,-0.0084,-0.007
12mp_normal,1,no_delay_required,0.132,0.369
12mp_normal,1,no_delay_required,0.463,0.122
12mp_normal,1,no_delay_required,0.4946,0.116
12mp_normal,1,no_delay_required,0.4002,0.277
12mp_normal,1,no_delay_required,0.4743,0.557
12mp_normal,1,no_delay_required,1.0172,0.71
12mp_normal,1,no_delay_required,1.2075,0.872
12mp_normal,1,no_delay_required,1.6047,1.241
12mp_normal,1,no_delay_required,1.7913,1.587
12mp_normal,1,no_delay_required,1.1952,0.716
12mp_normal,1,no_delay_required,0.7646,0.269
12mp_normal,1,no_delay_required,0.6941,0.174
12mp_normal,1,no_delay_required,0.3623,-0.248
12mp_normal,1,no_delay_required,-0.2085,-0.284
12mp_normal,1,no_delay_required,-0.18,-0.279
12mp_normal,1,no_delay_required,-0.1752,-0.342
12mp_normal,1,no_delay_required,-0.1848,-0.313
12mp_normal,1,no_delay_required,-0.2442,-0.385
12mp_normal,1,no_delay_required,-0.1147,-0.237
12mp_normal,1,no_delay_required,-0.1096,-0.253
12mp_normal,1,no_delay_required,-0.1166,-0.235
12mp_normal,1,no_delay_required,-0.1063,-0.243
12mp_normal,1,no_delay_required,0.0913,-0.075
12mp_normal,1,no_delay_required,0.2393,0.098
12mp_normal,1,no_delay_required,0.358,0.19
12mp_normal,1,no_delay_required,0.451,0.268
12mp_normal,1,no_delay_required,0.17,-0.036
12mp_normal,1,no_delay_required,-0.0351,0.069
12mp_normal,1,no_delay_required,0.0906,0.147
12mp_normal,1,no_delay_required,0.1783,0.149
12mp_normal,1,no_delay_required,0.1636,0.097
12mp_normal,1,no_delay_required,0.1268,0.058
12mp_normal,1,no_delay_required,0.052,-0.007
12mp_normal,1,no_delay_required,0.0375,-0.034
12mp_normal,1,no_delay_required,-0.0478,-0.098
12mp_normal,1,no_delay_required,-0.0633,-0.09
12mp_normal,1,no_delay_required,-0.0599,-0.073
12mp_normal,1,no_delay_required,-0.0919,-0.116
12mp_normal,1,no_delay_required,-0.0645,-0.076
12mp_normal,1,no_delay_required,-0.0466,-0.053
12mp_normal,1,no_delay_required,-0.041,-0.067
12mp_normal,1,no_delay_required,-0.0275,-0.045
12mp_normal,1,no_delay_required,0.0004,-0.016
12mp_normal,1,no_delay_required,0.0054,-0.035
12mp_normal,1,no_delay_required,0.0059,-0.045
12mp_normal,1,no_delay_required,-0.0051,-0.062
12mp_normal,1,no_delay_required,0.065,0.012
12mp_normal,1,no_delay_required,0.1341,0.086
12mp_normal,1,no_delay_required,0.2101,0.157
12mp_normal,1,no_delay_required,0.3074,0.263
12mp_normal,1,no_delay_required,0.3942,0.36
12mp_normal,1,no_delay_required,0.4829,0.443
12mp_normal,1,no_delay_required,0.5527,0.506
12mp_normal,1,no_delay_required,0.245,0.018
12mp_normal,1,no_delay_required,0.0054,0.03
12mp_normal,1,no_delay_required,0.0065,0.0
12mp_normal,1,no_delay_required,0.0431,0.021
12mp_normal,1,no_delay_required,0.0513,0.044
12mp_normal,1,no_delay_required,0.0356,0.012
12mp_normal,1,no_delay_required,0.0067,-0.02
12mp_normal,1,no_delay_required,-0.0509,-0.056
12mp_normal,1,no_delay_required,-1.2105,-1.224
12mp_normal,1,no_delay_required,-1.1868,-1.193
12mp_normal,1,no_delay_required,-1.1753,-1.191
12mp_normal,1,no_delay_required,-1.1789,-1.201
12mp_normal,1,no_delay_required,-1.1865,-1.216
12mp_normal,1,no_delay_required,-1.1811,-1.227
12mp_normal,1,no_delay_required,-0.0071,-1.221
12mp_normal,1,no_delay_required,0.0143,0.071
12mp_normal,1,no_delay_required,0.0098,0.05
12mp_normal,1,no_delay_required,0.1408,0.173
12mp_normal,1,no_delay_required,0.2261,0.245
12mp_normal,1,no_delay_required,0.2943,0.299
12mp_normal,1,no_delay_required,0.3329,0.338
12mp_normal,1,no_delay_required,0.3555,0.224
12mp_normal,1,no_delay_required,0.44,0.329
12mp_normal,1,no_delay_required,0.4387,0.322
12mp_normal,1,no_delay_required,0.4289,0.332
12mp_normal,1,no_delay_required,0.5286,0.423
12mp_normal,1,no_delay_required,-0.5673,-0.654
12mp_normal,1,no_delay_required,0.213,-0.004
12mp_normal,1,no_delay_required,-0.012,0.039
12mp_normal,1,no_delay_required,0.0283,0.019
12mp_normal,1,no_delay_required,0.0579,0.038
12mp_normal,1,no_delay_required,0.0593,0.049
12mp_normal,1,no_delay_required,0.0607,0.035
12mp_normal,1,no_delay_required,0.0207,-0.016
12mp_normal,1,no_delay_required,-0.0284,-0.054
12mp_normal,1,no_delay_required,-0.0481,-0.088
12mp_normal,1,no_delay_required,-0.0824,-0.093
12mp_normal,1,no_delay_required,-0.0604,-0.065
12mp_normal,1,no_delay_required,-0.0337,-0.04
12mp_normal,1,no_delay_required,-0.053,-0.069
12mp_normal,1,no_delay_required,0.0104,-0.019
12mp_normal,1,no_delay_required,-0.012,-0.041
12mp_normal,1,no_delay_required,-0.0491,-0.08
12mp_normal,1,no_delay_required,-0.0433,-0.086
12mp_normal,1,no_delay_required,-0.0222,-0.057
12mp_normal,1,no_delay_required,-0.061,-0.101
12mp_normal,1,no_delay_required,-0.0627,-0.132
12mp_normal,1,no_delay_required,-0.0668,-0.121
12mp_normal,1,no_delay_required,-0.0222,-0.073
12mp_normal,1,no_delay_required,-0.0283,-0.074
12mp_normal,1,no_delay_required,-0.0304,-0.084
12mp_normal,1,no_delay_required,0.0269,-0.022
12mp_normal,1,no_delay_required,0.0894,0.031
12mp_normal,1,no_delay_required,0.173,0.125
12mp_normal,1,no_delay_required,0.267,-0.182
12mp_normal,1,no_delay_required,-0.2012,0.072
12mp_normal,1,no_delay_required,0.0527,0.022
12mp_normal,1,no_delay_required,0.1045,0.064
12mp_normal,1,no_delay_required,0.1206,0.12
12mp_normal,1,no_delay_required,0.1048,0.057
12mp_normal,1,no_delay_required,0.1254,0.068
12mp_normal,1,no_delay_required,0.0373,-0.041
12mp_normal,1,no_delay_required,-0.015,-0.053
12mp_normal,1,no_delay_required,-0.0447,-0.085
12mp_normal,1,no_delay_required,-0.0478,-0.098
12mp_normal,1,no_delay_required,-0.0405,-0.058
12mp_normal,1,no_delay_required,-0.0112,-0.036
12mp_normal,1,no_delay_required,0.0011,-0.032
12mp_normal,1,no_delay_required,0.0194,-0.004
12mp_normal,1,no_delay_required,-0.0002,-0.027
12mp_normal,1,no_delay_required,0.0281,-0.01
12mp_normal,1,no_delay_required,0.0381,-0.009
12mp_normal,1,no_delay_required,0.0491,-0.011
12mp_normal,1,no_delay_required,0.0972,0.038
12mp_normal,1,no_delay_required,0.1753,0.109
12mp_normal,1,no_delay_required,0.248,0.184
12mp_normal,1,no_delay_required,0.3413,0.289
12mp_normal,1,no_delay_required,0.4179,0.374
12mp_normal,1,no_delay_required,0.4516,0.388
12mp_normal,1,no_delay_required,0.3953,0.327
12mp_normal,1,no_delay_required,0.208,0.029
12mp_normal,1,no_delay_required,-0.0125,0.008
12mp_normal,1,no_delay_required,0.012,0.012
12mp_normal,1,no_delay_required,0.0703,0.076
12mp_normal,1,no_delay_required,0.1076,0.106
12mp_normal,1,no_delay_required,0.1044,0.07
12mp_normal,1,no_delay_required,0.0644,0.003
12mp_normal,1,no_delay_required,0.0271,-0.038
12mp_normal,1,no_delay_required,0.0097,-0.08
12mp_normal,1,no_delay_required,-0.0811,-0.144
12mp_normal,1,no_delay_required,-0.1554,-0.202
12mp_normal,1,no_delay_required,-0.2391,-0.294
12mp_normal,1,no_delay_required,-0.3109,-0.369
12mp_normal,1,no_delay_required,-0.4025,-0.453
12mp_normal,1,no_delay_required,-0.5008,-0.56
12mp_normal,1,no_delay_required,-0.5035,-0.545
12mp_normal,1,no_delay_required,-0.476,-0.511
12mp_normal,1,no_delay_required,-0.5144,-0.559
12mp_normal,1,no_delay_required,-0.451,-0.495
12mp_normal,1,no_delay_required,-0.3754,-0.393
12mp_normal,1,no_delay_required,-0.3288,-0.354
12mp_normal,1,no_delay_required,-0.1662,-0.191
12mp_normal,1,no_delay_required,-0.0258,-0.158
12mp_normal,1,no_delay_required,0.0313,0.022
12mp_normal,1,no_delay_required,0.539,0.119
12mp_normal,1,no_delay_required,0.1215,-0.136
12mp_normal,1,no_delay_required,-0.1364,0.041
12mp_normal,1,no_delay_required,-0.1317,0.035
12mp_normal,1,no_delay_required,0.0396,0.01
12mp_normal,1,no_delay_required,0.0282,-0.032
12mp_normal,1,no_delay_required,0.022,-0.051
12mp_normal,1,no_delay_required,-0.0079,-0.071
12mp_normal,1,no_delay_required,-0.0126,-0.034
12mp_normal,1,no_delay_required,-0.0088,-0.039
12mp_normal,1,no_delay_required,0.0004,-0.046
12mp_normal,1,no_delay_required,-0.0182,-0.06
12mp_normal,1,no_delay_required,-0.0427,-0.097
12mp_normal,1,no_delay_required,-0.165,-0.227
12mp_normal,1,no_delay_required,-0.1635,-0.239
12mp_normal,1,no_delay_required,-0.1504,-0.224
12mp_normal,1,no_delay_required,-0.1569,-0.239
12mp_normal,1,no_delay_required,-0.1652,-0.228
12mp_normal,1,no_delay_required,-0.1503,-0.225
12mp_normal,1,no_delay_required,-0.1328,-0.201
12mp_normal,1,no_delay_required,-0.0999,-0.151
12mp_normal,1,no_delay_required,-0.1751,-0.242
12mp_normal,1,no_delay_required,0.0062,-0.064
12mp_normal,1,no_delay_required,0.0288,-0.052
12mp_normal,1,no_delay_required,0.241,-0.315
12mp_normal,1,no_delay_required,-0.0473,-0.636
12mp_normal,1,no_delay_required,-0.6606,-0.295
12mp_normal,1,no_delay_required,-0.6289,-0.276
12mp_normal,1,no_delay_required,-0.3809,-0.154
12mp_normal,1,no_delay_required,-0.556,-0.349
12mp_normal,1,no_delay_required,-0.2027,-0.368
12mp_normal,1,no_delay_required,-0.2131,-0.405
12mp_normal,1,no_delay_required,-0.3052,-0.417
12mp_normal,1,no_delay_required,-0.2039,-0.327
12mp_normal,1,no_delay_required,0.229,0.202
12mp_normal,1,no_delay_required,0.5655,0.507
12mp_normal,1,no_delay_required,1.1037,1.013
12mp_normal,1,no_delay_required,1.6671,1.508
12mp_normal,1,no_delay_required,2.0675,1.907
12mp_normal,1,no_delay_required,2.4492,2.263
12mp_normal,1,no_delay_required,2.8255,2.675
12mp_normal,1,no_delay_required,2.4967,1.933
12mp_normal,1,no_delay_required,1.4781,0.887
12mp_normal,1,no_delay_required,0.9086,0.35
12mp_normal,1,no_delay_required,0.4255,-0.132
12mp_normal,1,no_delay_required,-0.0901,-0.154
12mp_normal,1,no_delay_required,0.0071,-0.019
12mp_normal,1,no_delay_required,0.0774,0.047
12mp_normal,1,no_delay_required,0.223,-0.03
12mp_normal,1,no_delay_required,0.1132,-0.161
12mp_normal,1,no_delay_required,-0.3065,-0.271
12mp_normal,1,no_delay_required,-0.2847,-0.281
12mp_normal,1,no_delay_required,-0.1729,-0.188
12mp_normal,1,no_delay_required,0.0736,0.103
12mp_normal,1,no_delay_required,0.2268,0.242
12mp_normal,1,no_delay_required,0.5806,0.613
12mp_normal,1,no_delay_required,0.5903,0.497
12mp_normal,1,no_delay_required,0.8203,0.652
12mp_normal,1,no_delay_required,0.997,0.776
12mp_normal,1,no_delay_required,1.1223,0.863
12mp_normal,1,no_delay_required,1.2344,1.015
12mp_normal,1,no_delay_required,1.5046,1.267
12mp_normal,1,no_delay_required,1.3837,0.924
12mp_normal,1,no_delay_required,0.9785,0.522
12mp_normal,1,no_delay_required,0.9177,0.434
12mp_normal,1,no_delay_required,0.5484,0.076
12mp_normal,1,no_delay_required,0.2986,-0.174
12mp_normal,1,no_delay_required,0.0411,-0.422
12mp_normal,1,no_delay_required,0.1118,-0.366
12mp_normal,1,no_delay_required,-0.0908,-0.209
12mp_normal,1,no_delay_required,0.0701,-0.036
12mp_normal,1,no_delay_required,0.2015,0.137
12mp_normal,1,no_delay_required,0.3903,0.333
12mp_normal,1,no_delay_required,0.4676,0.398
12mp_normal,1,no_delay_required,0.029,0.011
12mp_normal,1,no_delay_required,0.0159,-0.019
12mp_normal,1,no_delay_required,-0.0171,-0.046
12mp_normal,1,no_delay_required,-0.0907,-0.143
12mp_normal,1,no_delay_required,-0.0032,-0.039
12mp_normal,1,no_delay_required,0.1013,0.04
12mp_normal,1,no_delay_required,0.2029,0.108
12mp_normal,1,no_delay_required,0.2893,0.175
12mp_normal,1,no_delay_required,0.4627,0.34
12mp_normal,1,no_delay_required,0.7209,0.669
12mp_normal,1,no_delay_required,1.0087,0.869
12mp_normal,1,no_delay_required,1.1905,1.027
12mp_normal,1,no_delay_required,1.471,1.289
12mp_normal,1,no_delay_required,1.709,1.534
12mp_normal,1,no_delay_required,1.4866,0.972
12mp_normal,1,no_delay_required,1.0282,0.575
12mp_normal,1,no_delay_required,0.7249,0.288
12mp_normal,1,no_delay_required,0.3151,-0.131
12mp_normal,1,no_delay_required,0.3015,-0.168
12mp_normal,1,no_delay_required,0.0455,-0.395
12mp_normal,1,no_delay_required,-0.1669,-0.26
12mp_normal,1,no_delay_required,-0.087,-0.199
12mp_normal,1,no_delay_required,0.0639,-0.042
12mp_normal,1,no_delay_required,0.1645,0.076
12mp_normal,1,no_delay_required,0.3693,0.304
12mp_normal,1,no_delay_required,0.4717,0.394
12mp_normal,1,no_delay_required,0.181,0.364
12mp_normal,1,no_delay_required,0.372,0.042
12mp_normal,1,no_delay_required,0.2944,-0.054
12mp_normal,1,no_delay_required,0.0238,-0.217
12mp_normal,1,no_delay_required,-0.0979,-0.069
12mp_normal,1,no_delay_required,0.0065,0.015
12mp_normal,1,no_delay_required,0.1785,0.191
12mp_normal,1,no_delay_required,0.2615,0.258
12mp_normal,1,no_delay_required,0.3267,0.236
12mp_normal,1,no_delay_required,0.573,0.458
12mp_normal,1,no_delay_required,0.8217,0.697
12mp_normal,1,no_delay_required,1.0105,0.884
12mp_normal,1,no_delay_required,1.3283,1.181
12mp_normal,1,no_delay_required,1.5381,1.394
12mp_normal,1,no_delay_required,1.4934,1.024
12mp_normal,1,no_delay_required,1.1061,0.64
12mp_normal,1,no_delay_required,0.7105,0.284
12mp_normal,1,no_delay_required,0.407,-0.026
12mp_normal,1,no_delay_required,0.4615,0.005
12mp_normal,1,no_delay_required,0.2654,-0.184
12mp_normal,1,no_delay_required,0.0508,-0.031
12mp_normal,1,no_delay_required,0.1474,0.051
12mp_normal,1,no_delay_required,0.304,0.217
12mp_normal,1,no_delay_required,0.5447,0.475
12mp_normal,1,no_delay_required,0.6415,0.548
12mp_normal,1,no_delay_required,0.145,-0.094
12mp_normal,1,no_delay_required,-0.0895,-0.191
12mp_normal,1,no_delay_required,-0.1441,-0.014
12mp_normal,1,no_delay_required,0.0107,0.129
12mp_normal,1,no_delay_required,0.1091,0.048
12mp_normal,1,no_delay_required,0.0657,0.002
12mp_normal,1,no_delay_required,-0.0184,-0.019
12mp_normal,1,no_delay_required,-0.0435,-0.072
12mp_normal,1,no_delay_required,-0.0676,-0.105
12mp_normal,1,no_delay_required,-0.0775,-0.087
12mp_normal,1,no_delay_required,-0.065,-0.034
12mp_normal,1,no_delay_required,-0.0435,-0.011
12mp_normal,1,no_delay_required,-0.1935,-0.177
12mp_normal,1,no_delay_required,-0.1403,-0.178
12mp_normal,1,no_delay_required,-0.1808,-0.234
12mp_normal,1,no_delay_required,-0.206,-0.242
12mp_normal,1,no_delay_required,-0.2099,-0.253
12mp_normal,1,no_delay_required,-0.0928,-0.122
12mp_normal,1,no_delay_required,-0.0981,-0.131
12mp_normal,1,no_delay_required,-0.0663,-0.086
12mp_normal,1,no_delay_required,-0.0831,-0.11
12mp_normal,1,no_delay_required,0.0081,-0.043
12mp_normal,1,no_delay_required,0.0792,0.032
12mp_normal,1,no_delay_required,0.1524,0.098
12mp_normal,1,no_delay_required,0.2665,0.202
12mp_normal,1,no_delay_required,0.3593,0.3
12mp_normal,1,no_delay_required,0.3885,0.325
12mp_normal,1,no_delay_required,0.267,-0.009
12mp_normal,1,no_delay_required,-0.0346,0.067
12mp_normal,1,no_delay_required,0.0794,0.021
12mp_normal,1,no_delay_required,-0.001,-0.006
12mp_normal,1,no_delay_required,-0.0011,-0.019
12mp_normal,1,no_delay_required,0.0198,0.023
12mp_normal,1,no_delay_required,0.0426,0.036
12mp_normal,1,no_delay_required,0.0134,-0.016
12mp_normal,1,no_delay_required,-0.0111,-0.023
12mp_normal,1,no_delay_required,-0.0407,-0.071
12mp_normal,1,no_delay_required,-0.0959,-0.115
12mp_normal,1,no_delay_required,-0.1901,-0.213
12mp_normal,1,no_delay_required,-0.2262,-0.289
12mp_normal,1,no_delay_required,-0.3299,-0.361
12mp_normal,1,no_delay_required,-0.3319,-0.358
12mp_normal,1,no_delay_required,-0.2975,-0.434
12mp_normal,1,no_delay_required,-0.3671,-0.39
12mp_normal,1,no_delay_required,-0.3549,-0.374
12mp_normal,1,no_delay_required,-0.3889,-0.426
12mp_normal,1,no_delay_required,-0.3302,-0.362
12mp_normal,1,no_delay_required,-0.2851,-0.315
12mp_normal,1,no_delay_required,-0.2202,-0.26
12mp_normal,1,no_delay_required,-0.1058,-0.135
12mp_normal,1,no_delay_required,0.0447,0.006
12mp_normal,1,no_delay_required,0.1155,0.062
12mp_normal,1,no_delay_required,0.2049,0.159
12mp_normal,1,no_delay_required,0.1303,0.09
12mp_normal,1,no_delay_required,0.205,-0.036
12mp_normal,1,no_delay_required,-0.0544,-0.107
12mp_normal,1,no_delay_required,-0.2168,-0.137
12mp_normal,1,no_delay_required,-0.1772,-0.117
12mp_normal,1,no_delay_required,-0.0078,-0.05
12mp_normal,1,no_delay_required,0.0024,-0.054
12mp_normal,1,no_delay_required,0.0084,-0.01
12mp_normal,1,no_delay_required,-0.0205,-0.041
12mp_normal,1,no_delay_required,-0.0218,-0.055
12mp_normal,1,no_delay_required,-0.0613,-0.1
12mp_normal,1,no_delay_required,-0.0623,-0.079
12mp_normal,1,no_delay_required,-0.0108,-0.038
12mp_normal,1,no_delay_required,0.0126,-0.009
12mp_normal,1,no_delay_required,0.0446,0.007
12mp_normal,1,no_delay_required,-0.0602,-0.114
12mp_normal,1,no_delay_required,-0.4328,-0.498
12mp_normal,1,no_delay_required,-0.6188,-0.74
12mp_normal,1,no_delay_required,-0.8191,-0.954
12mp_normal,1,no_delay_required,-1.2349,-1.378
12mp_normal,1,no_delay_required,-1.0736,-1.23
12mp_normal,1,no_delay_required,-0.9439,-1.076
12mp_normal,1,no_delay_required,-0.6895,-0.785
12mp_normal,1,no_delay_required,-0.4979,-0.605
12mp_normal,1,no_delay_required,0.0895,0.057
12mp_normal,1,no_delay_required,0.5397,0.538
12mp_normal,1,no_delay_required,1.1722,1.233
12mp_normal,1,no_delay_required,0.193,0.011
12mp_normal,1,no_delay_required,0.1772,-0.015
12mp_normal,1,no_delay_required,-0.0525,0.001
12mp_normal,1,no_delay_required,0.0386,0.047
12mp_normal,1,no_delay_required,0.0537,0.05
12mp_normal,1,no_delay_required,0.0785,0.005
12mp_normal,1,no_delay_required,-0.0065,-0.028
12mp_normal,1,no_delay_required,-0.1441,-0.16
12mp_normal,1,no_delay_required,-0.4696,-0.506
12mp_normal,1,no_delay_required,-0.7681,-0.82
12mp_normal,1,no_delay_required,-1.0392,-1.107
12mp_normal,1,no_delay_required,-1.4126,-1.491
12mp_normal,1,no_delay_required,-1.4646,-1.522
12mp_normal,1,no_delay_required,-1.6351,-1.709
12mp_normal,1,no_delay_required,0.6387,0.675
12mp_normal,1,no_delay_required,1.1681,1.148
12mp_normal,1,no_delay_required,1.4872,1.464
12mp_normal,1,no_delay_required,1.0512,0.68
12mp_normal,1,no_delay_required,0.9113,0.515
12mp_normal,1,no_delay_required,0.5408,0.13
12mp_normal,1,no_delay_required,0.2191,-0.174
12mp_normal,1,no_delay_required,0.133,-0.089
12mp_normal,1,no_delay_required,0.0956,-0.151
12mp_normal,1,no_delay_required,0.0892,-0.189
12mp_normal,1,no_delay_required,-0.0221,-0.007
12mp_normal,1,no_delay_required,0.1307,0.13
12mp_normal,1,no_delay_required,0.2669,0.275
12mp_normal,1,no_delay_required,0.2519,0.245
12mp_normal,1,no_delay_required,0.3653,0.319
12mp_normal,1,no_delay_required,0.3381,0.169
12mp_normal,1,no_delay_required,0.6452,0.478
12mp_normal,1,no_delay_required,1.0264,0.864
12mp_normal,1,no_delay_required,1.2168,1.1
12mp_normal,1,no_delay_required,1.4564,1.338
12mp_normal,1,no_delay_required,1.6147,1.479
12mp_normal,1,no_delay_required,1.5201,1.012
12mp_normal,1,no_delay_required,1.0856,0.587
12mp_normal,1,no_delay_required,0.7088,0.223
12mp_normal,1,no_delay_required,0.7003,0.189
12mp_normal,1,no_delay_required,0.2979,-0.188
12mp_normal,1,no_delay_required,0.0814,-0.395
12mp_normal,1,no_delay_required,0.1659,-0.33
12mp_normal,1,no_delay_required,-0.072,-0.205
12mp_normal,1,no_delay_required,0.089,-0.029
12mp_normal,1,no_delay_required,0.2613,0.14
12mp_normal,1,no_delay_required,0.3562,0.218
12mp_normal,1,no_delay_required,0.4507,0.307
12mp_normal,1,no_delay_required,0.439,0.19
12mp_normal,1,no_delay_required,0.4497,0.187
12mp_normal,1,no_delay_required,0.2974,0.105
12mp_normal,1,no_delay_required,-1.0378,-1.071
12mp_normal,1,no_delay_required,-0.671,-0.737
12mp_normal,1,no_delay_required,-0.301,-0.397
12mp_normal,1,no_delay_required,-0.0323,-0.227
12mp_normal,1,no_delay_required,0.247,0.055
12mp_normal,1,no_delay_required,0.5059,0.292
12mp_normal,1,no_delay_required,2.0094,2.038
12mp_normal,1,no_delay_required,0.9859,0.594
12mp_normal,1,no_delay_required,0.2916,-0.25
12mp_normal,1,no_delay_required,-0.2254,-0.222
12mp_normal,1,no_delay_required,-0.1336,-0.148
12mp_normal,1,no_delay_required,-0.1512,-0.157
12mp_normal,1,no_delay_required,-0.2668,-0.313
12mp_normal,1,no_delay_required,-0.2647,-0.332
12mp_normal,1,no_delay_required,-0.1941,-0.22
12mp_normal,1,no_delay_required,-0.0616,-0.052
12mp_normal,1,no_delay_required,0.0408,0.041
12mp_normal,1,no_delay_required,0.0468,-0.023
12mp_normal,1,no_delay_required,0.0131,-0.079
12mp_normal,1,no_delay_required,-0.0146,-0.124
12mp_normal,1,no_delay_required,-0.188,-0.294
12mp_normal,1,no_delay_required,-0.3277,-0.48
12mp_normal,1,no_delay_required,0.121,-0.093
12mp_normal,1,no_delay_required,0.1367,-0.105
12mp_normal,1,no_delay_required,0.0805,-0.108
12mp_normal,1,no_delay_required,1.0493,0.907
12mp_normal,1,no_delay_required,1.323,1.216
12mp_normal,1,no_delay_required,1.2127,0.596
12mp_normal,1,no_delay_required,1.1675,0.507
12mp_normal,1,no_delay_required,0.6941,0.104
12mp_normal,1,no_delay_required,0.2567,-0.305
12mp_normal,1,no_delay_required,0.2588,-0.337
12mp_normal,1,no_delay_required,-0.2427,-0.312
12mp_normal,1,no_delay_required,-0.1744,-0.223
12mp_normal,1,no_delay_required,-0.1657,-0.238
12mp_normal,1,no_delay_required,-0.1903,-0.308
12mp_normal,1,no_delay_required,-0.0462,-0.182
12mp_normal,1,no_delay_required,0.0235,-0.133
12mp_normal,1,no_delay_required,0.1474,-0.092
12mp_normal,1,no_delay_required,0.1473,-0.023
12mp_normal,1,no_delay_required,0.2609,0.073
12mp_normal,1,no_delay_required,0.3491,0.185
12mp_normal,1,no_delay_required,0.4722,0.32
12mp_normal,1,no_delay_required,0.5808,0.429
12mp_normal,1,no_delay_required,0.6028,0.455
12mp_normal,1,no_delay_required,0.433,-0.035
12mp_normal,1,no_delay_required,0.2607,-0.225
12mp_normal,1,no_delay_required,-0.1555,-0.342
12mp_normal,1,no_delay_required,-0.0784,0.08
12mp_normal,1,no_delay_required,0.9286,1.003
12mp_normal,1,no_delay_required,1.8908,1.657
12mp_normal,1,no_delay_required,2.3574,2.235
12mp_normal,1,no_delay_required,1.4407,0.66
12mp_normal,1,no_delay_required,-0.1274,-0.169
12mp_normal,1,no_delay_required,0.0353,0.048
12mp_normal,1,no_delay_required,0.0279,0.019
12mp_normal,1,no_delay_required,-0.0673,-0.072
12mp_normal,1,no_delay_required,-0.0274,-0.022
12mp_normal,1,no_delay_required,-0.0058,-0.004
12mp_normal,1,no_delay_required,0.0289,0.033
12mp_normal,1,no_delay_required,0.0,0.0
12mp_normal,1,no_delay_required,0.0659,0.068
12mp_normal,1,no_delay_required,-0.0045,-0.01
12mp_normal,1,no_delay_required,0.527,0.016
12mp_normal,1,no_delay_required,0.4385,-0.107
12mp_normal,1,no_delay_required,0.1839,-0.1
12mp_normal,1,no_delay_required,0.1206,0.156
12mp_normal,1,no_delay_required,0.7754,0.807
12mp_normal,1,no_delay_required,1.1086,0.908
12mp_normal,1,no_delay_required,1.4109,1.239
12mp_normal,1,no_delay_required,1.3038,0.691
12mp_normal,1,no_delay_required,0.8274,0.27
12mp_normal,1,no_delay_required,0.3879,-0.189
12mp_normal,1,no_delay_required,0.2442,-0.411
12mp_normal,1,no_delay_required,-0.2626,-0.437
12mp_normal,1,no_delay_required,-0.3483,-0.492
12mp_normal,1,no_delay_required,-0.4226,-0.512
12mp_normal,1,no_delay_required,-0.3462,-0.4
12mp_normal,1,no_delay_required,-0.3566,-0.439
12mp_normal,1,no_delay_required,-0.3072,-0.418
12mp_normal,1,no_delay_required,-0.3809,-0.476
12mp_normal,1,no_delay_required,-0.2167,-0.322
12mp_normal,1,no_delay_required,-0.1662,-0.311
12mp_normal,1,no_delay_required,-0.0484,-0.209
12mp_normal,1,no_delay_required,0.0697,-0.096
12mp_normal,1,no_delay_required,0.1951,0.039
12mp_normal,1,no_delay_required,0.5031,0.37
12mp_normal,1,no_delay_required,0.5803,0.488
12mp_normal,1,no_delay_required,0.923,0.384
12mp_normal,1,no_delay_required,0.9529,0.397
12mp_normal,1,no_delay_required,0.5177,-0.008
12mp_normal,1,no_delay_required,-0.0077,-0.06
12mp_normal,1,no_delay_required,0.4724,0.397
12mp_normal,1,no_delay_required,1.0213,0.923
12mp_normal,1,no_delay_required,1.5175,1.496
12mp_normal,1,no_delay_required,0.8845,0.353
12mp_normal,1,no_delay_required,0.3514,-0.188
12mp_normal,1,no_delay_required,-0.2745,-0.302
12mp_normal,1,no_delay_required,-0.2724,-0.367
12mp_normal,1,no_delay_required,-0.3171,-0.35
12mp_normal,1,no_delay_required,-0.108,-0.124
12mp_normal,1,no_delay_required,-0.1059,-0.136
12mp_normal,1,no_delay_required,-0.0447,-0.085
12mp_normal,1,no_delay_required,-0.2815,-0.334
12mp_normal,1,no_delay_required,-0.3262,-0.381
12mp_normal,1,no_delay_required,-0.3998,-0.462
12mp_normal,1,no_delay_required,-0.471,-0.556
12mp_normal,1,no_delay_required,-0.1528,-0.223
12mp_normal,1,no_delay_required,-0.0299,-0.116
12mp_normal,1,no_delay_required,0.2033,0.131
12mp_normal,1,no_delay_required,0.3979,0.326
12mp_normal,1,no_delay_required,0.6358,0.604
12mp_normal,1,no_delay_required,0.869,0.54
12mp_normal,1,no_delay_required,1.3395,0.965
12mp_normal,1,no_delay_required,1.3609,0.958
12mp_normal,1,no_delay_required,1.1941,1.108
12mp_normal,1,no_delay_required,1.105,0.927
12mp_normal,1,no_delay_required,0.9384,0.747
12mp_normal,1,no_delay_required,0.5519,0.365
12mp_normal,1,no_delay_required,0.0319,-0.126
12mp_normal,1,no_delay_required,-0.4625,-0.621
12mp_normal,1,no_delay_required,-0.022,-0.146
12mp_normal,1,no_delay_required,0.6847,0.628
12mp_normal,1,no_delay_required,1.4407,1.381
12mp_normal,1,no_delay_required,2.1497,2.152
12mp_normal,1,no_delay_required,1.2499,0.627
12mp_normal,1,no_delay_required,0.6748,-0.019
12mp_normal,1,no_delay_required,0.0932,0.043
12mp_normal,1,no_delay_required,0.1139,0.081
12mp_normal,1,no_delay_required,-0.057,-0.075
12mp_normal,1,no_delay_required,-0.025,-0.022
12mp_normal,1,no_delay_required,0.0161,0.017
12mp_normal,1,no_delay_required,-0.0116,-0.017
12mp_normal,1,no_delay_required,0.0295,0.032
12mp_normal,1,no_delay_required,0.017,0.001
12mp_normal,1,no_delay_required,1.043,0.303
12mp_normal,1,no_delay_required,0.9577,0.19
12mp_normal,1,no_delay_required,0.3844,-0.167
12mp_normal,1,no_delay_required,0.0066,0.042
12mp_normal,1,no_delay_required,0.653,0.654
12mp_normal,1,no_delay_required,1.1006,0.986
12mp_normal,1,no_delay_required,1.4042,1.236
12mp_normal,1,no_delay_required,1.2525,0.647
12mp_normal,1,no_delay_required,0.7356,0.173
12mp_normal,1,no_delay_required,0.144,-0.386
12mp_normal,1,no_delay_required,-0.3135,-0.371
12mp_normal,1,no_delay_required,-0.4155,-0.498
12mp_normal,1,no_delay_required,-0.434,-0.502
12mp_normal,1,no_delay_required,-0.3369,-0.423
12mp_normal,1,no_delay_required,-0.2673,-0.375
12mp_normal,1,no_delay_required,-0.2107,-0.342
12mp_normal,1,no_delay_required,-0.1194,-0.245
12mp_normal,1,no_delay_required,-0.0415,-0.115
12mp_normal,1,no_delay_required,0.122,0.031
12mp_normal,1,no_delay_required,0.0305,-0.085
12mp_normal,1,no_delay_required,0.0368,-0.108
12mp_normal,1,no_delay_required,-0.0154,-0.145
12mp_normal,1,no_delay_required,0.047,-0.099
12mp_normal,1,no_delay_required,-0.0586,-0.198
12mp_normal,1,no_delay_required,-0.0307,-0.215
12mp_normal,1,no_delay_required,1.014,0.319
12mp_normal,1,no_delay_required,0.8066,0.089
12mp_normal,1,no_delay_required,0.2312,-0.253
12mp_normal,1,no_delay_required,0.1088,0.249
12mp_normal,1,no_delay_required,0.7773,0.667
12mp_normal,1,no_delay_required,1.224,1.088
12mp_normal,1,no_delay_required,0.9836,1.428
12mp_normal,1,no_delay_required,0.8907,0.328
12mp_normal,1,no_delay_required,0.3606,-0.208
12mp_normal,1,no_delay_required,-0.1918,-0.202
12mp_normal,1,no_delay_required,-0.1124,-0.114
12mp_normal,1,no_delay_required,-0.1415,-0.13
12mp_normal,1,no_delay_required,-0.1482,-0.154
12mp_normal,1,no_delay_required,-0.2098,-0.247
12mp_normal,1,no_delay_required,-0.0854,-0.126
12mp_normal,1,no_delay_required,-0.0473,-0.107
12mp_normal,1,no_delay_required,-0.0195,-0.046
12mp_normal,1,no_delay_required,0.008,-0.041
12mp_normal,1,no_delay_required,0.0042,-0.066
12mp_normal,1,no_delay_required,-0.0836,-0.164
12mp_normal,1,no_delay_required,-0.0931,-0.212
12mp_normal,1,no_delay_required,-0.1415,-0.276
12mp_normal,1,no_delay_required,-0.2026,-0.302
12mp_normal,1,no_delay_required,-0.0556,-0.146
12mp_normal,1,no_delay_required,0.0854,0.001
12mp_normal,1,no_delay_required,0.794,0.292
12mp_normal,1,no_delay_required,0.7736,0.239
12mp_normal,1,no_delay_required,0.2951,-0.208
12mp_normal,1,no_delay_required,-0.0891,-0.057
12mp_normal,1,no_delay_required,0.4823,0.405
12mp_normal,1,no_delay_required,0.981,0.912
12mp_normal,1,no_delay_required,1.3235,1.164
12mp_normal,1,no_delay_required,1.1557,0.629
12mp_normal,1,no_delay_required,0.5752,0.011
12mp_normal,1,no_delay_required,0.1857,-0.32
12mp_normal,1,no_delay_required,0.1637,-0.414
12mp_normal,1,no_delay_required,-0.3445,-0.437
12mp_normal,1,no_delay_required,-0.2744,-0.337
12mp_normal,1,no_delay_required,-0.2743,-0.336
12mp_normal,1,no_delay_required,-0.2465,-0.34
12mp_normal,1,no_delay_required,-0.3084,-0.439
12mp_normal,1,no_delay_required,-0.1382,-0.285
12mp_normal,1,no_delay_required,-0.0726,-0.27
12mp_normal,1,no_delay_required,0.0731,-0.073
12mp_normal,1,no_delay_required,0.1969,0.032
12mp_normal,1,no_delay_required,0.3139,0.169
12mp_normal,1,no_delay_required,0.5081,0.419
12mp_normal,1,no_delay_required,0.5892,0.46
12mp_normal,1,no_delay_required,0.6765,0.573
12mp_normal,1,no_delay_required,0.421,0.117
12mp_normal,1,no_delay_required,0.4439,0.109
12mp_normal,1,no_delay_required,0.5389,0.187
12mp_normal,1,no_delay_required,0.257,0.261
12mp_normal,1,no_delay_required,0.7833,0.735
12mp_normal,1,no_delay_required,1.1231,1.019
12mp_normal,1,no_delay_required,1.399,1.251
12mp_normal,1,no_delay_required,1.2397,0.666
12mp_normal,1,no_delay_required,0.8258,0.316
12mp_normal,1,no_delay_required,0.8806,0.316
12mp_normal,1,no_delay_required,0.4956,-0.068
12mp_normal,1,no_delay_required,0.0017,-0.116
12mp_normal,1,no_delay_required,-0.0246,-0.145
12mp_normal,1,no_delay_required,-0.1141,-0.228
12mp_normal,1,no_delay_required,-0.1316,-0.246
12mp_normal,1,no_delay_required,-0.1656,-0.299
12mp_normal,1,no_delay_required,-0.2412,-0.428
12mp_normal,1,no_delay_required,-0.2594,-0.435
12mp_normal,1,no_delay_required,-0.2222,-0.386
12mp_normal,1,no_delay_required,-0.1386,-0.305
12mp_normal,1,no_delay_required,-0.0154,-0.123
12mp_normal,1,no_delay_required,0.1259,-0.006
12mp_normal,1,no_delay_required,0.1602,0.038
12mp_normal,1,no_delay_required,0.1829,0.044
12mp_normal,1,no_delay_required,0.273,0.083
12mp_normal,1,no_delay_required,0.3313,0.113
12mp_normal,1,no_delay_required,0.2446,0.129
12mp_normal,1,no_delay_required,0.5089,0.435
12mp_normal,1,no_delay_required,0.9083,0.774
12mp_normal,1,no_delay_required,1.2814,1.007
12mp_normal,1,no_delay_required,1.7768,1.495
12mp_normal,1,no_delay_required,1.7999,1.3
12mp_normal,1,no_delay_required,2.0159,1.497
12mp_normal,1,no_delay_required,1.8005,1.03
12mp_normal,1,no_delay_required,0.9993,0.236
12mp_normal,1,no_delay_required,0.1612,-0.139
12mp_normal,1,no_delay_required,0.0373,-0.102
12mp_normal,1,no_delay_required,0.0641,-0.033
12mp_normal,1,no_delay_required,0.0792,-0.05
12mp_normal,1,no_delay_required,-0.0023,-0.089
12mp_normal,1,no_delay_required,-0.0491,-0.128
12mp_normal,1,no_delay_required,-0.0491,-0.154
12mp_normal,1,no_delay_required,-0.0763,-0.139
12mp_normal,1,no_delay_required,-0.0013,-0.045
12mp_normal,1,no_delay_required,0.0647,0.054
12mp_normal,1,no_delay_required,0.0506,0.017
12mp_normal,1,no_delay_required,-0.0609,-0.132
12mp_normal,1,no_delay_required,-0.0192,-0.039
12mp_normal,1,no_delay_required,0.0549,0.031
12mp_normal,1,no_delay_required,0.344,0.017
12mp_normal,1,no_delay_required,0.0262,-0.108
12mp_normal,1,no_delay_required,0.0535,-0.087
12mp_normal,1,no_delay_required,-0.0663,0.071
12mp_normal,1,no_delay_required,0.0881,-0.017
12mp_normal,1,no_delay_required,0.0277,-0.002
12mp_normal,1,no_delay_required,0.0225,0.004
12mp_normal,1,no_delay_required,0.0093,-0.02
12mp_normal,1,no_delay_required,-0.0486,-0.042
12mp_normal,1,no_delay_required,-0.0273,-0.094
12mp_normal,1,no_delay_required,-0.075,-0.109
12mp_normal,1,no_delay_required,-0.0769,-0.103
12mp_normal,1,no_delay_required,-0.1061,-0.142
12mp_normal,1,no_delay_required,-0.0721,-0.104
12mp_normal,1,no_delay_required,-0.0588,-0.093
12mp_normal,1,no_delay_required,-0.1363,-0.183
12mp_normal,1,no_delay_required,-0.138,-0.178
12mp_normal,1,no_delay_required,-0.1636,-0.214
12mp_normal,1,no_delay_required,-0.1021,-0.161
12mp_normal,1,no_delay_required,-0.0104,-0.058
12mp_normal,1,no_delay_required,0.0694,0.009
12mp_normal,1,no_delay_required,0.1137,0.063
12mp_normal,1,no_delay_required,0.1751,0.114
12mp_normal,1,no_delay_required,0.205,0.152
12mp_normal,1,no_delay_required,0.1316,0.076
12mp_normal,1,no_delay_required,0.0619,-0.012
12mp_normal,1,no_delay_required,0.221,-0.038
12mp_normal,1,no_delay_required,-0.0359,0.043
12mp_normal,1,no_delay_required,-0.0241,0.038
12mp_normal,1,no_delay_required,0.0276,0.009
12mp_normal,1,no_delay_required,0.0532,0.034
12mp_normal,1,no_delay_required,0.0233,0.012
12mp_normal,1,no_delay_required,-0.0125,-0.034
12mp_normal,1,no_delay_required,-0.0787,-0.124
12mp_normal,1,no_delay_required,-0.1193,-0.145
12mp_normal,1,no_delay_required,-0.1496,-0.187
12mp_normal,1,no_delay_required,-0.147,-0.16
12mp_normal,1,no_delay_required,-0.1831,-0.159
12mp_normal,1,no_delay_required,-0.2214,-0.207
12mp_normal,1,no_delay_required,-0.171,-0.175
12mp_normal,1,no_delay_required,-0.1413,-0.151
12mp_normal,1,no_delay_required,-0.1322,-0.155
12mp_normal,1,no_delay_required,-0.0938,-0.131
12mp_normal,1,no_delay_required,-0.0252,-0.074
12mp_normal,1,no_delay_required,0.027,-0.032
12mp_normal,1,no_delay_required,0.1455,0.092
12mp_normal,1,no_delay_required,0.2182,0.16
12mp_normal,1,no_delay_required,0.2933,0.228
12mp_normal,1,no_delay_required,0.3739,0.314
12mp_normal,1,no_delay_required,0.3454,0.272
12mp_normal,1,no_delay_required,0.2386,0.155
12mp_normal,1,no_delay_required,0.1188,0.034
12mp_normal,1,no_delay_required,0.182,-0.039
12mp_normal,1,no_delay_required,-0.0692,0.026
12mp_normal,1,no_delay_required,0.0224,0.017
12mp_normal,1,no_delay_required,0.0203,0.005
12mp_normal,1,no_delay_required,0.0045,-0.022
12mp_normal,1,no_delay_required,-0.0327,-0.043
12mp_normal,1,no_delay_required,-0.0111,-0.024
12mp_normal,1,no_delay_required,0.0172,0.014
12mp_normal,1,no_delay_required,0.024,0.006
12mp_normal,1,no_delay_required,0.0211,0.002
12mp_normal,1,no_delay_required,0.0118,-0.012
12mp_normal,1,no_delay_required,0.0167,-0.013
12mp_normal,1,no_delay_required,-0.0042,-0.043
12mp_normal,1,no_delay_required,-0.038,-0.08
12mp_normal,1,no_delay_required,-0.0307,-0.063
12mp_normal,1,no_delay_required,-0.0363,-0.074
12mp_normal,1,no_delay_required,-0.0072,-0.074
12mp_normal,1,no_delay_required,-0.013,-0.041
12mp_normal,1,no_delay_required,0.0259,-0.005
12mp_normal,1,no_delay_required,0.0239,-0.014
12mp_normal,1,no_delay_required,0.0814,0.036
12mp_normal,1,no_delay_required,0.1546,0.104
12mp_normal,1,no_delay_required,0.2211,0.171
12mp_normal,1,no_delay_required,0.3069,0.247
12mp_normal,1,no_delay_required,0.3293,0.259
12mp_normal,1,no_delay_required,0.2648,0.194
12mp_normal,1,no_delay_required,0.15,-0.079
12mp_normal,1,no_delay_required,0.0762,-0.175
12mp_normal,1,no_delay_required,-0.1256,0.011
12mp_normal,1,no_delay_required,-0.0404,0.053
12mp_normal,1,no_delay_required,-0.026,-0.127
12mp_normal,1,no_delay_required,-0.0875,-0.204
12mp_normal,1,no_delay_required,-0.1654,-0.212
12mp_normal,1,no_delay_required,-0.1399,-0.097
12mp_normal,1,no_delay_required,-0.1335,-0.105
12mp_normal,1,no_delay_required,-0.0815,-0.056
12mp_normal,1,no_delay_required,-0.0674,-0.075
12mp_normal,1,no_delay_required,-0.1109,-0.157
12mp_normal,1,no_delay_required,-0.1576,-0.215
12mp_normal,1,no_delay_required,-0.3307,-0.391
12mp_normal,1,no_delay_required,-0.367,-0.425
12mp_normal,1,no_delay_required,-0.3831,-0.456
12mp_normal,1,no_delay_required,-0.5348,-0.602
12mp_normal,1,no_delay_required,-0.7125,-0.765
12mp_normal,1,no_delay_required,-0.8691,-0.939
12mp_normal,1,no_delay_required,-0.9102,-0.966
12mp_normal,1,no_delay_required,-0.9815,-1.049
12mp_normal,1,no_delay_required,0.194,-0.148
12mp_normal,1,no_delay_required,-0.17,-0.002
12mp_normal,1,no_delay_required,-0.0355,-0.019
12mp_normal,1,no_delay_required,-0.0457,-0.044
12mp_normal,1,no_delay_required,-0.0353,-0.019
12mp_normal,1,no_delay_required,-0.0398,-0.048
12mp_normal,1,no_delay_required,-0.0484,-0.057
12mp_normal,1,no_delay_required,-0.0961,-0.119
12mp_normal,1,no_delay_required,-0.1513,-0.143
12mp_normal,1,no_delay_required,-0.2234,-0.243
12mp_normal,1,no_delay_required,-0.3245,-0.356
12mp_normal,1,no_delay_required,-0.3848,-0.409
12mp_normal,1,no_delay_required,-0.4729,-0.478
12mp_normal,1,no_delay_required,-0.5875,-0.605
12mp_normal,1,no_delay_required,-0.5833,-0.625
12mp_normal,1,no_delay_required,-0.6682,-0.722
12mp_normal,1,no_delay_required,-0.6222,-0.645
12mp_normal,1,no_delay_required,-0.6037,-0.636
12mp_normal,1,no_delay_required,-0.6714,-0.717
12mp_normal,1,no_delay_required,-0.5741,-0.623
12mp_normal,1,no_delay_required,0.5911,0.427
12mp_normal,1,no_delay_required,0.8996,0.842
12mp_normal,1,no_delay_required,0.174,-0.037
12mp_normal,1,no_delay_required,-0.0575,0.059
12mp_normal,1,no_delay_required,0.0683,0.055
12mp_normal,1,no_delay_required,0.1225,0.102
12mp_normal,1,no_delay_required,0.0555,0.029
12mp_normal,1,no_delay_required,-0.0192,-0.069
12mp_normal,1,no_delay_required,-0.0529,-0.076
12mp_normal,1,no_delay_required,-0.1176,-0.154
12mp_normal,1,no_delay_required,-0.1748,-0.188
12mp_normal,1,no_delay_required,-0.2358,-0.238
12mp_normal,1,no_delay_required,-0.4744,-0.487
12mp_normal,1,no_delay_required,-0.5414,-0.559
12mp_normal,1,no_delay_required,-0.6029,-0.62
12mp_normal,1,no_delay_required,-0.7052,-0.734
12mp_normal,1,no_delay_required,-0.7501,-0.793
12mp_normal,1,no_delay_required,-0.8484,-0.918
12mp_normal,1,no_delay_required,-0.6911,-0.708
12mp_normal,1,no_delay_required,-0.7434,-0.783
12mp_normal,1,no_delay_required,-0.7162,-0.73
12mp_normal,1,no_delay_required,-0.6316,-0.643
12mp_normal,1,no_delay_required,0.1676,0.13
12mp_normal,1,no_delay_required,0.5449,0.484
12mp_normal,1,no_delay_required,0.898,0.824
12mp_normal,1,no_delay_required,0.179,-0.062
12mp_normal,1,no_delay_required,-0.0675,0.104
12mp_normal,1,no_delay_required,0.1218,-0.003
12mp_normal,1,no_delay_required,0.0782,-0.057
12mp_normal,1,no_delay_required,-0.223,-0.16
12mp_normal,1,no_delay_required,-0.1525,-0.101
12mp_normal,1,no_delay_required,-0.1536,-0.116
12mp_normal,1,no_delay_required,0.0059,-0.006
12mp_normal,1,no_delay_required,-0.051,-0.064
12mp_normal,1,no_delay_required,-0.0733,-0.096
12mp_normal,1,no_delay_required,-0.1026,-0.118
12mp_normal,1,no_delay_required,-0.0834,-0.123
12mp_normal,1,no_delay_required,-0.2265,-0.278
12mp_normal,1,no_delay_required,-0.2068,-0.235
12mp_normal,1,no_delay_required,-0.205,-0.235
12mp_normal,1,no_delay_required,-0.1794,-0.205
12mp_normal,1,no_delay_required,-0.201,-0.244
12mp_normal,1,no_delay_required,-0.2198,-0.273
12mp_normal,1,no_delay_required,-0.0204,-0.06
12mp_normal,1,no_delay_required,0.0746,0.022
12mp_normal,1,no_delay_required,0.1727,0.099
12mp_normal,1,no_delay_required,0.2684,0.166
12mp_normal,1,no_delay_required,0.3085,0.231
12mp_normal,1,no_delay_required,0.2087,0.132
12mp_normal,1,no_delay_required,0.1078,0.018
12mp_normal,1,no_delay_required,0.0246,-0.072
12mp_normal,1,no_delay_required,0.161,0.021
12mp_normal,1,no_delay_required,-0.0119,-0.002
12mp_normal,1,no_delay_required,0.0338,0.035
12mp_normal,1,no_delay_required,0.0593,0.05
12mp_normal,1,no_delay_required,0.0299,-0.046
12mp_normal,1,no_delay_required,-0.0191,-0.108
12mp_normal,1,no_delay_required,-0.0749,-0.152
12mp_normal,1,no_delay_required,-0.0918,-0.093
12mp_normal,1,no_delay_required,-0.0719,-0.039
12mp_normal,1,no_delay_required,-0.0749,-0.053
12mp_normal,1,no_delay_required,-0.0467,-0.031
12mp_normal,1,no_delay_required,-0.0423,-0.041
12mp_normal,1,no_delay_required,-0.0128,-0.033
12mp_normal,1,no_delay_required,-0.0212,-0.057
12mp_normal,1,no_delay_required,-0.0857,-0.121
12mp_normal,1,no_delay_required,-0.1407,-0.187
12mp_normal,1,no_delay_required,-0.2102,-0.254
12mp_normal,1,no_delay_required,-0.3809,-0.437
12mp_normal,1,no_delay_required,-0.3689,-0.414
12mp_normal,1,no_delay_required,-0.3202,-0.37
12mp_normal,1,no_delay_required,-0.3031,-0.362
12mp_normal,1,no_delay_required,-0.2067,-0.264
12mp_normal,1,no_delay_required,-0.277,-0.344
12mp_normal,1,no_delay_required,-0.3625,-0.415
12mp_normal,1,no_delay_required,0.229,-0.11
12mp_normal,1,no_delay_required,-0.135,0.087
12mp_normal,1,no_delay_required,-0.0407,0.168
12mp_normal,1,no_delay_required,0.1695,0.134
12mp_normal,1,no_delay_required,0.1107,-0.01
12mp_normal,1,no_delay_required,0.0011,-0.043
12mp_normal,1,no_delay_required,-0.0245,0.009
12mp_normal,1,no_delay_required,-0.1435,-0.12
12mp_normal,1,no_delay_required,-0.1252,-0.161
12mp_normal,1,no_delay_required,-0.1724,-0.207
12mp_normal,1,no_delay_required,-0.2521,-0.294
12mp_normal,1,no_delay_required,-0.2218,-0.249
12mp_normal,1,no_delay_required,-0.2764,-0.29
12mp_normal,1,no_delay_required,-0.3089,-0.334
12mp_normal,1,no_delay_required,-0.3704,-0.407
12mp_normal,1,no_delay_required,-0.4663,-0.493
12mp_normal,1,no_delay_required,-0.4173,-0.546
12mp_normal,1,no_delay_required,-0.4801,-0.512
12mp_normal,1,no_delay_required,-0.4179,-0.439
12mp_normal,1,no_delay_required,-0.3635,-0.393
12mp_normal,1,no_delay_required,-0.2263,-0.254
12mp_normal,1,no_delay_required,-0.0986,-0.121
12mp_normal,1,no_delay_required,-0.0329,-0.063
12mp_normal,1,no_delay_required,0.1405,0.1
12mp_normal,1,no_delay_required,0.0641,0.01
12mp_normal,1,no_delay_required,-0.0492,-0.119
12mp_normal,1,no_delay_required,0.174,-0.144
12mp_normal,1,no_delay_required,-0.1198,0.094
12mp_normal,1,no_delay_required,-0.0374,0.165
12mp_normal,1,no_delay_required,0.1668,0.045
12mp_normal,1,no_delay_required,0.0664,-0.014
12mp_normal,1,no_delay_required,0.0006,-0.005
12mp_normal,1,no_delay_required,0.0192,0.038
12mp_normal,1,no_delay_required,0.0502,0.02
12mp_normal,1,no_delay_required,0.0521,0.022
12mp_normal,1,no_delay_required,0.0495,0.01
12mp_normal,1,no_delay_required,0.0113,-0.026
12mp_normal,1,no_delay_required,-0.019,-0.047
12mp_normal,1,no_delay_required,-0.0647,-0.095
12mp_normal,1,no_delay_required,-0.0804,-0.118
12mp_normal,1,no_delay_required,-0.1026,-0.134
12mp_normal,1,no_delay_required,-0.1905,-0.239
12mp_normal,1,no_delay_required,-0.241,-0.307
12mp_normal,1,no_delay_required,-0.2905,-0.344
12mp_normal,1,no_delay_required,-0.3621,-0.427
12mp_normal,1,no_delay_required,-0.3725,-0.438
12mp_normal,1,no_delay_required,-0.3115,-0.368
12mp_normal,1,no_delay_required,-0.3004,-0.369
12mp_normal,1,no_delay_required,-0.1854,-0.227
12mp_normal,1,no_delay_required,-0.0735,-0.105
12mp_normal,1,no_delay_required,-0.1447,-0.184
12mp_normal,1,no_delay_required,-0.1922,-0.219
12mp_normal,1,no_delay_required,-0.2648,-0.274
12mp_normal,1,no_delay_required,0.214,-0.057
12mp_normal,1,no_delay_required,-0.0842,-0.049
12mp_normal,1,no_delay_required,-0.0464,-0.021
12mp_normal,1,no_delay_required,-0.0373,0.019
12mp_normal,1,no_delay_required,0.0227,0.021
12mp_normal,1,no_delay_required,0.0182,0.009
12mp_normal,1,no_delay_required,0.0139,-0.013
12mp_normal,1,no_delay_required,-0.0064,-0.033
12mp_normal,1,no_delay_required,-0.0407,-0.051
12mp_normal,1,no_delay_required,-0.1337,-0.157
12mp_normal,1,no_delay_required,-0.162,-0.176
12mp_normal,1,no_delay_required,-0.2273,-0.242
12mp_normal,1,no_delay_required,-0.2928,-0.326
12mp_normal,1,no_delay_required,-0.2772,-0.289
12mp_normal,1,no_delay_required,-0.2494,-0.281
12mp_normal,1,no_delay_required,-0.2911,-0.335
12mp_normal,1,no_delay_required,-0.2567,-0.279
12mp_normal,1,no_delay_required,-0.2733,-0.304
12mp_normal,1,no_delay_required,-0.2654,-0.283
12mp_normal,1,no_delay_required,-0.2938,-0.323
12mp_normal,1,no_delay_required,-0.2216,-0.26
12mp_normal,1,no_delay_required,-0.1091,-0.144
12mp_normal,1,no_delay_required,-0.0028,-0.024
12mp_normal,1,no_delay_required,0.0696,0.04
12mp_normal,1,no_delay_required,0.0848,0.05
12mp_normal,1,no_delay_required,0.018,-0.024
12mp_normal,1,no_delay_required,0.208,-0.103
12mp_normal,1,no_delay_required,0.1201,-0.207
12mp_normal,1,no_delay_required,-0.2028,-0.043
12mp_normal,1,no_delay_required,-0.0362,0.045
12mp_normal,1,no_delay_required,0.0475,-0.026
12mp_normal,1,no_delay_required,-0.0498,-0.049
12mp_normal,1,no_delay_required,-0.0952,-0.107
12mp_normal,1,no_delay_required,-0.1104,-0.121
12mp_normal,1,no_delay_required,-0.1552,-0.159
12mp_normal,1,no_delay_required,-0.2287,-0.243
12mp_normal,1,no_delay_required,-0.2458,-0.246
12mp_normal,1,no_delay_required,-0.2366,-0.258
12mp_normal,1,no_delay_required,-0.2878,-0.326
12mp_normal,1,no_delay_required,-0.2896,-0.312
12mp_normal,1,no_delay_required,-0.2325,-0.246
12mp_normal,1,no_delay_required,-1.3799,-1.405
12mp_normal,1,no_delay_required,-1.1135,-1.126
12mp_normal,1,no_delay_required,-0.7914,-0.803
12mp_normal,1,no_delay_required,-0.5039,-0.524
12mp_normal,1,no_delay_required,-0.1771,-0.201
12mp_normal,1,no_delay_required,0.1233,0.081
12mp_normal,1,no_delay_required,0.3919,0.34
12mp_normal,1,no_delay_required,0.7075,0.664
12mp_normal,1,no_delay_required,0.9936,0.943
12mp_normal,1,no_delay_required,1.2276,1.168
12mp_normal,1,no_delay_required,1.4147,1.339
12mp_normal,1,no_delay_required,0.349,0.178
12mp_normal,1,no_delay_required,0.2112,0.035
12mp_normal,1,no_delay_required,0.0303,0.015
12mp_normal,1,no_delay_required,0.0095,-0.006
12mp_normal,1,no_delay_required,0.007,-0.018
12mp_normal,1,no_delay_required,-0.0117,-0.033
12mp_normal,1,no_delay_required,-0.0462,-0.062
12mp_normal,1,no_delay_required,-0.0982,-0.12
12mp_normal,1,no_delay_required,-0.1275,-0.147
12mp_normal,1,no_delay_required,-0.1333,-0.171
12mp_normal,1,no_delay_required,-0.1111,-0.143
12mp_normal,1,no_delay_required,-0.0677,-0.082
12mp_normal,1,no_delay_required,-0.0724,-0.099
12mp_normal,1,no_delay_required,-0.0091,-0.033
12mp_normal,1,no_delay_required,-0.025,-0.048
12mp_normal,1,no_delay_required,-0.0305,-0.065
12mp_normal,1,no_delay_required,-0.0378,-0.081
12mp_normal,1,no_delay_required,-0.025,-0.072
12mp_normal,1,no_delay_required,-0.0142,-0.062
12mp_normal,1,no_delay_required,0.0196,-0.042
12mp_normal,1,no_delay_required,-0.0096,-0.102
12mp_normal,1,no_delay_required,0.0525,-0.013
12mp_normal,1,no_delay_required,0.1401,0.081
12mp_normal,1,no_delay_required,0.2012,0.143
12mp_normal,1,no_delay_required,0.2659,0.206
12mp_normal,1,no_delay_required,0.2993,0.232
12mp_normal,1,no_delay_required,0.176,0.045
12mp_normal,1,no_delay_required,0.0585,0.041
12mp_normal,1,no_delay_required,0.0439,0.032
12mp_normal,1,no_delay_required,0.0742,0.054
12mp_normal,1,no_delay_required,0.0306,0.017
12mp_normal,1,no_delay_required,0.0213,-0.001
12mp_normal,1,no_delay_required,0.0293,0.005
12mp_normal,1,no_delay_required,0.0105,-0.009
12mp_normal,1,no_delay_required,-0.0058,-0.034
12mp_normal,1,no_delay_required,-0.0254,-0.046
12mp_normal,1,no_delay_required,-0.1729,-0.207
12mp_normal,1,no_delay_required,-0.1758,-0.205
12mp_normal,1,no_delay_required,-0.1825,-0.219
12mp_normal,1,no_delay_required,-0.1718,-0.198
12mp_normal,1,no_delay_required,-0.0374,-0.05
12mp_normal,1,no_delay_required,-0.0636,-0.09
12mp_normal,1,no_delay_required,-0.0476,-0.068
12mp_normal,1,no_delay_required,-0.035,-0.06
12mp_normal,1,no_delay_required,-0.0287,-0.059
12mp_normal,1,no_delay_required,-0.0632,-0.11
12mp_normal,1,no_delay_required,-0.1338,-0.198
12mp_normal,1,no_delay_required,-0.0462,-0.1
12mp_normal,1,no_delay_required,0.0258,-0.042
12mp_normal,1,no_delay_required,0.0919,0.015
12mp_normal,1,no_delay_required,0.129,0.07
12mp_normal,1,no_delay_required,0.1751,0.113
12mp_normal,1,no_delay_required,0.25,0.143
12mp_normal,1,no_delay_required,0.458,0.242
12mp_normal,1,no_delay_required,0.2535,0.035
12mp_normal,1,no_delay_required,0.0365,0.044
12mp_normal,1,no_delay_required,0.0278,0.04
12mp_normal,1,no_delay_required,0.0195,-0.006
12mp_normal,1,no_delay_required,0.0014,-0.034
12mp_normal,1,no_delay_required,-0.0215,-0.057
12mp_normal,1,no_delay_required,-0.0352,-0.064
12mp_normal,1,no_delay_required,-0.0357,-0.054
12mp_normal,1,no_delay_required,-0.0745,-0.109
12mp_normal,1,no_delay_required,-0.0921,-0.128
12mp_normal,1,no_delay_required,-0.0954,-0.124
12mp_normal,1,no_delay_required,-0.0838,-0.123
12mp_normal,1,no_delay_required,-0.0837,-0.124
12mp_normal,1,no_delay_required,-0.0407,-0.07
12mp_normal,1,no_delay_required,-0.0396,-0.079
12mp_normal,1,no_delay_required,0.0013,-0.046
12mp_normal,1,no_delay_required,0.0186,-0.039
12mp_normal,1,no_delay_required,0.0189,-0.038
12mp_normal,1,no_delay_required,0.0629,-0.008
12mp_normal,1,no_delay_required,0.1412,0.076
12mp_normal,1,no_delay_required,0.2055,0.125
12mp_normal,1,no_delay_required,0.2654,0.175
12mp_normal,1,no_delay_required,0.3322,0.243
12mp_normal,1,no_delay_required,0.3216,0.222
12mp_normal,1,no_delay_required,0.223,0.134
12mp_normal,1,no_delay_required,0.166,-0.119
12mp_normal,1,no_delay_required,0.0359,-0.263
12mp_normal,1,no_delay_required,-0.3132,-0.14
12mp_normal,1,no_delay_required,-0.1207,0.023
12mp_normal,1,no_delay_required,-0.0873,0.048
12mp_normal,1,no_delay_required,0.1173,0.092
12mp_normal,1,no_delay_required,0.1085,0.047
12mp_normal,1,no_delay_required,0.0994,0.028
12mp_normal,1,no_delay_required,0.0478,-0.021
12mp_normal,1,no_delay_required,-0.0007,-0.075
12mp_normal,1,no_delay_required,-0.0392,-0.051
12mp_normal,1,no_delay_required,-0.0646,-0.086
12mp_normal,1,no_delay_required,-0.0658,-0.106
12mp_normal,1,no_delay_required,-0.0729,-0.112
12mp_normal,1,no_delay_required,-0.093,-0.141
12mp_normal,1,no_delay_required,-0.0861,-0.156
12mp_normal,1,no_delay_required,-0.0879,-0.162
12mp_normal,1,no_delay_required,-0.0928,-0.151
12mp_normal,1,no_delay_required,-0.0825,-0.15
12mp_normal,1,no_delay_required,-0.0929,-0.152
12mp_normal,1,no_delay_required,-0.0942,-0.151
12mp_normal,1,no_delay_required,-0.1257,-0.193
12mp_normal,1,no_delay_required,-0.1051,-0.168
12mp_normal,1,no_delay_required,-0.055,-0.128
12mp_normal,1,no_delay_required,-0.0421,-0.111
12mp_normal,1,no_delay_required,-0.0201,-0.101
12mp_normal,1,no_delay_required,-0.0349,-0.119
12mp_normal,1,covered,-0.5615,-0.67
12mp_normal,1,covered,-0.3952,-0.518
12mp_normal,1,covered,0.065,-0.012
12mp_normal,1,covered,0.5017,0.362
12mp_normal,1,covered,0.3326,0.22
12mp_normal,1,covered,0.3469,0.229
12mp_normal,1,covered,0.2307,0.083
12mp_normal,1,covered,-0.0821,-0.229
12mp_normal,1,covered,-0.3019,-0.458
12mp_normal,1,covered,0.2176,0.045
12mp_normal,1,covered,-0.0224,0.0
12mp_normal,1,covered,-0.123,-0.45
12mp_normal,1,covered,-0.2476,-0.178
12mp_normal,1,covered,0.3862,0.227
12mp_normal,1,covered,0.8466,0.673
12mp_normal,1,covered,-0.4289,-0.302
12mp_normal,1,covered,-0.1159,-0.003
12mp_normal,1,covered,0.4719,0.534
12mp_normal,1,covered,0.8303,0.809
12mp_normal,1,covered,0.3483,-0.08
12mp_normal,1,covered,-0.0227,-0.066
12mp_normal,1,covered,0.6448,0.5
12mp_normal,1,covered,-0.0167,-0.031
12mp_normal,1,covered,-0.1637,-0.209
12mp_normal,1,covered,0.0102,-0.061
12mp_normal,1,covered,0.0174,-0.06
12mp_normal,1,covered,-0.0382,-0.004
12mp_normal,1,covered,0.6737,0.654
12mp_normal,1,covered,0.3267,0.189
12mp_normal,1,covered,0.3321,0.249
12mp_normal,1,covered,-0.8226,-0.851
12mp_normal,1,covered,-0.3302,-0.304
12mp_normal,1,covered,0.2735,0.326
12mp_normal,1,covered,0.4179,0.279
12mp_normal,1,covered,0.1168,-0.095
12mp_normal,1,covered,0.053,0.104
12mp_normal,1,covered,0.6199,0.598
12mp_normal,1,covered,0.009,-0.21
12mp_normal,1,covered,0.3238,0.008
12mp_normal,1,covered,0.025,-0.001
12mp_normal,1,covered,-0.1033,-0.282
12mp_normal,1,covered,-0.0535,0.004
12mp_normal,1,covered,-0.219,-0.062
12mp_normal,1,covered,0.2375,-0.288
12mp_normal,1,covered,0.3758,0.065
12mp_normal,1,covered,0.5047,0.367
12mp_normal,1,covered,-0.1992,-0.256
12mp_normal,1,covered,0.23,0.194
12mp_normal,1,covered,-0.4613,-0.5
12mp_normal,1,covered,-0.1189,-0.167
12mp_normal,1,covered,0.1928,0.142
12mp_normal,1,covered,-0.5627,-0.613
12mp_normal,1,covered,-0.1779,-0.223
12mp_normal,1,flexible,-0.9608,-1.052
12mp_normal,1,flexible,-0.8931,-0.984
12mp_normal,1,flexible,-0.72,-0.817
12mp_normal,1,flexible,-0.5074,-0.403
12mp_normal,1,flexible,1.0183,0.474
12mp_normal,1,flexible,-0.9666,-0.835
12mp_normal,1,flexible,-0.0866,-0.134
12mp_normal,1,flexible,-1.066,-1.209
12mp_normal,1,flexible,-1.416,-1.442
12mp_normal,1,flexible,-1.5367,-1.586
12mp_normal,1,flexible,-1.3404,-1.405
12mp_normal,1,flexible,0.3698,0.152
12mp_normal,1,flexible,-0.0006,-0.093
12mp_normal,1,flexible,-0.8882,-0.937
12mp_normal,1,flexible,-0.9493,-1.005
12mp_normal,1,flexible,-0.7778,-0.853
12mp_normal,1,flexible,-0.5882,-0.662
12mp_normal,1,flexible,-0.5614,-0.626
12mp_normal,1,flexible,-0.4641,-0.485
12mp_normal,1,flexible,-0.6655,-0.691
12mp_normal,1,flexible,-0.5451,-0.58
12mp_normal,1,flexible,-0.4462,-0.485
12mp_normal,1,flexible,-0.7425,-0.793
12mp_normal,1,flexible,-0.1438,-0.224
12mp_normal,1,flexible,-0.0858,-0.138
12mp_normal,1,flexible,-0.2815,-0.305
24mp_memory,0,no_delay_required,1.211,0.432
24mp_memory,0,no_delay_required,0.4149,-0.19
24mp_memory,0,no_delay_required,0.3301,-0.287
24mp_memory,0,no_delay_required,-0.2597,-0.134
24mp_memory,0,no_delay_required,-0.1168,-0.141
24mp_memory,0,no_delay_required,-0.1674,-0.212
24mp_memory,0,no_delay_required,-0.1852,-0.203
24mp_memory,0,no_delay_required,-0.159,-0.184
24mp_memory,0,no_delay_required,-0.1367,-0.172
24mp_memory,0,no_delay_required,-0.0611,-0.104
24mp_memory,0,no_delay_required,0.0284,0.0
24mp_memory,0,no_delay_required,0.0035,-0.037
24mp_memory,0,no_delay_required,0.1552,0.108
24mp_memory,0,no_delay_required,0.1343,0.074
24mp_memory,0,no_delay_required,0.0409,-0.034
24mp_memory,0,no_delay_required,-0.0264,-0.113
24mp_memory,0,no_delay_required,-0.0871,-0.186
24mp_memory,0,no_delay_required,-0.2065,-0.33
24mp_memory,0,no_delay_required,-0.2202,-0.328
24mp_memory,0,no_delay_required,-0.2381,-0.357
24mp_memory,0,no_delay_required,-0.1704,-0.273
24mp_memory,0,no_delay_required,-0.0527,-0.133
24mp_memory,0,no_delay_required,0.0029,-0.085
24mp_memory,0,no_delay_required,0.1679,0.087
24mp_memory,0,no_delay_required,0.2616,0.21
24mp_memory,0,no_delay_required,0.3765,0.367
24mp_memory,0,no_delay_required,0.315,-0.269
24mp_memory,0,no_delay_required,-0.1869,0.092
24mp_memory,0,no_delay_required,-0.0288,0.221
24mp_memory,0,no_delay_required,0.2572,0.171
24mp_memory,0,no_delay_required,0.0877,-0.042
24mp_memory,0,no_delay_required,-0.0712,-0.115
24mp_memory,0,no_delay_required,-0.0772,-0.071
24mp_memory,0,no_delay_required,-0.094,-0.103
24mp_memory,0,no_delay_required,-0.0689,-0.077
24mp_memory,0,no_delay_required,-0.0222,-0.04
24mp_memory,0,no_delay_required,0.0391,0.035
24mp_memory,0,no_delay_required,0.1103,0.111
24mp_memory,0,no_delay_required,0.1073,0.089
24mp_memory,0,no_delay_required,-0.03,-0.059
24mp_memory,0,no_delay_required,-0.2227,-0.271
24mp_memory,0,no_delay_required,-0.4125,-0.467
24mp_memory,0,no_delay_required,-0.681,-0.745
24mp_memory,0,no_delay_required,-0.8125,-0.887
24mp_memory,0,no_delay_required,-0.7514,-0.788
24mp_memory,0,no_delay_required,-0.6966,-0.764
24mp_memory,0,no_delay_required,-0.4537,-0.49
24mp_memory,0,no_delay_required,-0.3549,-0.399
24mp_memory,0,no_delay_required,-0.0867,-0.117
24mp_memory,0,no_delay_required,-0.0636,-0.1
24mp_memory,0,no_delay_required,0.0163,0.005
24mp_memory,0,no_delay_required,0.2604,0.2
24mp_memory,0,no_delay_required,0.571,-0.259
24mp_memory,0,no_delay_required,-0.0541,-0.936
24mp_memory,0,no_delay_required,-0.9062,-1.434
24mp_memory,0,no_delay_required,-1.0756,-1.626
24mp_memory,0,no_delay_required,-0.843,-0.34
24mp_memory,0,no_delay_required,0.7284,1.266
24mp_memory,0,no_delay_required,1.6551,1.763
24mp_memory,0,no_delay_required,1.2997,0.822
24mp_memory,0,no_delay_required,1.2547,0.763
24mp_memory,0,no_delay_required,0.873,0.351
24mp_memory,0,no_delay_required,0.8783,0.335
24mp_memory,0,no_delay_required,0.3629,-0.136
24mp_memory,0,no_delay_required,-0.0533,-0.144
24mp_memory,0,no_delay_required,-0.0643,-0.17
24mp_memory,0,no_delay_required,-0.0213,-0.105
24mp_memory,0,no_delay_required,-0.1801,-0.282
24mp_memory,0,no_delay_required,-0.2478,-0.337
24mp_memory,0,no_delay_required,-0.0033,-0.11
24mp_memory,0,no_delay_required,0.3179,0.186
24mp_memory,0,no_delay_required,0.6557,0.517
24mp_memory,0,no_delay_required,1.1325,1.046
24mp_memory,0,no_delay_required,1.5171,1.451
24mp_memory,0,no_delay_required,1.6488,1.317
24mp_memory,0,no_delay_required,-1.086,0.08
24mp_memory,0,no_delay_required,-0.715,0.431
24mp_memory,0,no_delay_required,0.413,-0.249
24mp_memory,0,no_delay_required,-0.3804,-0.769
24mp_memory,0,no_delay_required,-0.781,-1.202
24mp_memory,0,no_delay_required,-0.8497,-0.268
24mp_memory,0,no_delay_required,-0.5493,0.016
24mp_memory,0,no_delay_required,-0.2749,0.277
24mp_memory,0,no_delay_required,0.3878,0.498
24mp_memory,0,no_delay_required,0.8888,1.103
24mp_memory,0,no_delay_required,0.5341,0.224
24mp_memory,0,no_delay_required,0.2649,0.169
24mp_memory,0,no_delay_required,0.2641,0.048
24mp_memory,0,no_delay_required,0.2865,0.05
24mp_memory,0,no_delay_required,0.0892,-0.089
24mp_memory,0,no_delay_required,0.0872,-0.033
24mp_memory,0,no_delay_required,0.0866,-0.086
24mp_memory,0,no_delay_required,0.3109,0.162
24mp_memory,0,no_delay_required,0.5951,0.435
24mp_memory,0,no_delay_required,0.8713,0.768
24mp_memory,0,no_delay_required,1.1205,0.99
24mp_memory,0,no_delay_required,1.4585,1.34
24mp_memory,0,no_delay_required,1.8126,1.692
24mp_memory,0,no_delay_required,1.8121,1.387
24mp_memory,0,no_delay_required,1.5281,1.128
24mp_memory,0,no_delay_required,1.3114,0.91
24mp_memory,0,no_delay_required,0.544,-0.349
24mp_memory,0,no_delay_required,0.3031,-0.603
24mp_memory,0,no_delay_required,-0.4889,-0.162
24mp_memory,0,no_delay_required,-0.2174,0.066
24mp_memory,0,no_delay_required,0.0876,-0.049
24mp_memory,0,no_delay_required,0.0841,0.029
24mp_memory,0,no_delay_required,0.1629,0.093
24mp_memory,0,no_delay_required,0.2268,0.225
24mp_memory,0,no_delay_required,0.2312,0.172
24mp_memory,0,no_delay_required,0.2172,0.126
24mp_memory,0,no_delay_required,0.0147,-0.118
24mp_memory,0,no_delay_required,-0.3147,-0.408
24mp_memory,0,no_delay_required,-0.4706,-0.539
24mp_memory,0,no_delay_required,-0.5317,-0.616
24mp_memory,0,no_delay_required,-0.4422,-0.448
24mp_memory,0,no_delay_required,-0.1226,-0.126
24mp_memory,0,no_delay_required,-0.0142,-0.036
24mp_memory,0,no_delay_required,0.1222,0.112
24mp_memory,0,no_delay_required,0.2954,0.29
24mp_memory,0,no_delay_required,0.3324,0.222
24mp_memory,0,no_delay_required,0.3596,0.2
24mp_memory,0,no_delay_required,0.2824,0.104
24mp_memory,0,no_delay_required,0.659,0.491
24mp_memory,0,no_delay_required,1.1216,0.955
24mp_memory,0,no_delay_required,1.5873,1.427
24mp_memory,0,no_delay_required,2.0664,1.901
24mp_memory,0,no_delay_required,2.57,2.152
24mp_memory,0,no_delay_required,1.137,0.32
24mp_memory,0,no_delay_required,0.953,0.121
24mp_memory,0,no_delay_required,0.192,-0.394
24mp_memory,0,no_delay_required,-0.4173,-0.263
24mp_memory,0,no_delay_required,-0.302,-0.167
24mp_memory,0,no_delay_required,-0.2388,-0.349
24mp_memory,0,no_delay_required,-0.2253,-0.351
24mp_memory,0,no_delay_required,-0.2085,-0.285
24mp_memory,0,no_delay_required,-0.1707,-0.238
24mp_memory,0,no_delay_required,-0.2365,-0.322
24mp_memory,0,no_delay_required,-0.1775,-0.28
24mp_memory,0,no_delay_required,-0.3552,-0.465
24mp_memory,0,no_delay_required,-0.6692,-0.841
24mp_memory,0,no_delay_required,-0.0719,-0.259
24mp_memory,0,no_delay_required,0.5458,0.386
24mp_memory,0,no_delay_required,1.23,1.153
24mp_memory,0,no_delay_required,1.8255,1.479
24mp_memory,0,no_delay_required,2.0305,1.766
24mp_memory,0,no_delay_required,1.2765,0.705
24mp_memory,0,no_delay_required,0.2653,-0.009
24mp_memory,0,no_delay_required,0.0057,-0.285
24mp_memory,0,no_delay_required,-0.0645,-0.079
24mp_memory,0,no_delay_required,0.48,-0.041
24mp_memory,0,no_delay_required,-0.2081,-0.574
24mp_memory,0,no_delay_required,-0.3126,-0.713
24mp_memory,0,no_delay_required,-0.5721,-0.208
24mp_memory,0,no_delay_required,-0.2919,-0.124
24mp_memory,0,no_delay_required,-0.1404,0.01
24mp_memory,0,no_delay_required,0.1015,-0.085
24mp_memory,0,no_delay_required,0.1793,-0.041
24mp_memory,0,no_delay_required,0.1618,0.079
24mp_memory,0,no_delay_required,0.0966,0.094
24mp_memory,0,no_delay_required,-0.0061,-0.035
24mp_memory,0,no_delay_required,0.0615,-0.023
24mp_memory,0,no_delay_required,0.1174,0.032
24mp_memory,0,no_delay_required,0.3727,0.267
24mp_memory,0,no_delay_required,0.63,0.53
24mp_memory,0,no_delay_required,0.8446,0.715
24mp_memory,0,no_delay_required,1.1338,0.995
24mp_memory,0,no_delay_required,1.1952,0.731
24mp_memory,0,no_delay_required,0.9406,0.468
24mp_memory,0,no_delay_required,0.3185,-0.114
24mp_memory,0,no_delay_required,-0.357,-0.455
24mp_memory,0,no_delay_required,-0.356,-0.437
24mp_memory,0,no_delay_required,-0.3484,-0.453
24mp_memory,0,no_delay_required,-0.0171,-0.03
24mp_memory,0,no_delay_required,1.401,0.598
24mp_memory,0,no_delay_required,0.4617,-0.306
24mp_memory,0,no_delay_required,0.3119,0.367
24mp_memory,0,no_delay_required,0.7876,0.813
24mp_memory,0,no_delay_required,0.8904,0.286
24mp_memory,0,no_delay_required,0.5319,0.338
24mp_memory,0,no_delay_required,0.5561,-0.065
24mp_memory,0,no_delay_required,0.2191,0.14
24mp_memory,0,no_delay_required,0.249,0.159
24mp_memory,0,no_delay_required,0.2901,0.213
24mp_memory,0,no_delay_required,0.2155,0.103
24mp_memory,0,no_delay_required,-0.0038,-0.215
24mp_memory,0,no_delay_required,0.0075,-0.233
24mp_memory,0,no_delay_required,-0.2385,-0.473
24mp_memory,0,no_delay_required,-0.1511,-0.291
24mp_memory,0,no_delay_required,-0.0472,-0.15
24mp_memory,0,no_delay_required,-0.0005,-0.123
24mp_memory,0,no_delay_required,0.0175,-0.127
24mp_memory,0,no_delay_required,0.2302,0.115
24mp_memory,0,no_delay_required,0.0845,-0.012
24mp_memory,0,no_delay_required,0.1188,0.007
24mp_memory,0,no_delay_required,0.1519,0.036
24mp_memory,0,no_delay_required,0.315,0.2
24mp_memory,0,no_delay_required,0.4319,0.267
24mp_memory,0,no_delay_required,-2.802,-0.775
24mp_memory,0,no_delay_required,-0.0052,-0.106
24mp_memory,0,no_delay_required,0.0747,-0.049
24mp_memory,0,no_delay_required,0.1683,0.1
24mp_memory,0,no_delay_required,0.0636,0.019
24mp_memory,0,no_delay_required,1.133,0.346
24mp_memory,0,no_delay_required,0.4542,-0.194
24mp_memory,0,no_delay_required,0.5622,-0.103
24mp_memory,0,no_delay_required,0.4142,0.532
24mp_memory,0,no_delay_required,0.9755,0.806
24mp_memory,0,no_delay_required,1.2734,1.058
24mp_memory,0,no_delay_required,0.6624,0.437
24mp_memory,0,no_delay_required,0.5148,0.337
24mp_memory,0,no_delay_required,0.7744,0.557
24mp_memory,0,no_delay_required,0.7127,0.676
24mp_memory,0,no_delay_required,0.7146,0.632
24mp_memory,0,no_delay_required,0.6391,0.479
24mp_memory,0,no_delay_required,0.5028,0.287
24mp_memory,0,no_delay_required,0.3105,0.125
24mp_memory,0,no_delay_required,0.2558,0.142
24mp_memory,0,no_delay_required,0.2478,0.146
24mp_memory,0,no_delay_required,0.1956,0.111
24mp_memory,0,no_delay_required,0.0448,-0.097
24mp_memory,0,no_delay_required,0.0171,-0.122
24mp_memory,0,no_delay_required,-0.1293,-0.197
24mp_memory,0,no_delay_required,-0.1038,-0.193
24mp_memory,0,no_delay_required,-0.0076,-0.063
24mp_memory,0,no_delay_required,0.2571,0.232
24mp_memory,0,no_delay_required,0.4334,0.429
24mp_memory,0,no_delay_required,0.813,-0.133
24mp_memory,0,no_delay_required,0.4503,-0.523
24mp_memory,0,no_delay_required,1.1407,0.967
24mp_memory,0,no_delay_required,0.6535,0.033
24mp_memory,0,no_delay_required,0.2985,-0.329
24mp_memory,0,no_delay_required,0.189,-0.487
24mp_memory,0,no_delay_required,-0.224,-0.242
24mp_memory,0,no_delay_required,-0.2305,-0.284
24mp_memory,0,no_delay_required,-0.0754,-0.145
24mp_memory,0,no_delay_required,-0.0626,-0.169
24mp_memory,0,no_delay_required,-0.1143,-0.208
24mp_memory,0,no_delay_required,0.0194,-0.011
24mp_memory,0,no_delay_required,0.0737,0.011
24mp_memory,0,no_delay_required,0.1722,0.099
24mp_memory,0,no_delay_required,0.2316,0.119
24mp_memory,0,no_delay_required,0.2175,0.046
24mp_memory,0,no_delay_required,0.2229,0.033
24mp_memory,0,no_delay_required,0.2492,0.013
24mp_memory,0,no_delay_required,0.3147,0.089
24mp_memory,0,no_delay_required,0.3805,0.217
24mp_memory,0,no_delay_required,0.5897,0.489
24mp_memory,0,no_delay_required,0.7238,0.623
24mp_memory,0,no_delay_required,0.935,0.15
24mp_memory,0,no_delay_required,0.0463,-0.666
24mp_memory,0,no_delay_required,0.4853,-0.257
24mp_memory,0,no_delay_required,0.7793,0.961
24mp_memory,0,no_delay_required,1.6445,1.829
24mp_memory,0,no_delay_required,1.1902,0.452
24mp_memory,0,no_delay_required,0.4983,-0.285
24mp_memory,0,no_delay_required,-0.1582,-0.149
24mp_memory,0,no_delay_required,-0.174,-0.322
24mp_memory,0,no_delay_required,-0.3721,-0.47
24mp_memory,0,no_delay_required,-0.3929,-0.422
24mp_memory,0,no_delay_required,-0.2903,-0.306
24mp_memory,0,no_delay_required,-0.1665,-0.208
24mp_memory,0,no_delay_required,0.0322,0.034
24mp_memory,0,no_delay_required,0.1132,0.079
24mp_memory,0,no_delay_required,0.1659,0.096
24mp_memory,0,no_delay_required,0.1953,0.083
24mp_memory,0,no_delay_required,0.2506,0.099
24mp_memory,0,no_delay_required,0.0359,-0.184
24mp_memory,0,no_delay_required,0.0261,-0.156
24mp_memory,0,no_delay_required,0.0654,-0.14
24mp_memory,0,no_delay_required,0.1076,-0.103
24mp_memory,0,no_delay_required,0.1884,-0.017
24mp_memory,0,no_delay_required,0.5844,0.471
24mp_memory,0,no_delay_required,0.7035,0.584
24mp_memory,0,no_delay_required,0.149,-0.034
24mp_memory,0,no_delay_required,0.6153,0.4
24mp_memory,0,no_delay_required,1.6616,2.15
24mp_memory,0,no_delay_required,1.8501,1.307
24mp_memory,0,no_delay_required,1.3529,0.094
24mp_memory,0,no_delay_required,-0.0655,-0.222
24mp_memory,0,no_delay_required,-0.1494,-0.284
24mp_memory,0,no_delay_required,-0.1048,-0.029
24mp_memory,0,no_delay_required,-0.1368,-0.164
24mp_memory,0,no_delay_required,-0.1683,-0.227
24mp_memory,0,no_delay_required,-0.1189,-0.26
24mp_memory,0,no_delay_required,-0.1909,-0.217
24mp_memory,0,no_delay_required,-0.1442,-0.181
24mp_memory,0,no_delay_required,-0.1422,-0.202
24mp_memory,0,no_delay_required,-0.4227,-0.488
24mp_memory,0,no_delay_required,-0.2481,-0.334
24mp_memory,0,no_delay_required,-0.2081,-0.286
24mp_memory,0,no_delay_required,-0.2127,-0.311
24mp_memory,0,no_delay_required,-0.2823,-0.382
24mp_memory,0,no_delay_required,0.0715,-0.035
24mp_memory,0,no_delay_required,0.1146,-0.022
24mp_memory,0,no_delay_required,0.2394,0.1
24mp_memory,0,no_delay_required,0.3996,0.235
24mp_memory,0,no_delay_required,0.5831,0.462
24mp_memory,0,no_delay_required,0.11,-0.491
24mp_memory,0,no_delay_required,-0.0405,-0.695
24mp_memory,0,no_delay_required,0.3551,0.344
24mp_memory,0,no_delay_required,1.3316,1.294
24mp_memory,0,no_delay_required,2.1865,2.388
24mp_memory,0,no_delay_required,0.5545,-0.043
24mp_memory,0,no_delay_required,-0.1079,-0.103
24mp_memory,0,no_delay_required,-0.2955,-0.333
24mp_memory,0,no_delay_required,-0.2482,-0.264
24mp_memory,0,no_delay_required,-0.11,-0.114
24mp_memory,0,no_delay_required,-0.1183,-0.138
24mp_memory,0,no_delay_required,-0.045,-0.037
24mp_memory,0,no_delay_required,-0.1372,-0.208
24mp_memory,0,no_delay_required,-0.1147,-0.213
24mp_memory,0,no_delay_required,-0.2988,-0.369
24mp_memory,0,no_delay_required,-0.4124,-0.507
24mp_memory,0,no_delay_required,-0.2284,-0.301
24mp_memory,0,no_delay_required,-0.2159,-0.289
24mp_memory,0,no_delay_required,-0.07,-0.177
24mp_memory,0,no_delay_required,0.0464,-0.047
24mp_memory,0,no_delay_required,0.0363,-0.001
24mp_memory,0,no_delay_required,0.0387,-0.068
24mp_memory,0,no_delay_required,0.1807,0.074
24mp_memory,0,no_delay_required,0.1531,0.005
24mp_memory,0,no_delay_required,0.3535,0.21
24mp_memory,0,no_delay_required,1.229,0.439
24mp_memory,0,no_delay_required,0.4635,-0.175
24mp_memory,0,no_delay_required,0.5018,-0.16
24mp_memory,0,no_delay_required,-0.1413,-0.204
24mp_memory,0,no_delay_required,0.3132,0.25
24mp_memory,0,no_delay_required,0.834,0.839
24mp_memory,0,no_delay_required,0.8874,0.355
24mp_memory,0,no_delay_required,0.6944,0.132
24mp_memory,0,no_delay_required,0.2184,-0.367
24mp_memory,0,no_delay_required,-0.2608,-0.344
24mp_memory,0,no_delay_required,-0.2438,-0.39
24mp_memory,0,no_delay_required,-0.0438,-0.192
24mp_memory,0,no_delay_required,0.034,-0.093
24mp_memory,0,no_delay_required,-0.097,-0.178
24mp_memory,0,no_delay_required,-0.0612,-0.178
24mp_memory,0,no_delay_required,-0.0916,-0.217
24mp_memory,0,no_delay_required,-0.0621,-0.251
24mp_memory,0,no_delay_required,-0.1115,-0.3
24mp_memory,0,no_delay_required,-0.0008,-0.193
24mp_memory,0,no_delay_required,0.0328,-0.191
24mp_memory,0,no_delay_required,0.1512,-0.025
24mp_memory,0,no_delay_required,0.2271,0.069
24mp_memory,0,no_delay_required,0.3555,0.231
24mp_memory,0,no_delay_required,0.4779,0.366
24mp_memory,0,no_delay_required,-2.771,-1.042
24mp_memory,0,no_delay_required,-2.335,-0.63
24mp_memory,0,no_delay_required,0.5743,0.517
24mp_memory,0,no_delay_required,0.7258,0.382
24mp_memory,0,no_delay_required,0.4213,0.054
24mp_memory,0,no_delay_required,0.3439,0.022
24mp_memory,0,no_delay_required,-0.0113,-0.388
24mp_memory,0,no_delay_required,-0.141,-0.285
24mp_memory,0,no_delay_required,0.0403,-0.075
24mp_memory,0,no_delay_required,0.0437,-0.086
24mp_memory,0,no_delay_required,0.4422,0.402
24mp_memory,0,no_delay_required,0.2523,0.342
24mp_memory,0,no_delay_required,0.1902,0.063
24mp_memory,0,no_delay_required,-0.0428,-0.199
24mp_memory,0,no_delay_required,0.1204,-0.142
24mp_memory,0,no_delay_required,0.2359,0.027
24mp_memory,0,no_delay_required,0.1868,0.018
24mp_memory,0,no_delay_required,-2.843,-2.908
24mp_memory,0,no_delay_required,1.6749,0.741
24mp_memory,0,no_delay_required,0.9459,1.05
24mp_memory,0,no_delay_required,0.1131,-0.451
24mp_memory,0,no_delay_required,-0.0004,-0.629
24mp_memory,0,no_delay_required,-0.1732,-0.145
24mp_memory,0,no_delay_required,-0.0057,0.015
24mp_memory,0,no_delay_required,0.0093,0.0
24mp_memory,0,no_delay_required,0.0179,-0.057
24mp_memory,0,no_delay_required,0.0044,-0.034
24mp_memory,0,no_delay_required,-0.0632,-0.173
24mp_memory,0,no_delay_required,-0.1359,-0.221
24mp_memory,0,no_delay_required,-0.2175,-0.341
24mp_memory,0,no_delay_required,-0.3432,-0.543
24mp_memory,0,no_delay_required,-0.3517,-0.529
24mp_memory,0,no_delay_required,-0.3307,-0.53
24mp_memory,0,no_delay_required,-0.2761,-0.436
24mp_memory,0,no_delay_required,-0.1425,-0.207
24mp_memory,0,no_delay_required,0.0488,0.044
24mp_memory,0,no_delay_required,0.1418,0.089
24mp_memory,0,no_delay_required,0.3365,0.254
24mp_memory,0,no_delay_required,0.524,0.416
24mp_memory,0,no_delay_required,0.5202,0.375
24mp_memory,0,no_delay_required,1.125,1.329
24mp_memory,0,no_delay_required,1.705,0.753
24mp_memory,0,no_delay_required,0.9011,0.39
24mp_memory,0,no_delay_required,0.3855,-0.346
24mp_memory,0,no_delay_required,0.006,-0.761
24mp_memory,0,no_delay_required,-0.8955,-0.581
24mp_memory,0,no_delay_required,-0.6181,-0.739
24mp_memory,0,no_delay_required,-0.5738,-0.474
24mp_memory,0,no_delay_required,-0.0612,0.095
24mp_memory,0,no_delay_required,0.1485,0.29
24mp_memory,0,no_delay_required,0.5688,0.558
24mp_memory,0,no_delay_required,0.7265,0.663
24mp_memory,0,no_delay_required,0.8227,0.819
24mp_memory,0,no_delay_required,0.7198,0.673
24mp_memory,0,no_delay_required,0.6319,0.483
24mp_memory,0,no_delay_required,0.4544,0.255
24mp_memory,0,no_delay_required,0.3565,0.119
24mp_memory,0,no_delay_required,0.1276,-0.099
24mp_memory,0,no_delay_required,-0.0162,-0.242
24mp_memory,0,no_delay_required,0.035,-0.107
24mp_memory,0,no_delay_required,0.1648,0.059
24mp_memory,0,no_delay_required,0.3205,0.273
24mp_memory,0,no_delay_required,0.4615,0.416
24mp_memory,0,no_delay_required,0.3315,0.271
24mp_memory,0,no_delay_required,0.521,0.072
24mp_memory,0,no_delay_required,-0.1047,-0.397
24mp_memory,0,no_delay_required,-0.491,-0.328
24mp_memory,0,no_delay_required,-0.6637,-0.529
24mp_memory,0,no_delay_required,-0.5767,-0.479
24mp_memory,0,no_delay_required,-0.4164,-0.481
24mp_memory,0,no_delay_required,-0.3624,-0.286
24mp_memory,0,no_delay_required,-0.1945,-0.087
24mp_memory,0,no_delay_required,-0.0951,0.003
24mp_memory,0,no_delay_required,0.1861,0.187
24mp_memory,0,no_delay_required,0.3121,0.297
24mp_memory,0,no_delay_required,0.3881,0.315
24mp_memory,0,no_delay_required,0.4016,0.309
24mp_memory,0,no_delay_required,0.3909,0.255
24mp_memory,0,no_delay_required,0.3624,0.2
24mp_memory,0,no_delay_required,0.382,0.211
24mp_memory,0,no_delay_required,-0.0399,-0.205
24mp_memory,0,no_delay_required,0.2337,0.121
24mp_memory,0,no_delay_required,0.4786,0.345
24mp_memory,0,no_delay_required,0.788,0.034
24mp_memory,0,no_delay_required,0.1568,-0.219
24mp_memory,0,no_delay_required,-0.1594,-0.589
24mp_memory,0,no_delay_required,-0.7173,-0.423
24mp_memory,0,no_delay_required,-0.6653,-0.391
24mp_memory,0,no_delay_required,-0.4261,-0.248
24mp_memory,0,no_delay_required,-0.0749,-0.209
24mp_memory,0,no_delay_required,-0.0403,-0.189
24mp_memory,0,no_delay_required,0.0713,-0.039
24mp_memory,0,no_delay_required,0.0666,-0.04
24mp_memory,0,no_delay_required,0.1284,0.006
24mp_memory,0,no_delay_required,0.0862,0.034
24mp_memory,0,no_delay_required,0.3166,0.223
24mp_memory,0,no_delay_required,0.4013,0.298
24mp_memory,0,no_delay_required,0.8413,0.715
24mp_memory,0,no_delay_required,0.801,0.354
24mp_memory,0,no_delay_required,0.5682,0.146
24mp_memory,0,no_delay_required,0.476,0.094
24mp_memory,0,no_delay_required,0.52,0.187
24mp_memory,0,no_delay_required,0.3487,0.059
24mp_memory,0,no_delay_required,0.3179,0.001
24mp_memory,0,no_delay_required,0.4408,0.105
24mp_memory,0,no_delay_required,0.3487,0.332
24mp_memory,0,no_delay_required,0.5698,0.505
24mp_memory,0,no_delay_required,-0.056,-0.968
24mp_memory,0,no_delay_required,-0.2075,-1.134
24mp_memory,0,no_delay_required,-0.69,-1.06
24mp_memory,0,no_delay_required,-0.3271,-0.713
24mp_memory,0,no_delay_required,0.5218,1.009
24mp_memory,0,no_delay_required,1.1694,0.846
24mp_memory,0,no_delay_required,0.456,0.147
24mp_memory,0,no_delay_required,0.1746,0.091
24mp_memory,0,no_delay_required,0.3146,0.284
24mp_memory,0,no_delay_required,0.5818,0.211
24mp_memory,0,no_delay_required,0.3136,-0.025
24mp_memory,0,no_delay_required,-0.1063,-0.109
24mp_memory,0,no_delay_required,-0.104,-0.099
24mp_memory,0,no_delay_required,0.0189,0.031
24mp_memory,0,no_delay_required,-0.0173,-0.029
24mp_memory,0,no_delay_required,0.0371,0.025
24mp_memory,0,no_delay_required,0.0,0.0
24mp_memory,0,no_delay_required,0.003,-0.015
24mp_memory,0,no_delay_required,-0.0222,-0.023
24mp_memory,0,no_delay_required,0.0409,0.042
24mp_memory,0,no_delay_required,0.0,0.0
24mp_memory,0,no_delay_required,-0.0006,-0.006
24mp_memory,0,no_delay_required,1.419,0.399
24mp_memory,0,no_delay_required,0.4789,-0.204
24mp_memory,0,no_delay_required,-0.2915,0.027
24mp_memory,0,no_delay_required,-0.2322,0.056
24mp_memory,0,no_delay_required,-0.2558,-0.369
24mp_memory,0,no_delay_required,-0.2047,-0.307
24mp_memory,0,no_delay_required,-0.1626,-0.286
24mp_memory,0,no_delay_required,-0.1377,-0.269
24mp_memory,0,no_delay_required,-0.086,-0.641
24mp_memory,0,no_delay_required,-0.3831,-0.96
24mp_memory,0,no_delay_required,-0.7982,-0.185
24mp_memory,0,no_delay_required,0.2438,0.535
24mp_memory,0,no_delay_required,1.1207,1.397
24mp_memory,0,no_delay_required,2.131,1.937
24mp_memory,0,no_delay_required,1.243,0.68
24mp_memory,0,no_delay_required,0.7221,0.015
24mp_memory,0,no_delay_required,0.0256,-0.032
24mp_memory,0,no_delay_required,0.0794,0.06
24mp_memory,0,no_delay_required,0.0624,0.037
24mp_memory,0,no_delay_required,0.0349,0.033
24mp_memory,0,no_delay_required,-0.0231,-0.042
24mp_memory,0,no_delay_required,0.057,0.038
24mp_memory,0,no_delay_required,0.0911,0.074
24mp_memory,0,no_delay_required,-0.0198,-0.024
24mp_memory,0,no_delay_required,-0.0213,-0.027
24mp_memory,0,no_delay_required,0.0186,0.027
24mp_memory,0,no_delay_required,0.0174,0.009
24mp_memory,0,no_delay_required,-0.038,-0.04
24mp_memory,0,no_delay_required,-0.023,-0.024
24mp_memory,0,no_delay_required,-0.025,-0.019
24mp_memory,0,no_delay_required,0.0002,-0.002
24mp_memory,0,no_delay_required,0.0217,-0.007
24mp_memory,0,no_delay_required,-0.0314,-0.032
24mp_memory,0,no_delay_required,0.82,0.11
24mp_memory,0,no_delay_required,0.5734,-0.159
24mp_memory,0,no_delay_required,-0.3204,-0.191
24mp_memory,0,no_delay_required,0.3359,0.2
24mp_memory,0,no_delay_required,0.7986,0.913
24mp_memory,0,no_delay_required,1.2448,1.209
24mp_memory,0,no_delay_required,1.1699,0.646
24mp_memory,0,no_delay_required,0.636,0.102
24mp_memory,0,no_delay_required,0.2447,-0.327
24mp_memory,0,no_delay_required,-0.2002,-0.274
24mp_memory,0,no_delay_required,-0.3073,-0.408
24mp_memory,0,no_delay_required,-0.2504,-0.296
24mp_memory,0,no_delay_required,-0.1767,-0.261
24mp_memory,0,no_delay_required,-0.154,-0.264
24mp_memory,0,no_delay_required,-0.3013,-0.405
24mp_memory,0,no_delay_required,-0.1314,-0.2
24mp_memory,0,no_delay_required,-0.1179,-0.219
24mp_memory,0,no_delay_required,-0.2685,-0.405
24mp_memory,0,no_delay_required,0.0854,-0.1
24mp_memory,0,no_delay_required,0.716,0.563
24mp_memory,0,no_delay_required,1.0215,0.858
24mp_memory,0,no_delay_required,1.3792,1.199
24mp_memory,0,no_delay_required,1.7403,1.594
24mp_memory,0,no_delay_required,-3.93,-2.108
24mp_memory,0,no_delay_required,1.8546,1.239
24mp_memory,0,no_delay_required,1.3855,0.392
24mp_memory,0,no_delay_required,0.3411,-0.197
24mp_memory,0,no_delay_required,-0.1447,-0.165
24mp_memory,0,no_delay_required,-0.5213,-0.55
24mp_memory,0,no_delay_required,-0.4845,-0.534
24mp_memory,0,no_delay_required,-0.6207,-0.635
24mp_memory,0,no_delay_required,-0.2678,-0.273
24mp_memory,0,no_delay_required,-0.3432,-0.332
24mp_memory,0,no_delay_required,-0.3788,-0.456
24mp_memory,0,no_delay_required,-0.1703,-0.212
24mp_memory,0,no_delay_required,0.0109,-0.064
24mp_memory,0,no_delay_required,0.1255,0.02
24mp_memory,0,no_delay_required,0.1958,0.136
24mp_memory,0,no_delay_required,0.3134,0.209
24mp_memory,0,no_delay_required,0.3292,0.188
24mp_memory,0,no_delay_required,0.2875,0.128
24mp_memory,0,no_delay_required,0.2573,0.053
24mp_memory,0,no_delay_required,0.4018,0.219
24mp_memory,0,no_delay_required,0.4678,0.273
24mp_memory,0,no_delay_required,0.5314,0.336
24mp_memory,0,no_delay_required,0.6642,0.469
24mp_memory,0,no_delay_required,0.744,0.178
24mp_memory,0,no_delay_required,0.7898,0.185
24mp_memory,0,no_delay_required,0.5017,-0.06
24mp_memory,0,no_delay_required,0.9643,1.183
24mp_memory,0,no_delay_required,1.8237,1.769
24mp_memory,0,no_delay_required,0.5538,0.564
24mp_memory,0,no_delay_required,0.4238,-0.257
24mp_memory,0,no_delay_required,-0.0625,-0.097
24mp_memory,0,no_delay_required,0.155,0.176
24mp_memory,0,no_delay_required,-0.1876,-0.214
24mp_memory,0,no_delay_required,-0.2435,-0.312
24mp_memory,0,no_delay_required,-0.4388,-0.552
24mp_memory,0,no_delay_required,-0.2448,-0.326
24mp_memory,0,no_delay_required,-0.2342,-0.334
24mp_memory,0,no_delay_required,-0.194,-0.28
24mp_memory,0,no_delay_required,0.0187,-0.008
24mp_memory,0,no_delay_required,0.3104,0.21
24mp_memory,0,no_delay_required,0.4031,0.292
24mp_memory,0,no_delay_required,0.4599,0.33
24mp_memory,0,no_delay_required,0.3983,0.192
24mp_memory,0,no_delay_required,0.0264,-0.188
24mp_memory,0,no_delay_required,-0.3514,-0.554
24mp_memory,0,no_delay_required,-0.4601,-0.702
24mp_memory,0,no_delay_required,-0.4674,-0.649
24mp_memory,0,no_delay_required,-0.1882,-0.321
24mp_memory,0,no_delay_required,0.662,0.644
24mp_memory,0,no_delay_required,1.0747,1.025
24mp_memory,0,no_delay_required,0.5134,0.101
24mp_memory,0,no_delay_required,0.7997,0.306
24mp_memory,0,no_delay_required,1.1121,1.044
24mp_memory,0,no_delay_required,2.0558,1.718
24mp_memory,0,no_delay_required,1.2196,0.486
24mp_memory,0,no_delay_required,0.3263,-0.466
24mp_memory,0,no_delay_required,-0.1469,-0.15
24mp_memory,0,no_delay_required,0.072,0.061
24mp_memory,0,no_delay_required,-0.0183,-0.049
24mp_memory,0,no_delay_required,0.0743,0.031
24mp_memory,0,no_delay_required,0.0819,0.044
24mp_memory,0,no_delay_required,0.0755,0.009
24mp_memory,0,no_delay_required,-0.0024,-0.017
24mp_memory,0,no_delay_required,-0.0103,-0.01
24mp_memory,0,no_delay_required,-0.0364,-0.035
24mp_memory,0,no_delay_required,-0.0829,-0.066
24mp_memory,0,no_delay_required,-0.1515,-0.144
24mp_memory,0,no_delay_required,0.0346,0.047
24mp_memory,0,no_delay_required,0.0226,0.017
24mp_memory,0,no_delay_required,0.0495,0.048
24mp_memory,0,no_delay_required,0.0519,0.037
24mp_memory,0,no_delay_required,0.1529,0.152
24mp_memory,0,no_delay_required,0.786,0.185
24mp_memory,0,no_delay_required,0.2242,-0.158
24mp_memory,0,no_delay_required,-0.1982,-0.022
24mp_memory,0,no_delay_required,0.0262,0.01
24mp_memory,0,no_delay_required,0.0638,0.028
24mp_memory,0,no_delay_required,0.0908,0.076
24mp_memory,0,no_delay_required,0.1054,0.06
24mp_memory,0,no_delay_required,0.037,-0.026
24mp_memory,0,no_delay_required,-0.1519,-0.241
24mp_memory,0,no_delay_required,-0.3228,-0.45
24mp_memory,0,no_delay_required,-0.496,-0.576
24mp_memory,0,no_delay_required,-0.6691,-0.715
24mp_memory,0,no_delay_required,-0.7453,-0.812
24mp_memory,0,no_delay_required,-0.6701,-0.697
24mp_memory,0,no_delay_required,-0.6381,-0.615
24mp_memory,0,no_delay_required,-0.6319,-0.619
24mp_memory,0,no_delay_required,-0.6677,-0.665
24mp_memory,0,no_delay_required,-0.4797,-0.452
24mp_memory,0,no_delay_required,-0.4018,-0.37
24mp_memory,0,no_delay_required,-0.2633,-0.24
24mp_memory,0,no_delay_required,-0.0627,-0.061
24mp_memory,0,no_delay_required,0.193,0.152
24mp_memory,0,no_delay_required,0.3324,0.283
24mp_memory,0,no_delay_required,0.3115,0.273
24mp_memory,0,no_delay_required,0.02,-0.712
24mp_memory,0,no_delay_required,-0.209,-1.011
24mp_memory,0,no_delay_required,-0.189,0.054
24mp_memory,0,no_delay_required,0.4515,0.663
24mp_memory,0,no_delay_required,0.695,0.945
24mp_memory,0,no_delay_required,0.7706,0.982
24mp_memory,0,no_delay_required,1.0828,0.257
24mp_memory,0,no_delay_required,0.3166,-0.487
24mp_memory,0,no_delay_required,0.1726,-0.648
24mp_memory,0,no_delay_required,-0.3279,-0.45
24mp_memory,0,no_delay_required,-0.13,-0.159
24mp_memory,0,no_delay_required,0.0186,-0.112
24mp_memory,0,no_delay_required,-0.437,-0.64
24mp_memory,0,no_delay_required,-0.0858,-0.346
24mp_memory,0,no_delay_required,0.2591,0.047
24mp_memory,0,no_delay_required,0.725,0.545
24mp_memory,0,no_delay_required,1.2336,1.164
24mp_memory,0,no_delay_required,2.0174,1.718
24mp_memory,0,no_delay_required,1.8543,1.593
24mp_memory,0,no_delay_required,1.074,0.361
24mp_memory,0,no_delay_required,0.3808,-0.156
24mp_memory,0,no_delay_required,-0.1269,-0.004
24mp_memory,0,no_delay_required,-0.0432,-0.059
24mp_memory,0,no_delay_required,-0.0802,-0.113
24mp_memory,0,no_delay_required,-0.0922,-0.14
24mp_memory,0,no_delay_required,-0.1687,-0.179
24mp_memory,0,no_delay_required,-0.2618,-0.254
24mp_memory,0,no_delay_required,-0.3389,-0.351
24mp_memory,0,no_delay_required,-0.4711,-0.493
24mp_memory,0,no_delay_required,-0.4183,-0.434
24mp_memory,0,no_delay_required,-0.4575,-0.466
24mp_memory,0,no_delay_required,-0.4326,-0.406
24mp_memory,0,no_delay_required,-0.5017,-0.517
24mp_memory,0,no_delay_required,-0.4615,-0.456
24mp_memory,0,no_delay_required,-0.425,-0.473
24mp_memory,0,no_delay_required,-0.523,-0.58
24mp_memory,0,no_delay_required,-0.4219,-0.482
24mp_memory,0,no_delay_required,-0.1579,-0.213
24mp_memory,0,no_delay_required,0.0653,0.021
24mp_memory,0,no_delay_required,0.2278,0.176
24mp_memory,0,no_delay_required,0.4895,0.435
24mp_memory,0,no_delay_required,0.5751,0.52
24mp_memory,0,no_delay_required,0.5174,0.448
24mp_memory,0,no_delay_required,0.4538,0.432
24mp_memory,0,no_delay_required,1.084,-0.06
24mp_memory,0,no_delay_required,0.0221,-0.73
24mp_memory,0,no_delay_required,0.2569,-0.524
24mp_memory,0,no_delay_required,0.7127,-0.087
24mp_memory,0,no_delay_required,0.6316,1.32
24mp_memory,0,no_delay_required,1.7114,1.656
24mp_memory,0,no_delay_required,1.3419,0.856
24mp_memory,0,no_delay_required,0.9074,0.137
24mp_memory,0,no_delay_required,0.0136,-0.477
24mp_memory,0,no_delay_required,-0.3624,-0.888
24mp_memory,0,no_delay_required,-0.5785,-0.631
24mp_memory,0,no_delay_required,-0.6352,-0.727
24mp_memory,0,no_delay_required,-0.5612,-0.663
24mp_memory,0,no_delay_required,0.3987,0.376
24mp_memory,0,no_delay_required,0.629,0.559
24mp_memory,0,no_delay_required,0.978,0.895
24mp_memory,0,no_delay_required,1.2816,1.159
24mp_memory,0,no_delay_required,1.4971,1.334
24mp_memory,0,no_delay_required,1.3596,0.889
24mp_memory,0,no_delay_required,1.1131,0.66
24mp_memory,0,no_delay_required,0.9271,0.729
24mp_memory,0,no_delay_required,0.8736,0.445
24mp_memory,0,no_delay_required,0.8208,0.414
24mp_memory,0,no_delay_required,0.7902,0.701
24mp_memory,0,no_delay_required,0.8191,0.716
24mp_memory,0,no_delay_required,-1.111,0.469
24mp_memory,0,no_delay_required,-0.264,1.296
24mp_memory,0,no_delay_required,0.408,1.953
24mp_memory,0,no_delay_required,1.686,0.47
24mp_memory,0,no_delay_required,0.5227,-0.438
24mp_memory,0,no_delay_required,0.3819,-0.617
24mp_memory,0,no_delay_required,-0.1698,-0.81
24mp_memory,0,no_delay_required,0.1771,-0.472
24mp_memory,0,no_delay_required,0.4029,0.906
24mp_memory,0,no_delay_required,0.734,0.785
24mp_memory,0,no_delay_required,0.61,0.155
24mp_memory,0,no_delay_required,0.2786,-0.01
24mp_memory,0,no_delay_required,0.012,0.051
24mp_memory,0,no_delay_required,0.1054,0.178
24mp_memory,0,no_delay_required,0.2024,0.079
24mp_memory,0,no_delay_required,0.0953,-0.04
24mp_memory,0,no_delay_required,-0.0741,-0.105
24mp_memory,0,no_delay_required,-0.1397,-0.182
24mp_memory,0,no_delay_required,-0.2395,-0.243
24mp_memory,0,no_delay_required,-0.2875,-0.321
24mp_memory,0,no_delay_required,-0.3665,-0.417
24mp_memory,0,no_delay_required,-0.4054,-0.422
24mp_memory,0,no_delay_required,-0.2421,-0.27
24mp_memory,0,no_delay_required,-0.2418,-0.26
24mp_memory,0,no_delay_required,-0.2816,-0.317
24mp_memory,0,no_delay_required,-0.2474,-0.281
24mp_memory,0,no_delay_required,-0.2453,-0.266
24mp_memory,0,no_delay_required,-0.316,-0.362
24mp_memory,0,no_delay_required,-0.3792,-0.41
24mp_memory,0,no_delay_required,-0.2434,-0.296
24mp_memory,0,no_delay_required,-0.0499,-0.093
24mp_memory,0,no_delay_required,0.2245,0.174
24mp_memory,0,no_delay_required,0.3923,0.321
24mp_memory,0,no_delay_required,0.572,0.507
24mp_memory,0,no_delay_required,0.5117,0.467
24mp_memory,0,no_delay_required,0.4445,0.376
24mp_memory,0,no_delay_required,0.15,-0.258
24mp_memory,0,no_delay_required,-0.0127,-0.444
24mp_memory,0,no_delay_required,-0.3104,-0.081
24mp_memory,0,no_delay_required,-0.0991,0.088
24mp_memory,0,no_delay_required,0.0835,-0.039
24mp_memory,0,no_delay_required,-0.0042,-0.138
24mp_memory,0,no_delay_required,-0.0864,-0.122
24mp_memory,0,no_delay_required,-0.1153,-0.156
24mp_memory,0,no_delay_required,-0.1025,-0.155
24mp_memory,0,no_delay_required,-0.0429,-0.09
24mp_memory,0,no_delay_required,0.0312,-0.011
24mp_memory,0,no_delay_required,0.1097,0.091
24mp_memory,0,no_delay_required,0.0101,-0.015
24mp_memory,0,no_delay_required,0.1137,0.077
24mp_memory,0,no_delay_required,0.1345,0.076
24mp_memory,0,no_delay_required,0.1539,0.073
24mp_memory,0,no_delay_required,0.1278,0.021
24mp_memory,0,no_delay_required,0.0813,-0.036
24mp_memory,0,no_delay_required,0.1896,0.061
24mp_memory,0,no_delay_required,0.2546,0.132
24mp_memory,0,no_delay_required,0.3063,0.13
24mp_memory,0,no_delay_required,0.4229,0.223
24mp_memory,0,no_delay_required,0.6269,0.488
24mp_memory,0,no_delay_required,0.8128,0.689
24mp_memory,0,no_delay_required,1.0113,0.909
24mp_memory,0,no_delay_required,1.2158,1.087
24mp_memory,0,no_delay_required,1.234,1.104
24mp_memory,0,no_delay_required,0.222,-0.178
24mp_memory,0,no_delay_required,0.0699,-0.338
24mp_memory,0,no_delay_required,-0.3162,-0.149
24mp_memory,0,no_delay_required,-0.3343,-0.181
24mp_memory,0,no_delay_required,-0.2873,-0.314
24mp_memory,0,no_delay_required,-0.2461,-0.21
24mp_memory,0,no_delay_required,-0.3314,-0.333
24mp_memory,0,no_delay_required,-0.2086,-0.208
24mp_memory,0,no_delay_required,-0.1343,-0.147
24mp_memory,0,no_delay_required,0.026,0.01
24mp_memory,0,no_delay_required,0.0472,-0.062
24mp_memory,0,no_delay_required,0.016,0.024
24mp_memory,0,no_delay_required,-0.101,-0.133
24mp_memory,0,no_delay_required,-0.16,-0.244
24mp_memory,0,no_delay_required,-0.1561,-0.258
24mp_memory,0,no_delay_required,-0.0739,-0.19
24mp_memory,0,no_delay_required,0.0524,-0.043
24mp_memory,0,no_delay_required,0.0503,-0.065
24mp_memory,0,no_delay_required,0.1494,0.043
24mp_memory,0,no_delay_required,0.0404,-0.085
24mp_memory,0,no_delay_required,0.2096,0.109
24mp_memory,0,no_delay_required,0.3852,0.323
24mp_memory,0,no_delay_required,0.4719,0.407
24mp_memory,0,no_delay_required,0.5724,0.485
24mp_memory,0,no_delay_required,0.7788,0.679
24mp_memory,0,no_delay_required,0.8825,0.797
24mp_memory,0,no_delay_required,0.8713,0.769
24mp_memory,0,no_delay_required,0.291,-0.136
24mp_memory,0,no_delay_required,-0.1969,-0.067
24mp_memory,0,no_delay_required,-0.248,-0.127
24mp_memory,0,no_delay_required,-0.1062,-0.057
24mp_memory,0,no_delay_required,-0.0109,0.014
24mp_memory,0,no_delay_required,0.024,0.035
24mp_memory,0,no_delay_required,0.071,0.024
24mp_memory,0,no_delay_required,0.0736,0.052
24mp_memory,0,no_delay_required,0.1041,0.072
24mp_memory,0,no_delay_required,0.1659,0.109
24mp_memory,0,no_delay_required,0.1958,0.129
24mp_memory,0,no_delay_required,0.2027,0.145
24mp_memory,0,no_delay_required,0.1728,0.119
24mp_memory,0,no_delay_required,0.126,0.127
24mp_memory,0,no_delay_required,0.002,-0.102
24mp_memory,0,no_delay_required,-0.1215,-0.233
24mp_memory,0,no_delay_required,-0.352,-0.46
24mp_memory,0,no_delay_required,-0.516,-0.608
24mp_memory,0,no_delay_required,-0.5713,-0.677
24mp_memory,0,no_delay_required,-0.5777,-0.679
24mp_memory,0,no_delay_required,-0.4602,-0.485
24mp_memory,0,no_delay_required,-0.4512,-0.485
24mp_memory,0,no_delay_required,-0.2796,-0.28
24mp_memory,0,no_delay_required,-0.2742,-0.253
24mp_memory,0,no_delay_required,-0.4073,-0.404
24mp_memory,0,no_delay_required,-0.4618,-0.468
24mp_memory,0,no_delay_required,0.426,-0.269
24mp_memory,0,no_delay_required,-0.3263,-0.047
24mp_memory,0,no_delay_required,-0.0572,-0.125
24mp_memory,0,no_delay_required,-0.1415,-0.106
24mp_memory,0,no_delay_required,-0.0949,-0.087
24mp_memory,0,no_delay_required,-0.0979,-0.084
24mp_memory,0,no_delay_required,-0.1099,-0.09
24mp_memory,0,no_delay_required,0.032,0.046
24mp_memory,0,no_delay_required,0.1283,0.133
24mp_memory,0,no_delay_required,0.2482,0.241
24mp_memory,0,no_delay_required,0.2267,0.191
24mp_memory,0,no_delay_required,0.2321,0.19
24mp_memory,0,no_delay_required,0.1828,0.128
24mp_memory,0,no_delay_required,0.0818,0.017
24mp_memory,0,no_delay_required,-0.0488,-0.119
24mp_memory,0,no_delay_required,-0.1162,-0.169
24mp_memory,0,no_delay_required,-0.0322,-0.162
24mp_memory,0,no_delay_required,-0.0009,-0.039
24mp_memory,0,no_delay_required,0.071,0.066
24mp_memory,0,no_delay_required,0.1395,0.133
24mp_memory,0,no_delay_required,0.1291,0.116
24mp_memory,0,no_delay_required,-0.0357,-0.068
24mp_memory,0,no_delay_required,-0.0318,-0.09
24mp_memory,0,no_delay_required,-0.0397,-0.101
24mp_memory,0,no_delay_required,-0.024,-0.093
24mp_memory,0,no_delay_required,0.0231,-0.054
24mp_memory,0,no_delay_required,0.438,-0.359
24mp_memory,0,no_delay_required,0.1313,-0.686
24mp_memory,0,no_delay_required,-0.6194,-0.27
24mp_memory,0,no_delay_required,-0.2682,0.101
24mp_memory,0,no_delay_required,-0.1984,0.149
24mp_memory,0,no_delay_required,0.1501,0.051
24mp_memory,0,no_delay_required,0.0559,-0.053
24mp_memory,0,no_delay_required,-0.8248,-0.966
24mp_memory,0,no_delay_required,-1.523,-1.688
24mp_memory,0,no_delay_required,-1.655,-1.735
24mp_memory,0,no_delay_required,-1.5703,-1.59
24mp_memory,0,no_delay_required,-1.5507,-1.593
24mp_memory,0,no_delay_required,-0.9673,-0.873
24mp_memory,0,no_delay_required,-0.6544,-0.584
24mp_memory,0,no_delay_required,0.2466,0.447
24mp_memory,0,no_delay_required,0.6584,0.436
24mp_memory,0,no_delay_required,0.6847,0.53
24mp_memory,0,no_delay_required,0.7237,0.535
24mp_memory,0,no_delay_required,0.6522,0.111
24mp_memory,0,no_delay_required,0.3231,-0.315
24mp_memory,0,no_delay_required,-0.0079,-0.244
24mp_memory,0,no_delay_required,-0.0331,-0.3
24mp_memory,0,no_delay_required,-0.1145,-0.347
24mp_memory,0,no_delay_required,0.0453,0.023
24mp_memory,0,no_delay_required,0.3515,0.326
24mp_memory,0,no_delay_required,0.4417,0.397
24mp_memory,0,no_delay_required,0.608,0.226
24mp_memory,0,no_delay_required,0.3215,0.007
24mp_memory,0,no_delay_required,0.0384,0.061
24mp_memory,0,no_delay_required,0.0241,-0.111
24mp_memory,0,no_delay_required,-0.1571,-0.303
24mp_memory,0,no_delay_required,-0.281,-0.362
24mp_memory,0,no_delay_required,-0.3536,-0.309
24mp_memory,0,no_delay_required,-0.3464,-0.311
24mp_memory,0,no_delay_required,-0.2251,-0.108
24mp_memory,0,no_delay_required,-0.1094,-0.071
24mp_memory,0,no_delay_required,-0.0643,-0.082
24mp_memory,0,no_delay_required,-0.1638,-0.198
24mp_memory,0,no_delay_required,-0.2782,-0.322
24mp_memory,0,no_delay_required,-0.3197,-0.436
24mp_memory,0,no_delay_required,-0.3951,-0.447
24mp_memory,0,no_delay_required,-0.3642,-0.407
24mp_memory,0,no_delay_required,-0.4828,-0.539
24mp_memory,0,no_delay_required,-0.4011,-0.449
24mp_memory,0,no_delay_required,-0.2666,-0.292
24mp_memory,0,no_delay_required,-0.1718,-0.205
24mp_memory,0,no_delay_required,0.0304,-0.007
24mp_memory,0,no_delay_required,0.1896,0.151
24mp_memory,0,no_delay_required,0.276,0.215
24mp_memory,0,no_delay_required,0.2874,0.215
24mp_memory,0,no_delay_required,0.3643,0.302
24mp_memory,0,no_delay_required,0.3765,0.304
24mp_memory,0,no_delay_required,0.397,-0.173
24mp_memory,0,no_delay_required,-0.2098,-0.029
24mp_memory,0,no_delay_required,-0.079,-0.065
24mp_memory,0,no_delay_required,-0.1761,-0.173
24mp_memory,0,no_delay_required,-0.1111,-0.118
24mp_memory,0,no_delay_required,-0.107,-0.128
24mp_memory,0,no_delay_required,0.0641,0.08
24mp_memory,0,no_delay_required,0.0323,0.012
24mp_memory,0,no_delay_required,-0.1019,-0.141
24mp_memory,0,no_delay_required,-0.1841,-0.235
24mp_memory,0,no_delay_required,-0.2551,-0.358
24mp_memory,0,no_delay_required,-0.3657,-0.429
24mp_memory,0,no_delay_required,-0.4368,-0.521
24mp_memory,0,no_delay_required,-0.3339,-0.362
24mp_memory,0,no_delay_required,-0.3699,-0.385
24mp_memory,0,no_delay_required,-0.3514,-0.379
24mp_memory,0,no_delay_required,-0.316,-0.337
24mp_memory,0,no_delay_required,-0.2932,-0.33
24mp_memory,0,no_delay_required,-0.1579,-0.178
24mp_memory,0,no_delay_required,0.0829,0.078
24mp_memory,0,no_delay_required,0.1918,0.131
24mp_memory,0,no_delay_required,0.3789,0.31
24mp_memory,0,no_delay_required,0.6251,0.589
24mp_memory,0,no_delay_required,0.5534,0.449
24mp_memory,0,no_delay_required,0.3821,0.263
24mp_memory,0,no_delay_required,0.5317,0.407
24mp_memory,0,no_delay_required,1.645,0.149
24mp_memory,0,no_delay_required,0.5178,-0.503
24mp_memory,0,no_delay_required,1.1304,0.092
24mp_memory,0,no_delay_required,1.7289,0.639
24mp_memory,0,no_delay_required,1.3575,2.412
24mp_memory,0,no_delay_required,1.1909,0.52
24mp_memory,0,no_delay_required,0.7083,0.326
24mp_memory,0,no_delay_required,0.4654,-0.716
24mp_memory,0,no_delay_required,-0.5349,-0.459
24mp_memory,0,no_delay_required,-0.5108,-0.474
24mp_memory,0,no_delay_required,-0.3518,-0.325
24mp_memory,0,no_delay_required,-0.0753,-0.087
24mp_memory,0,no_delay_required,-0.3744,-0.439
24mp_memory,0,no_delay_required,-0.0053,-0.123
24mp_memory,0,no_delay_required,0.2475,0.089
24mp_memory,0,no_delay_required,0.5633,0.388
24mp_memory,0,no_delay_required,0.8962,0.698
24mp_memory,0,no_delay_required,1.2803,1.142
24mp_memory,0,no_delay_required,1.7636,1.742
24mp_memory,0,no_delay_required,1.4093,1.078
24mp_memory,0,no_delay_required,0.4239,0.048
24mp_memory,0,no_delay_required,0.281,-0.161
24mp_memory,0,no_delay_required,-0.1303,-0.417
24mp_memory,0,no_delay_required,-0.0817,-0.68
24mp_memory,0,no_delay_required,-0.5454,-0.757
24mp_memory,0,no_delay_required,1.019,-0.612
24mp_memory,0,no_delay_required,0.0365,0.651
24mp_memory,0,no_delay_required,0.4288,-0.253
24mp_memory,0,no_delay_required,-0.1135,0.045
24mp_memory,0,no_delay_required,0.1721,0.146
24mp_memory,0,no_delay_required,0.0394,-0.053
24mp_memory,0,no_delay_required,0.0486,-0.001
24mp_memory,0,no_delay_required,-0.2378,-0.216
24mp_memory,0,no_delay_required,-0.0326,0.048
24mp_memory,0,no_delay_required,-0.19,-0.245
24mp_memory,0,no_delay_required,-0.3446,-0.22
24mp_memory,0,no_delay_required,0.1089,0.136
24mp_memory,0,no_delay_required,0.1274,0.045
24mp_memory,0,no_delay_required,-0.0685,-0.106
24mp_memory,0,no_delay_required,0.0114,0.008
24mp_memory,0,no_delay_required,-0.0556,-0.065
24mp_memory,0,no_delay_required,-0.2465,-0.372
24mp_memory,0,no_delay_required,-0.2491,-0.266
24mp_memory,0,no_delay_required,-0.0605,-0.049
24mp_memory,0,no_delay_required,0.0328,0.028
24mp_memory,0,no_delay_required,-0.156,-0.162
24mp_memory,0,no_delay_required,-0.0332,-0.022
24mp_memory,0,no_delay_required,-0.0409,-0.038
24mp_memory,0,no_delay_required,-0.0737,-0.162
24mp_memory,0,no_delay_required,0.0923,-0.035
24mp_memory,0,no_delay_required,-0.0218,-0.022
24mp_memory,0,no_delay_required,0.0914,0.093
24mp_memory,0,no_delay_required,0.932,-0.373
24mp_memory,0,no_delay_required,-0.5575,-0.162
24mp_memory,0,no_delay_required,-0.14,0.232
24mp_memory,0,no_delay_required,0.9139,1.083
24mp_memory,0,no_delay_required,0.9264,0.39
24mp_memory,0,no_delay_required,0.4772,-0.199
24mp_memory,0,no_delay_required,0.5483,-0.162
24mp_memory,0,no_delay_required,0.0215,0.066
24mp_memory,0,no_delay_required,-0.1394,-0.315
24mp_memory,0,no_delay_required,-0.1695,-0.367
24mp_memory,0,no_delay_required,-0.2236,-0.309
24mp_memory,0,no_delay_required,-0.2954,-0.314
24mp_memory,0,no_delay_required,-0.2191,-0.239
24mp_memory,0,no_delay_required,-0.4537,-0.562
24mp_memory,0,no_delay_required,-0.254,-0.336
24mp_memory,0,no_delay_required,-0.5448,-0.56
24mp_memory,0,no_delay_required,-0.1726,-0.27
24mp_memory,0,no_delay_required,0.4177,0.401
24mp_memory,0,no_delay_required,0.4316,0.375
24mp_memory,0,no_delay_required,0.5354,0.14
24mp_memory,0,no_delay_required,0.4362,0.023
24mp_memory,0,no_delay_required,0.5055,0.121
24mp_memory,0,no_delay_required,0.0566,0.054
24mp_memory,0,no_delay_required,-0.1389,-0.193
24mp_memory,0,no_delay_required,-0.1591,-0.18
24mp_memory,0,no_delay_required,0.0679,0.075
24mp_memory,0,no_delay_required,0.39,0.558
24mp_memory,0,no_delay_required,1.3084,0.975
24mp_memory,0,no_delay_required,1.9738,1.456
24mp_memory,0,no_delay_required,-0.1094,-0.086
24mp_memory,0,no_delay_required,0.0966,0.106
24mp_memory,0,no_delay_required,0.0785,0.048
24mp_memory,0,no_delay_required,0.1109,0.105
24mp_memory,0,no_delay_required,0.1244,0.104
24mp_memory,0,no_delay_required,-0.0984,-0.113
24mp_memory,0,no_delay_required,0.0528,0.067
24mp_memory,0,no_delay_required,-0.1263,-0.137
24mp_memory,0,no_delay_required,-0.1641,-0.154
24mp_memory,0,no_delay_required,-0.0755,-0.067
24mp_memory,0,no_delay_required,-0.0287,-0.027
24mp_memory,0,no_delay_required,-0.0053,0.016
24mp_memory,0,no_delay_required,0.1299,0.11
24mp_memory,0,no_delay_required,-0.0307,-0.071
24mp_memory,0,no_delay_required,0.0104,0.05
24mp_memory,0,no_delay_required,-0.0766,-0.045
24mp_memory,0,no_delay_required,-0.2337,-0.218
24mp_memory,0,no_delay_required,-0.2191,-0.249
24mp_memory,0,no_delay_required,-0.1806,0.097
24mp_memory,0,no_delay_required,0.4727,0.37
24mp_memory,0,no_delay_required,0.1625,0.045
24mp_memory,0,no_delay_required,0.2445,0.168
24mp_memory,0,no_delay_required,0.5762,1.194
24mp_memory,0,no_delay_required,-0.0266,-0.078
24mp_memory,0,no_delay_required,-0.4396,-0.41
24mp_memory,0,no_delay_required,-0.7648,-0.818
24mp_memory,0,no_delay_required,-0.4863,-0.474
24mp_memory,0,no_delay_required,-0.1338,-0.167
24mp_memory,0,no_delay_required,0.2189,0.117
24mp_memory,0,no_delay_required,0.0328,-0.036
24mp_memory,0,no_delay_required,-0.2268,-0.289
24mp_memory,0,no_delay_required,-0.0731,-0.143
24mp_memory,0,no_delay_required,0.1293,-0.04
24mp_memory,0,no_delay_required,0.0842,0.018
24mp_memory,0,no_delay_required,0.3313,0.237
24mp_memory,0,no_delay_required,-0.5712,-0.548
24mp_memory,0,no_delay_required,-0.5084,-0.58
24mp_memory,0,no_delay_required,-0.0633,-0.024
24mp_memory,0,no_delay_required,-0.1395,-0.085
24mp_memory,0,no_delay_required,0.1141,0.066
24mp_memory,0,no_delay_required,0.1235,0.12
24mp_memory,0,no_delay_required,0.3229,0.207
24mp_memory,0,no_delay_required,0.3438,0.238
24mp_memory,0,no_delay_required,-0.0167,-0.045
24mp_memory,0,no_delay_required,0.1201,0.121
24mp_memory,0,no_delay_required,0.0955,0.046
24mp_memory,0,no_delay_required,0.0064,-0.017
24mp_memory,0,no_delay_required,0.0282,-0.022
24mp_memory,0,no_delay_required,-0.5078,-0.513
24mp_memory,0,no_delay_required,-0.6206,-0.683
24mp_memory,0,no_delay_required,-0.2735,-0.283
24mp_memory,0,no_delay_required,-0.191,-0.178
24mp_memory,0,no_delay_required,-0.0409,-0.049
24mp_memory,0,no_delay_required,0.088,0.031
24mp_memory,0,no_delay_required,0.1209,0.071
24mp_memory,0,no_delay_required,0.2387,0.231
24mp_memory,0,no_delay_required,0.541,-0.335
24mp_memory,0,no_delay_required,1.6687,0.733
24mp_memory,0,no_delay_required,-0.2106,-0.502
24mp_memory,0,no_delay_required,-0.3742,-0.364
24mp_memory,0,no_delay_required,-0.1228,-0.033
24mp_memory,0,no_delay_required,0.1015,0.104
24mp_memory,0,no_delay_required,0.01,-0.055
24mp_memory,0,no_delay_required,-0.0507,0.005
24mp_memory,0,no_delay_required,0.0811,0.076
24mp_memory,0,no_delay_required,0.1711,0.113
24mp_memory,0,no_delay_required,-0.0676,-0.085
24mp_memory,0,no_delay_required,-0.1457,-0.19
24mp_memory,0,no_delay_required,-0.1312,-0.137
24mp_memory,0,no_delay_required,-0.0084,-0.002
24mp_memory,0,no_delay_required,-0.0652,-0.067
24mp_memory,0,no_delay_required,-0.0571,-0.012
24mp_memory,0,no_delay_required,0.2458,0.249
24mp_memory,0,no_delay_required,-0.0376,-0.077
24mp_memory,0,no_delay_required,0.0,0.005
24mp_memory,0,no_delay_required,0.0,0.0
24mp_memory,0,no_delay_required,0.0486,0.051
24mp_memory,0,no_delay_required,-0.1195,-0.129
24mp_memory,0,no_delay_required,-0.0409,-0.037
24mp_memory,0,no_delay_required,1.294,0.602
24mp_memory,0,no_delay_required,-0.2407,-0.239
24mp_memory,0,no_delay_required,-0.1744,-0.135
24mp_memory,0,no_delay_required,0.0804,0.005
24mp_memory,0,no_delay_required,-0.3169,-0.218
24mp_memory,0,no_delay_required,-0.0125,0.038
24mp_memory,0,no_delay_required,0.0732,0.093
24mp_memory,0,no_delay_required,0.0382,0.006
24mp_memory,0,no_delay_required,0.1101,0.138
24mp_memory,0,no_delay_required,0.3815,0.281
24mp_memory,0,no_delay_required,-0.0318,-0.116
24mp_memory,0,no_delay_required,-0.3234,-0.299
24mp_memory,0,no_delay_required,-0.3907,-0.749
24mp_memory,0,no_delay_required,-0.6984,-0.664
24mp_memory,0,no_delay_required,-0.3903,-0.322
24mp_memory,0,no_delay_required,-0.1415,-0.078
24mp_memory,0,no_delay_required,-0.226,-0.21
24mp_memory,0,no_delay_required,-0.3239,-0.379
24mp_memory,0,no_delay_required,-0.1929,-0.115
24mp_memory,0,no_delay_required,0.0895,0.122
24mp_memory,0,no_delay_required,0.2667,0.191
24mp_memory,0,no_delay_required,0.1272,-0.025
24mp_memory,0,no_delay_required,0.1323,0.043
24mp_memory,0,no_delay_required,-0.0432,-0.041
24mp_memory,0,no_delay_required,0.1457,0.18
24mp_memory,0,no_delay_required,0.483,-0.205
24mp_memory,0,no_delay_required,-0.398,-0.648
24mp_memory,0,no_delay_required,-0.5959,-0.861
24mp_memory,0,no_delay_required,-1.1589,-0.894
24mp_memory,0,no_delay_required,-1.0044,-0.882
24mp_memory,0,no_delay_required,-0.8498,-0.735
24mp_memory,0,no_delay_required,-0.7276,-0.712
24mp_memory,0,no_delay_required,0.1916,0.095
24mp_memory,0,no_delay_required,0.685,0.415
24mp_memory,0,no_delay_required,0.6374,0.266
24mp_memory,0,no_delay_required,0.3392,0.464
24mp_memory,0,no_delay_required,0.74,-0.399
24mp_memory,0,no_delay_required,-0.1716,-0.172
24mp_memory,0,no_delay_required,-0.2498,-0.204
24mp_memory,0,no_delay_required,0.0482,0.075
24mp_memory,0,no_delay_required,-0.3072,-0.338
24mp_memory,0,no_delay_required,-0.2451,-0.183
24mp_memory,0,no_delay_required,-0.0035,0.013
24mp_memory,0,no_delay_required,-0.1504,-0.153
24mp_memory,0,no_delay_required,-0.2898,-0.243
24mp_memory,0,no_delay_required,-0.3994,-0.395
24mp_memory,0,no_delay_required,-0.2061,-0.206
24mp_memory,0,no_delay_required,-0.2057,-0.188
24mp_memory,0,no_delay_required,-0.0442,-0.035
24mp_memory,0,no_delay_required,0.0797,0.068
24mp_memory,0,no_delay_required,0.3449,0.278
24mp_memory,0,no_delay_required,0.1692,0.07
24mp_memory,0,no_delay_required,-0.1984,-0.358
24mp_memory,0,no_delay_required,-0.0782,-0.143
24mp_memory,0,no_delay_required,0.0554,0.027
24mp_memory,0,no_delay_required,-0.0134,-0.002
24mp_memory,0,no_delay_required,0.0255,-0.103
24mp_memory,0,no_delay_required,0.0105,-0.038
24mp_memory,0,no_delay_required,-0.0892,-0.148
24mp_memory,0,no_delay_required,-0.165,-0.286
24mp_memory,0,no_delay_required,0.447,-0.305
24mp_memory,0,no_delay_required,0.2214,-0.545
24mp_memory,0,no_delay_required,-0.4902,-0.193
24mp_memory,0,no_delay_required,-0.1695,0.09
24mp_memory,0,no_delay_required,0.0815,0.023
24mp_memory,0,no_delay_required,0.0993,0.048
24mp_memory,0,no_delay_required,0.1251,0.058
24mp_memory,0,no_delay_required,0.1675,0.141
24mp_memory,0,no_delay_required,0.0694,0.058
24mp_memory,0,no_delay_required,0.1174,0.094
24mp_memory,0,no_delay_required,0.1383,0.07
24mp_memory,0,no_delay_required,0.1598,0.08
24mp_memory,0,no_delay_required,0.1585,0.119
24mp_memory,0,no_delay_required,0.071,0.013
24mp_memory,0,no_delay_required,-0.0655,-0.143
24mp_memory,0,no_delay_required,-0.1846,-0.259
24mp_memory,0,no_delay_required,-0.4355,-0.527
24mp_memory,0,no_delay_required,-0.5414,-0.642
24mp_memory,0,no_delay_required,-0.6328,-0.696
24mp_memory,0,no_delay_required,-0.8045,-0.884
24mp_memory,0,no_delay_required,-0.6276,-0.683
24mp_memory,0,no_delay_required,-0.4699,-0.498
24mp_memory,0,no_delay_required,-0.4339,-0.471
24mp_memory,0,no_delay_required,-0.2025,-0.227
24mp_memory,0,no_delay_required,-0.3694,-0.401
24mp_memory,0,no_delay_required,-0.4368,-0.42
24mp_memory,0,no_delay_required,0.475,-0.324
24mp_memory,0,no_delay_required,-1.2571,-1.869
24mp_memory,0,no_delay_required,-1.4237,-2.066
24mp_memory,0,no_delay_required,-1.2743,-0.304
24mp_memory,0,no_delay_required,-0.6889,0.257
24mp_memory,0,no_delay_required,0.9656,1.951
24mp_memory,0,no_delay_required,1.9742,1.197
24mp_memory,0,no_delay_required,1.251,0.512
24mp_memory,0,no_delay_required,1.1957,0.435
24mp_memory,0,no_delay_required,-1.1001,-1.159
24mp_memory,0,no_delay_required,-0.4982,-0.643
24mp_memory,0,no_delay_required,-0.0773,-0.195
24mp_memory,0,no_delay_required,0.2268,0.063
24mp_memory,0,no_delay_required,0.7671,0.559
24mp_memory,0,no_delay_required,1.5058,1.373
24mp_memory,0,no_delay_required,1.1404,0.727
24mp_memory,0,no_delay_required,0.4434,0.106
24mp_memory,0,no_delay_required,0.233,-0.211
24mp_memory,0,no_delay_required,0.018,-0.046
24mp_memory,0,no_delay_required,-0.0892,-0.111
24mp_memory,0,no_delay_required,-0.1815,-0.228
24mp_memory,0,no_delay_required,-0.0838,-0.124
24mp_memory,0,no_delay_required,-0.0234,-0.04
24mp_memory,0,no_delay_required,0.016,-0.02
24mp_memory,0,no_delay_required,1.406,0.474
24mp_memory,0,no_delay_required,1.1841,0.234
24mp_memory,0,no_delay_required,0.3122,-0.423
24mp_memory,0,no_delay_required,-0.3321,-0.18
24mp_memory,0,no_delay_required,-0.3541,-0.219
24mp_memory,0,no_delay_required,-0.1722,0.026
24mp_memory,0,no_delay_required,0.0567,0.008
24mp_memory,0,no_delay_required,-0.237,-0.318
24mp_memory,0,no_delay_required,-0.2417,-0.337
24mp_memory,0,no_delay_required,-0.1955,-0.296
24mp_memory,0,no_delay_required,-0.1667,-0.319
24mp_memory,0,no_delay_required,-0.2051,-0.295
24mp_memory,0,no_delay_required,0.0995,0.059
24mp_memory,0,no_delay_required,0.0799,-0.022
24mp_memory,0,no_delay_required,0.013,-0.096
24mp_memory,0,no_delay_required,-0.2756,-0.417
24mp_memory,0,no_delay_required,-0.5054,-0.752
24mp_memory,0,no_delay_required,0.0101,-0.19
24mp_memory,0,no_delay_required,0.2304,0.076
24mp_memory,0,no_delay_required,0.5025,0.332
24mp_memory,0,no_delay_required,1.1086,1.061
24mp_memory,0,no_delay_required,1.3326,1.009
24mp_memory,0,no_delay_required,1.1692,0.849
24mp_memory,0,no_delay_required,1.0744,0.74
24mp_memory,0,no_delay_required,1.44,0.494
24mp_memory,0,no_delay_required,0.5,-0.29
24mp_memory,0,no_delay_required,-0.2066,0.076
24mp_memory,0,no_delay_required,-0.058,0.207
24mp_memory,0,no_delay_required,0.2187,0.179
24mp_memory,0,no_delay_required,0.2672,0.091
24mp_memory,0,no_delay_required,0.1065,-0.116
24mp_memory,0,no_delay_required,-0.1568,-0.19
24mp_memory,0,no_delay_required,-0.3256,-0.384
24mp_memory,0,no_delay_required,-0.6424,-0.713
24mp_memory,0,no_delay_required,-0.8951,-0.918
24mp_memory,0,no_delay_required,-0.6475,-0.722
24mp_memory,0,no_delay_required,-0.2602,-0.36
24mp_memory,0,no_delay_required,0.1489,0.058
24mp_memory,0,no_delay_required,0.643,0.595
24mp_memory,0,no_delay_required,1.441,1.459
24mp_memory,0,no_delay_required,1.716,1.37
24mp_memory,0,no_delay_required,1.6204,1.252
24mp_memory,0,no_delay_required,1.4436,1.058
24mp_memory,0,no_delay_required,0.7164,-0.005
24mp_memory,0,no_delay_required,0.0784,-0.276
24mp_memory,0,no_delay_required,-0.0442,-0.308
24mp_memory,0,no_delay_required,-0.1171,-0.115
24mp_memory,0,no_delay_required,-0.0022,-0.007
24mp_memory,0,no_delay_required,0.0439,0.034
24mp_memory,0,no_delay_required,0.226,-0.412
24mp_memory,0,no_delay_required,-0.1359,-0.79
24mp_memory,0,no_delay_required,-0.6568,-0.256
24mp_memory,0,no_delay_required,-0.2664,0.087
24mp_memory,0,no_delay_required,-0.2886,0.046
24mp_memory,0,no_delay_required,0.0812,-0.062
24mp_memory,0,no_delay_required,0.0493,0.042
24mp_memory,0,no_delay_required,0.1495,0.132
24mp_memory,0,no_delay_required,0.1718,0.154
24mp_memory,0,no_delay_required,0.1202,0.148
24mp_memory,0,no_delay_required,-0.1227,-0.199
24mp_memory,0,no_delay_required,-0.8644,-0.995
24mp_memory,0,no_delay_required,-2.2885,-2.44
24mp_memory,0,no_delay_required,-0.4065,-0.376
24mp_memory,0,no_delay_required,0.7964,0.326
24mp_memory,0,no_delay_required,0.4179,-0.015
24mp_memory,0,no_delay_required,0.4516,-0.013
24mp_memory,0,no_delay_required,0.3307,-0.138
24mp_memory,0,no_delay_required,0.1599,-0.368
24mp_memory,0,no_delay_required,-0.1053,-0.069
24mp_memory,0,no_delay_required,0.316,-0.171
24mp_memory,0,no_delay_required,-0.2507,-0.069
24mp_memory,0,no_delay_required,-0.3538,-0.182
24mp_memory,0,no_delay_required,-0.3783,-0.293
24mp_memory,0,no_delay_required,-0.3229,-0.293
24mp_memory,0,no_delay_required,-0.4557,-0.441
24mp_memory,0,no_delay_required,-0.3084,-0.274
24mp_memory,0,no_delay_required,-0.2648,-0.178
24mp_memory,0,no_delay_required,-0.2671,-0.194
24mp_memory,0,no_delay_required,-0.1556,-0.094
24mp_memory,0,no_delay_required,-0.2683,-0.218
24mp_memory,0,no_delay_required,-0.2102,-0.275
24mp_memory,0,no_delay_required,-0.3109,-0.394
24mp_memory,0,no_delay_required,-0.3894,-0.485
24mp_memory,0,no_delay_required,-0.4796,-0.577
24mp_memory,0,no_delay_required,-0.6333,-0.736
24mp_memory,0,no_delay_required,0.0376,0.009
24mp_memory,0,no_delay_required,0.5868,0.596
24mp_memory,0,no_delay_required,1.224,1.234
24mp_memory,0,no_delay_required,2.0962,2.094
24mp_memory,0,no_delay_required,2.2104,1.918
24mp_memory,0,no_delay_required,0.573,0.134
24mp_memory,0,no_delay_required,0.1423,-0.167
24mp_memory,0,no_delay_required,0.1994,-0.117
24mp_memory,0,no_delay_required,-0.0965,0.169
24mp_memory,0,no_delay_required,0.2609,0.268
24mp_memory,0,no_delay_required,0.1573,0.101
24mp_memory,0,no_delay_required,0.0614,-0.147
24mp_memory,0,no_delay_required,-0.3005,-0.403
24mp_memory,0,no_delay_required,-0.4164,-0.422
24mp_memory,0,no_delay_required,-0.4716,-0.492
24mp_memory,0,no_delay_required,-0.413,-0.433
24mp_memory,0,no_delay_required,-0.2838,-0.243
24mp_memory,0,no_delay_required,-0.1819,-0.15
24mp_memory,0,no_delay_required,-0.2927,-0.273
24mp_memory,0,no_delay_required,-0.2822,-0.29
24mp_memory,0,no_delay_required,-0.2729,-0.284
24mp_memory,0,no_delay_required,-0.4572,-0.539
24mp_memory,0,no_delay_required,-0.5412,-0.629
24mp_memory,0,no_delay_required,-0.5087,-0.61
24mp_memory,0,no_delay_required,-0.2963,-0.393
24mp_memory,0,no_delay_required,-0.1697,-0.276
24mp_memory,0,no_delay_required,-0.0343,-0.091
24mp_memory,0,no_delay_required,-0.014,-0.084
24mp_memory,0,no_delay_required,0.435,0.644
24mp_memory,0,no_delay_required,0.932,0.211
24mp_memory,0,no_delay_required,0.3668,-0.088
24mp_memory,0,no_delay_required,-0.0348,-0.005
24mp_memory,0,no_delay_required,0.0566,0.331
24mp_memory,0,no_delay_required,0.2406,0.102
24mp_memory,0,no_delay_required,0.1464,0.053
24mp_memory,0,no_delay_required,-0.063,-0.261
24mp_memory,0,no_delay_required,-0.1766,-0.349
24mp_memory,0,no_delay_required,-0.2146,-0.22
24mp_memory,0,no_delay_required,-0.1964,-0.285
24mp_memory,0,no_delay_required,-0.2254,-0.324
24mp_memory,0,no_delay_required,-0.2505,-0.253
24mp_memory,0,no_delay_required,-0.3688,-0.384
24mp_memory,0,no_delay_required,-0.5765,-0.684
24mp_memory,0,no_delay_required,-0.6425,-0.696
24mp_memory,0,no_delay_required,-0.6623,-0.751
24mp_memory,0,no_delay_required,-0.691,-0.759
24mp_memory,0,no_delay_required,-0.5553,-0.653
24mp_memory,0,no_delay_required,-0.5508,-0.657
24mp_memory,0,no_delay_required,-0.3581,-0.415
24mp_memory,0,no_delay_required,-0.2279,-0.299
24mp_memory,0,no_delay_required,0.146,0.121
24mp_memory,0,no_delay_required,0.3098,0.273
24mp_memory,0,no_delay_required,0.214,0.171
24mp_memory,0,no_delay_required,0.1276,0.078
24mp_memory,0,no_delay_required,0.2863,0.175
24mp_memory,0,no_delay_required,0.394,-0.129
24mp_memory,0,no_delay_required,-0.1588,-0.023
24mp_memory,0,no_delay_required,-0.1015,0.021
24mp_memory,0,no_delay_required,0.0567,0.027
24mp_memory,0,no_delay_required,0.0407,-0.036
24mp_memory,0,no_delay_required,0.0461,-0.051
24mp_memory,0,no_delay_required,0.0121,-0.019
24mp_memory,0,no_delay_required,0.0204,0.008
24mp_memory,0,no_delay_required,-0.0015,-0.025
24mp_memory,0,no_delay_required,-0.0489,-0.079
24mp_memory,0,no_delay_required,-0.2134,-0.232
24mp_memory,0,no_delay_required,-0.2992,-0.335
24mp_memory,0,no_delay_required,-0.3505,-0.384
24mp_memory,0,no_delay_required,-0.4985,-0.522
24mp_memory,0,no_delay_required,-0.8864,-0.934
24mp_memory,0,no_delay_required,-1.0949,-1.135
24mp_memory,0,no_delay_required,-1.3322,-1.373
24mp_memory,0,no_delay_required,-1.5654,-1.624
24mp_memory,0,no_delay_required,-1.7457,-1.804
24mp_memory,0,no_delay_required,-1.7684,-1.811
24mp_memory,0,no_delay_required,-1.7376,-1.794
24mp_memory,0,no_delay_required,-1.2789,-1.288
24mp_memory,0,no_delay_required,-1.1915,-1.216
24mp_memory,0,no_delay_required,-0.7551,-0.734
24mp_memory,0,no_delay_required,-0.6105,-0.605
24mp_memory,0,no_delay_required,0.1283,0.183
24mp_memory,0,no_delay_required,0.33,-0.155
24mp_memory,0,no_delay_required,-0.126,0.038
24mp_memory,0,no_delay_required,-0.0388,-0.051
24mp_memory,0,no_delay_required,-0.1105,-0.18
24mp_memory,0,no_delay_required,-0.2245,-0.352
24mp_memory,0,no_delay_required,-0.3342,-0.298
24mp_memory,0,no_delay_required,-0.1699,-0.088
24mp_memory,0,no_delay_required,-0.1365,-0.062
24mp_memory,0,no_delay_required,0.0037,0.05
24mp_memory,0,no_delay_required,0.0731,0.061
24mp_memory,0,no_delay_required,0.0539,0.033
24mp_memory,0,no_delay_required,0.0421,-0.006
24mp_memory,0,no_delay_required,0.02,-0.031
24mp_memory,0,no_delay_required,-0.0231,-0.086
24mp_memory,0,no_delay_required,-0.2234,-0.281
24mp_memory,0,no_delay_required,-0.3893,-0.425
24mp_memory,0,no_delay_required,-0.5546,-0.589
24mp_memory,0,no_delay_required,-0.6949,-0.713
24mp_memory,0,no_delay_required,-0.8923,-0.921
24mp_memory,0,no_delay_required,-0.9158,-0.922
24mp_memory,0,no_delay_required,-0.9478,-0.923
24mp_memory,0,no_delay_required,-1.1497,-1.135
24mp_memory,0,no_delay_required,-1.1263,-1.09
24mp_memory,0,no_delay_required,-1.216,-1.193
24mp_memory,0,no_delay_required,-1.1303,-1.093
24mp_memory,0,no_delay_required,0.239,-0.166
24mp_memory,0,no_delay_required,-0.0933,0.077
24mp_memory,0,no_delay_required,0.0595,0.025
24mp_memory,0,no_delay_required,-0.0533,-0.087
24mp_memory,0,no_delay_required,-0.118,-0.164
24mp_memory,0,no_delay_required,-0.1493,-0.108
24mp_memory,0,no_delay_required,-0.1519,-0.111
24mp_memory,0,no_delay_required,-0.0571,-0.073
24mp_memory,0,no_delay_required,-0.1599,-0.186
24mp_memory,0,no_delay_required,-0.1235,-0.127
24mp_memory,0,no_delay_required,-0.1704,-0.169
24mp_memory,0,no_delay_required,-0.0938,-0.084
24mp_memory,0,no_delay_required,-0.091,-0.09
24mp_memory,0,no_delay_required,-0.0865,-0.115
24mp_memory,0,no_delay_required,-0.0982,-0.121
24mp_memory,0,no_delay_required,-0.1185,-0.151
24mp_memory,0,no_delay_required,-0.1361,-0.178
24mp_memory,0,no_delay_required,-0.3156,-0.362
24mp_memory,0,no_delay_required,-0.795,-0.847
24mp_memory,0,no_delay_required,-1.289,-1.356
24mp_memory,0,no_delay_required,-1.4364,-1.484
24mp_memory,0,no_delay_required,-2.319,-2.4
24mp_memory,0,no_delay_required,-1.921,-1.951
24mp_memory,0,no_delay_required,-1.6826,-1.728
24mp_memory,0,no_delay_required,-0.9225,-0.917
24mp_memory,0,no_delay_required,0.328,-0.18
24mp_memory,0,no_delay_required,0.0611,-0.468
24mp_memory,0,no_delay_required,-0.4478,-0.272
24mp_memory,0,no_delay_required,-0.1893,0.101
24mp_memory,0,no_delay_required,0.0292,0.023
24mp_memory,0,no_delay_required,0.0164,-0.109
24mp_memory,0,no_delay_required,-0.0168,-0.156
24mp_memory,0,no_delay_required,-0.0626,-0.05
24mp_memory,0,no_delay_required,-0.0181,-0.015
24mp_memory,0,no_delay_required,0.0695,0.055
24mp_memory,0,no_delay_required,0.1421,0.131
24mp_memory,0,no_delay_required,0.2409,0.184
24mp_memory,0,no_delay_required,0.279,0.211
24mp_memory,0,no_delay_required,0.2656,0.209
24mp_memory,0,no_delay_required,0.2497,0.171
24mp_memory,0,no_delay_required,0.2333,0.145
24mp_memory,0,no_delay_required,0.0972,-0.011
24mp_memory,0,no_delay_required,-0.1605,-0.284
24mp_memory,0,no_delay_required,-0.4104,-0.536
24mp_memory,0,no_delay_required,-1.0485,-1.181
24mp_memory,0,no_delay_required,-1.4768,-1.607
24mp_memory,0,no_delay_required,-1.3303,-1.374
24mp_memory,0,no_delay_required,0.26,-0.093
24mp_memory,0,no_delay_required,0.2059,-0.156
24mp_memory,0,no_delay_required,-0.0982,0.058
24mp_memory,0,no_delay_required,0.0894,0.118
24mp_memory,0,no_delay_required,0.122,-0.019
24mp_memory,0,no_delay_required,-0.0636,-0.214
24mp_memory,0,no_delay_required,-0.5917,-0.647
24mp_memory,0,no_delay_required,-0.9498,-1.002
24mp_memory,0,no_delay_required,-1.2265,-1.301
24mp_memory,0,no_delay_required,-1.5156,-1.562
24mp_memory,0,no_delay_required,-1.7892,-1.855
24mp_memory,0,no_delay_required,-1.9252,-1.988
24mp_memory,0,no_delay_required,-1.5433,-1.489
24mp_memory,0,no_delay_required,-1.1239,-1.102
24mp_memory,0,no_delay_required,0.4703,0.578
24mp_memory,0,no_delay_required,1.1967,1.22
24mp_memory,0,no_delay_required,1.9702,1.993
24mp_memory,0,no_delay_required,2.6637,2.587
24mp_memory,0,no_delay_required,2.7851,2.214
24mp_memory,0,no_delay_required,2.3879,1.721
24mp_memory,0,no_delay_required,2.0195,1.369
24mp_memory,0,no_delay_required,1.0437,0.433
24mp_memory,0,no_delay_required,0.249,-0.265
24mp_memory,0,no_delay_required,0.0171,-0.508
24mp_memory,0,no_delay_required,-0.4238,-0.172
24mp_memory,0,no_delay_required,-0.1784,0.053
24mp_memory,0,no_delay_required,-0.086,0.131
24mp_memory,0,no_delay_required,0.0893,0.01
24mp_memory,0,no_delay_required,0.0578,0.011
24mp_memory,0,no_delay_required,-0.0586,-0.151
24mp_memory,0,no_delay_required,-0.1028,-0.213
24mp_memory,0,no_delay_required,-0.1674,-0.2
24mp_memory,0,no_delay_required,-0.1331,-0.194
24mp_memory,0,no_delay_required,-0.1806,-0.26
24mp_memory,0,no_delay_required,-0.141,-0.152
24mp_memory,0,no_delay_required,-0.0599,-0.072
24mp_memory,0,no_delay_required,-0.3054,-0.327
24mp_memory,0,no_delay_required,-0.5857,-0.65
24mp_memory,0,no_delay_required,-0.9086,-0.978
24mp_memory,0,no_delay_required,-1.1414,-1.224
24mp_memory,0,no_delay_required,-1.2587,-1.343
24mp_memory,0,no_delay_required,-1.6079,-1.726
24mp_memory,0,no_delay_required,-1.1068,-1.209
24mp_memory,0,no_delay_required,-0.4895,-0.556
24mp_memory,0,no_delay_required,-0.2017,-0.284
24mp_memory,0,no_delay_required,0.4316,0.374
24mp_memory,0,no_delay_required,0.227,-0.262
24mp_memory,0,no_delay_required,-0.1564,0.116
24mp_memory,0,no_delay_required,-0.0203,0.237
24mp_memory,0,no_delay_required,0.0272,0.033
24mp_memory,0,no_delay_required,-0.0317,-0.182
24mp_memory,0,no_delay_required,-0.1282,-0.118
24mp_memory,0,no_delay_required,-0.1393,-0.109
24mp_memory,0,no_delay_required,-0.2571,-0.235
24mp_memory,0,no_delay_required,-0.3396,-0.343
24mp_memory,0,no_delay_required,-0.3536,-0.353
24mp_memory,0,no_delay_required,-0.2873,-0.282
24mp_memory,0,no_delay_required,-0.3487,-0.351
24mp_memory,0,no_delay_required,-0.3603,-0.351
24mp_memory,0,no_delay_required,-0.3116,-0.319
24mp_memory,0,no_delay_required,-0.3218,-0.338
24mp_memory,0,no_delay_required,-0.4095,-0.428
24mp_memory,0,no_delay_required,-0.4529,-0.49
24mp_memory,0,no_delay_required,-0.2508,-0.269
24mp_memory,0,no_delay_required,-0.1904,-0.233
24mp_memory,0,no_delay_required,-0.1021,-0.133
24mp_memory,0,no_delay_required,-0.0859,-0.126
24mp_memory,0,no_delay_required,0.1905,0.166
24mp_memory,0,no_delay_required,0.3426,0.297
24mp_memory,0,no_delay_required,0.553,0.526
24mp_memory,0,no_delay_required,0.6757,0.584
24mp_memory,0,no_delay_required,0.7666,0.685
24mp_memory,0,no_delay_required,0.6887,0.592
24mp_memory,0,no_delay_required,0.374,-0.162
24mp_memory,0,no_delay_required,-0.2266,-0.054
24mp_memory,0,no_delay_required,-0.0876,0.049
24mp_memory,0,no_delay_required,0.0093,0.133
24mp_memory,0,no_delay_required,0.1937,0.062
24mp_memory,0,no_delay_required,0.0209,-0.099
24mp_memory,0,no_delay_required,-0.0884,-0.093
24mp_memory,0,no_delay_required,-0.3121,-0.33
24mp_memory,0,no_delay_required,-0.369,-0.379
24mp_memory,0,no_delay_required,-0.4002,-0.401
24mp_memory,0,no_delay_required,-0.428,-0.442
24mp_memory,0,no_delay_required,-0.2411,-0.228
24mp_memory,0,no_delay_required,-0.1309,-0.092
24mp_memory,0,no_delay_required,-0.0726,-0.046
24mp_memory,0,no_delay_required,-0.0546,-0.062
24mp_memory,0,no_delay_required,0.0975,0.074
24mp_memory,0,no_delay_required,0.0943,0.033
24mp_memory,0,no_delay_required,0.0688,0.0
24mp_memory,0,no_delay_required,0.1079,0.007
24mp_memory,0,no_delay_required,-0.0616,-0.157
24mp_memory,0,no_delay_required,-0.0116,-0.075
24mp_memory,0,no_delay_required,-0.0799,-0.143
24mp_memory,0,no_delay_required,-0.138,-0.214
24mp_memory,0,no_delay_required,-0.0322,-0.104
24mp_memory,0,no_delay_required,-0.0799,-0.155
24mp_memory,0,no_delay_required,-0.2963,-0.423
24mp_memory,0,no_delay_required,0.352,-0.004
24mp_memory,0,no_delay_required,-0.1431,0.027
24mp_memory,0,no_delay_required,-0.0423,-0.054
24mp_memory,0,no_delay_required,-0.0389,-0.02
24mp_memory,0,no_delay_required,-0.0522,-0.047
24mp_memory,0,no_delay_required,-0.1431,-0.133
24mp_memory,0,no_delay_required,-0.1932,-0.192
24mp_memory,0,no_delay_required,-0.0701,-0.023
24mp_memory,0,no_delay_required,0.0058,0.051
24mp_memory,0,no_delay_required,0.0247,0.058
24mp_memory,0,no_delay_required,0.0566,0.033
24mp_memory,0,no_delay_required,0.0695,0.032
24mp_memory,0,no_delay_required,0.0796,0.034
24mp_memory,0,no_delay_required,0.0857,0.041
24mp_memory,0,no_delay_required,0.1246,0.089
24mp_memory,0,no_delay_required,0.1341,0.093
24mp_memory,0,no_delay_required,0.2054,0.156
24mp_memory,0,no_delay_required,0.2266,0.169
24mp_memory,0,no_delay_required,0.2292,0.187
24mp_memory,0,no_delay_required,0.2632,0.202
24mp_memory,0,no_delay_required,0.2864,0.208
24mp_memory,0,no_delay_required,0.3026,0.228
24mp_memory,0,no_delay_required,0.2979,0.213
24mp_memory,0,no_delay_required,0.3039,0.206
24mp_memory,0,no_delay_required,0.261,0.156
24mp_memory,0,no_delay_required,0.0733,-0.031
24mp_memory,0,no_delay_required,0.307,-0.141
24mp_memory,0,no_delay_required,-0.0795,0.056
24mp_memory,0,no_delay_required,0.0354,0.011
24mp_memory,0,no_delay_required,-0.0296,-0.03
24mp_memory,0,no_delay_required,-0.0226,-0.039
24mp_memory,0,no_delay_required,-0.027,-0.04
24mp_memory,0,no_delay_required,0.0291,0.02
24mp_memory,0,no_delay_required,0.0572,0.041
24mp_memory,0,no_delay_required,0.0723,0.04
24mp_memory,0,no_delay_required,-0.1157,-0.17
24mp_memory,0,no_delay_required,-0.1623,-0.199
24mp_memory,0,no_delay_required,-0.3468,-0.408
24mp_memory,0,no_delay_required,-0.3954,-0.436
24mp_memory,0,no_delay_required,-0.3619,-0.37
24mp_memory,0,no_delay_required,-0.4801,-0.509
24mp_memory,0,no_delay_required,-0.5452,-0.588
24mp_memory,0,no_delay_required,-0.4928,-0.523
24mp_memory,0,no_delay_required,-0.5904,-0.635
24mp_memory,0,no_delay_required,-0.6375,-0.713
24mp_memory,0,no_delay_required,-0.5042,-0.575
24mp_memory,0,no_delay_required,-0.2474,-0.267
24mp_memory,0,no_delay_required,-0.1199,-0.15
24mp_memory,0,no_delay_required,0.0817,0.072
24mp_memory,0,no_delay_required,0.3735,0.359
24mp_memory,0,no_delay_required,0.3973,0.367
24mp_memory,0,no_delay_required,0.6221,0.616
24mp_memory,0,no_delay_required,0.7375,0.727
24mp_memory,0,no_delay_required,0.257,-0.24
24mp_memory,0,no_delay_required,-0.2887,-0.043
24mp_memory,0,no_delay_required,-0.0568,-0.014
24mp_memory,0,no_delay_required,-0.0021,-0.018
24mp_memory,0,no_delay_required,0.0706,0.1
24mp_memory,0,no_delay_required,0.0788,0.038
24mp_memory,0,no_delay_required,-0.1749,-0.18
24mp_memory,0,no_delay_required,-0.1283,-0.146
24mp_memory,0,no_delay_required,0.0613,0.072
24mp_memory,0,no_delay_required,0.02,-0.002
24mp_memory,0,no_delay_required,0.0404,-0.024
24mp_memory,0,no_delay_required,0.0332,0.011
24mp_memory,0,no_delay_required,-0.0058,-0.024
24mp_memory,0,no_delay_required,0.033,0.002
24mp_memory,0,no_delay_required,0.0668,0.043
24mp_memory,0,no_delay_required,0.0492,0.029
24mp_memory,0,no_delay_required,-0.225,-0.266
24mp_memory,0,no_delay_required,-0.4327,-0.492
24mp_memory,0,no_delay_required,-0.7945,-0.837
24mp_memory,0,no_delay_required,-0.8217,-0.867
24mp_memory,0,no_delay_required,-1.0727,-1.125
24mp_memory,0,no_delay_required,-0.9909,-1.01
24mp_memory,0,no_delay_required,-0.9596,-0.994
24mp_memory,0,no_delay_required,-0.532,-0.486
24mp_memory,0,no_delay_required,-0.4694,-0.437
24mp_memory,0,no_delay_required,-0.2963,-0.276
24mp_memory,0,no_delay_required,-0.2874,-0.259
24mp_memory,0,covered,0.0611,0.053
24mp_memory,0,covered,-0.3014,0.189
24mp_memory,0,covered,-0.2561,-0.385
24mp_memory,0,covered,1.0841,0.808
24mp_memory,0,covered,0.083,-0.071
24mp_memory,0,covered,-0.5587,-0.736
24mp_memory,0,covered,0.2479,0.124
24mp_memory,0,covered,0.084,-0.024
24mp_memory,0,covered,-2.113,-0.123
24mp_memory,0,covered,-0.004,0.867
24mp_memory,0,covered,0.3827,-0.374
24mp_memory,0,covered,-0.537,-0.323
24mp_memory,0,covered,-0.9047,-1.018
24mp_memory,0,covered,-0.6198,-0.523
24mp_memory,0,covered,-0.1603,-0.032
24mp_memory,0,covered,0.2924,0.297
24mp_memory,0,covered,0.0959,-0.065
24mp_memory,0,covered,0.2212,0.147
24mp_memory,0,covered,0.083,0.0
24mp_memory,0,covered,-0.0701,-0.205
24mp_memory,0,covered,-0.2179,-0.323
24mp_memory,0,covered,-0.1478,-0.213
24mp_memory,0,covered,-0.2176,-0.243
24mp_memory,0,covered,-0.1222,-0.166
24mp_memory,0,covered,-0.3552,-0.443
24mp_memory,0,covered,-0.2851,-0.345
24mp_memory,0,covered,-0.2856,-0.379
24mp_memory,0,covered,-0.017,-0.048
24mp_memory,0,covered,-0.8919,-0.44
24mp_memory,0,covered,-0.2196,0.172
24mp_memory,0,covered,0.7522,0.699
24mp_memory,0,covered,-0.2219,-0.128
24mp_memory,0,covered,-0.355,0.936
24mp_memory,0,covered,0.8725,0.412
24mp_memory,0,covered,0.3589,-0.12
24mp_memory,0,covered,-0.0407,-0.208
24mp_memory,0,covered,0.0457,-0.002
24mp_memory,0,covered,0.0414,0.013
24mp_memory,0,covered,-0.1279,-0.169
24mp_memory,0,covered,-0.22,-0.325
24mp_memory,0,covered,-0.0509,-0.094
24mp_memory,0,covered,0.3319,0.288
24mp_memory,0,covered,-1.054,0.093
24mp_memory,0,covered,0.3131,0.27
24mp_memory,0,covered,0.3302,0.157
24mp_memory,0,covered,-0.0962,-0.261
24mp_memory,0,covered,-0.5821,-0.724
24mp_memory,0,covered,-0.3519,-0.491
24mp_memory,0,covered,0.5208,0.389
24mp_memory,0,covered,0.7302,0.541
24mp_memory,0,covered,-0.0662,-0.377
24mp_memory,0,covered,-1.426,-0.326
24mp_memory,0,covered,0.2439,1.797
24mp_memory,0,covered,1.1183,0.64
24mp_memory,0,covered,0.2638,0.222
24mp_memory,0,covered,0.1113,0.027
24mp_memory,0,covered,-0.0167,-0.115
24mp_memory,0,covered,0.0489,-0.087
24mp_memory,0,covered,0.1529,0.094
24mp_memory,0,covered,-0.0079,-0.151
24mp_memory,0,covered,-0.2704,-0.494
24mp_memory,0,covered,-0.2501,-0.325
24mp_memory,0,covered,0.334,-0.121
24mp_memory,0,covered,-0.0939,0.161
24mp_memory,0,covered,0.4234,0.282
24mp_memory,0,covered,0.429,0.38
24mp_memory,0,covered,0.3568,0.238
24mp_memory,0,covered,0.0215,-0.227
24mp_memory,0,covered,-0.8152,-0.774
24mp_memory,0,covered,-0.0595,-0.007
24mp_memory,0,covered,-0.2769,-0.238
24mp_memory,0,covered,0.2583,0.241
24mp_memory,0,covered,0.2333,0.308
24mp_memory,0,covered,0.11,0.058
24mp_memory,0,covered,-0.2102,-0.443
24mp_memory,0,covered,-1.0557,-1.065
24mp_memory,0,covered,0.6149,0.727
24mp_memory,0,covered,-0.4393,-0.468
24mp_memory,0,covered,-0.3225,-0.403
24mp_memory,0,covered,-0.1818,-0.068
24mp_memory,0,flexible,-0.526,-0.625
24mp_memory,0,flexible,-0.5973,-0.793
24mp_memory,0,flexible,-0.849,-0.748
24mp_memory,0,flexible,-0.4444,-1.033
24mp_memory,0,flexible,-3.919,-1.814
24mp_memory,0,flexible,-3.186,-1.11
24mp_memory,0,flexible,0.184,0.007
24mp_memory,0,flexible,-0.1476,-0.308
24mp_memory,0,flexible,-0.6744,-0.819
24mp_memory,0,flexible,-3.274,-1.488
24mp_memory,0,flexible,-0.2349,-0.362
24mp_memory,0,flexible,-0.2333,-0.284
24mp_memory,0,flexible,-0.5516,-0.664
24mp_memory,0,flexible,-0.3048,-0.49
24mp_memory,0,flexible,-1.0737,-0.98
24mp_memory,0,flexible,-0.9806,-0.743
24mp_memory,0,flexible,0.4065,-0.076
24mp_memory,0,flexible,-0.2636,-0.298
24mp_memory,0,flexible,0.4791,-0.473
24mp_memory,0,flexible,-0.8841,-0.919
24mp_memory,0,flexible,-1.3856,-1.544
24mp_memory,0,flexible,-2.1421,-2.319
24mp_memory,0,flexible,-0.8045,-0.928
24mp_memory,0,flexible,-0.93,-1.011
24mp_memory,0,flexible,-1.0366,-1.101
24mp_memory,0,flexible,-0.8853,-0.979
24mp_memory,0,flexible,-0.6121,-0.676
24mp_memory,0,flexible,-0.1075,-0.119
24mp_memory,0,flexible,-0.3342,-0.383
24mp_memory,0,flexible,-1.0481,-1.002
24mp_memory,0,flexible,-1.1491,-1.12
24mp_memory,0,flexible,-1.782,-1.826
24mp_memory,0,flexible,-2.0853,-2.153
24mp_memory,0,flexible,-1.7428,-1.889
24mp_memory,0,flexible,-2.0191,-2.128
24mp_memory,0,flexible,-1.9853,-2.115
24mp_memory,0,flexible,-1.6357,-1.694
24mp_memory,0,flexible,-1.6033,-1.626
24mp_memory,0,flexible,-1.7585,-1.722
24mp_memory,0,flexible,-2.0512,-2.059
24mp_memory,0,flexible,-1.4176,-1.523
24mp_memory,0,flexible,-1.549,-1.688
24mp_memory,0,flexible,-0.1974,-0.303
24mp_memory,0,below_floor,-0.6378,-0.613
24mp_memory,0,below_floor,0.0128,-0.51
24mp_memory,0,below_floor,-0.8902,-1.362
24mp_memory,0,below_floor,-0.7904,-1.122
24mp_memory,0,below_floor,-1.2165,-1.132
24mp_memory,0,below_floor,-1.5028,-1.483
24mp_memory,0,below_floor,-1.573,-1.627
24mp_memory,0,below_floor,-0.7098,-0.834
24mp_memory,0,below_floor,-0.1954,-0.217
24mp_memory,0,below_floor,-2.0477,-2.225
24mp_memory,0,below_floor,-1.7295,-1.821
24mp_memory,0,below_floor,-1.6483,-1.757
24mp_memory,0,below_floor,-1.9958,-2.137
24mp_memory,0,below_floor,-1.3386,-1.422
